transaction_id,timestamp,recipient_name,recipient_upi,amount,amount_deviation,new_beneficiary,txn_count_last_10min,receiver_unique_senders_24h,receiver_txn_velocity,previous_fraud_reports,device_changed_recently,failed_auth_attempts,unusual_transaction_hour,destination_account_age_days,is_fraud,fraud_pattern,receiver_outflow_ratio
3337367d-5583-42d4-a1c7-055db3fb4e66,2026-09-11T19:38:01.773735,QuickCash,quickcash@demo,977.17,1.8499,0,2,6,0.5337,0,0,0,0,2334,0,genuine,
d21b39c7-ddb6-4455-aa25-a21900935f6b,2026-09-09T22:12:01.779473,RewardDesk,rewarddesk@demo,3376.18,1.537,0,0,1,0.3973,0,0,0,0,1991,0,genuine,
16d61f7a-212b-4126-9aa7-26e47d41d746,2026-09-11T10:36:01.615552,Neha,neha@demo,2443.6,1.9899,0,3,8,0.3637,0,0,1,1,550,0,genuine,
fce203b6-0168-4555-891e-13b0e36dcdb8,2026-09-11T20:54:01.659988,QuickCash,quickcash@demo,977.11,0.3335,0,0,18,0.2516,0,0,1,0,2463,0,genuine,
613062b8-2fe7-438d-a65a-6e7851e0874d,2026-09-10T13:58:01.620089,QuickCash,quickcash@demo,626.44,1.2855,0,0,17,0.317,0,0,0,0,2166,0,genuine,
41c75739-a51c-477f-9c37-40c816319732,2026-09-11T20:44:01.767967,RewardDesk,rewarddesk@demo,2468.55,0.6733,0,1,18,0.3427,0,1,0,0,2499,0,genuine,
96bdabb4-889d-4923-ac9d-74bf7e61ce19,2026-09-12T00:19:01.707878,RewardDesk,rewarddesk@demo,1899.45,0.5512,0,1,7,0.2674,0,0,0,0,442,0,genuine,
87fe6e65-99c1-4a43-bad6-6e6bc95b37d4,2026-09-11T19:29:01.597339,RewardDesk,rewarddesk@demo,2071.96,1.9384,0,0,2,0.5116,0,0,0,0,2479,0,genuine,
b43c4dc9-56e9-460d-bdcb-ecc7ea2c7ae9,2026-09-09T15:33:01.722076,RewardDesk,rewarddesk@demo,961.26,0.9372,0,0,21,0.2594,0,0,0,1,156,0,genuine,
be9e1716-f133-401d-9cc0-bfd890d0c708,2026-09-10T05:21:01.584248,RewardDesk,rewarddesk@demo,2416.96,1.3774,0,2,19,0.2334,1,0,0,0,1418,0,genuine,
d3d8cf8c-1238-4316-adc8-57f71e34bc4b,2026-09-12T08:10:01.609098,Neha,neha@demo,1929.62,1.8499,1,0,20,0.1302,0,1,0,0,1399,0,genuine,
7adbb469-dd86-4873-826a-1c8e16f833f8,2026-09-11T06:47:01.759354,QuickCash,quickcash@demo,434.36,0.8407,1,1,3,0.312,0,0,1,0,373,0,genuine,
bdaea7b6-d996-4d64-8606-33157ef5c990,2026-09-10T10:34:01.529266,Rahul,rahul@demo,399.0,0.4575,0,0,20,0.5068,0,0,0,0,791,0,genuine,
f9d9c9fa-c90c-4dfa-995a-2620beb112c7,2026-09-09T19:38:01.684167,Neha,neha@demo,1248.29,1.5312,0,2,3,0.1374,0,0,0,0,642,0,genuine,
6dc3a003-c857-4872-81ba-398698809f80,2026-09-09T17:08:01.655269,RewardDesk,rewarddesk@demo,815.9,0.6729,0,1,24,0.2069,0,0,0,0,1703,1,new_mule_fraud,0.8832
08892139-4b8e-441d-b4b7-ab306d7eb921,2026-09-10T00:33:01.731033,RewardDesk,rewarddesk@demo,2613.05,0.4329,1,0,9,0.1589,0,0,1,0,2489,0,genuine,
3a08b1a7-984d-4d4c-9590-efc9e7d25ef4,2026-09-09T17:26:01.672411,Rahul,rahul@demo,633.0,1.3656,0,3,20,0.1264,1,0,0,0,972,0,genuine,
e467eab5-8b31-438e-b73f-923b505a6c4e,2026-09-11T08:52:01.582076,Neha,neha@demo,1892.07,1.2368,0,1,11,0.5387,0,0,0,0,551,0,genuine,
b734bdf7-2782-4053-b51d-4f494e9394b7,2026-09-11T18:14:01.728209,Neha,neha@demo,4499.07,0.8279,1,1,17,0.2934,0,0,1,0,826,0,genuine,
41f77218-87da-4db4-9122-3eb1546a7014,2026-09-10T18:12:01.676807,Rahul,rahul@demo,493.08,0.3496,0,0,3,0.3411,0,0,0,0,905,0,genuine,
cfd25038-0bc5-4e03-abc4-debd6b4d5667,2026-09-11T18:34:01.647539,Neha,neha@demo,320.9,0.2592,0,1,4,0.3025,0,0,1,0,2494,0,genuine,
4ab08d68-209b-401d-b4a5-071ad8bb59f0,2026-09-11T04:53:01.739927,RewardDesk,rewarddesk@demo,2695.27,0.4295,0,3,1,0.1281,0,0,0,0,1737,0,genuine,
fdb8a569-dbf8-4057-815a-37dec792870c,2026-09-10T10:41:01.615805,RewardDesk,rewarddesk@demo,1396.08,1.3449,0,1,18,0.4958,0,0,0,0,2430,0,genuine,
ba35d122-4cd7-403d-aba3-7fd963612a20,2026-09-10T10:14:01.596775,RewardDesk,rewarddesk@demo,1133.49,0.8042,1,1,19,0.3491,0,0,0,0,1617,1,new_mule_fraud,0.911
82abd974-2687-4e32-9f80-dfa3ec68cae2,2026-09-10T03:49:01.729676,Neha,neha@demo,1056.22,1.9223,0,2,3,0.496,0,0,0,0,223,0,genuine,
4473cd13-706f-43f5-8ec1-baa05ecb545b,2026-09-10T06:36:01.571327,Neha,neha@demo,626.86,0.6953,0,0,5,0.2886,0,0,0,0,1728,0,genuine,
f71cf84b-445c-4819-b925-6f697c5270e9,2026-09-12T02:25:01.527316,Neha,neha@demo,2203.3,2.1677,1,0,19,0.325,0,0,0,0,1033,0,genuine,
e8d0411b-e182-45ab-86eb-919ffe33842b,2026-09-11T15:01:01.613913,Neha,neha@demo,1654.42,1.5822,1,3,18,0.524,0,1,0,0,372,0,genuine,
d866aa5c-436b-4e3c-abbe-ba217dd0c286,2026-09-10T01:24:01.665570,Rahul,rahul@demo,3144.62,1.1089,1,0,2,0.2756,0,0,0,1,886,0,genuine,
b209a6a5-0159-4aeb-bea7-090def326d26,2026-09-11T12:17:01.619082,Neha,neha@demo,995.61,0.5214,0,1,4,0.2544,0,0,1,0,625,0,genuine,
657fd7a1-3f91-4071-b00f-896411e86f02,2026-09-11T23:43:01.611890,RewardDesk,rewarddesk@demo,1080.77,2.0426,0,1,21,0.2187,0,0,0,0,732,0,genuine,
56e82f2a-f252-4ee3-b7fb-6d773143903b,2026-09-09T14:53:01.699937,RewardDesk,rewarddesk@demo,402.98,1.4971,1,1,12,0.1935,0,1,0,0,1705,0,genuine,
5a5bb7bb-df79-4095-9b20-816a98a32b5a,2026-09-10T08:08:01.530612,QuickCash,quickcash@demo,1466.85,0.6214,0,2,22,0.3959,0,0,1,1,727,0,genuine,
28efc449-febd-41b8-afd0-c3e4f06e1acd,2026-09-12T12:26:01.693231,Neha,neha@demo,4763.01,1.532,0,0,7,0.355,1,0,0,1,586,0,genuine,
e5fec653-7f78-4154-920f-bbf81304e3d3,2026-09-10T05:43:01.530278,Neha,neha@demo,43957.63,5.1457,1,3,60,0.9413,4,0,1,0,12,1,old_fraud,
e1734a05-a4d2-4149-bdbf-dd160c617a33,2026-09-09T23:18:01.686609,Neha,neha@demo,3385.03,0.2101,0,1,9,0.3982,0,0,0,1,1065,0,genuine,
1de99ce4-1ad7-4ed1-910a-252eb69851c0,2026-09-11T15:50:01.766498,Rahul,rahul@demo,2318.47,0.6081,0,1,23,0.1649,0,0,0,1,1518,0,genuine,
2c813154-1c30-45ce-9325-3ceacb5b8d9a,2026-09-11T19:01:01.672971,Rahul,rahul@demo,7204.74,1.3515,0,2,7,0.3167,0,0,0,0,314,0,genuine,
4087cce3-c621-4877-8ac0-e4b05e83345b,2026-09-09T16:00:01.639008,Rahul,rahul@demo,2149.97,1.2404,0,1,20,0.3493,0,0,0,0,1390,0,genuine,
0fa03b76-2794-4c4c-963e-560f074f540c,2026-09-09T13:22:01.690733,Neha,neha@demo,711.2,1.0115,0,0,24,0.0837,0,0,0,0,1234,0,genuine,
7b94ae87-bea4-43be-a7fe-188e4c57a3a1,2026-09-11T07:50:01.710195,QuickCash,quickcash@demo,506.4,0.6013,0,1,6,0.3957,0,0,0,0,1065,0,genuine,
adb18789-f9cd-4f7b-831d-de406245a2f5,2026-09-10T21:19:01.608749,Neha,neha@demo,282.41,0.6301,0,2,8,0.2885,0,0,0,1,1376,0,genuine,
271bca1c-f637-4806-8b08-3c3706693d4d,2026-09-11T05:07:01.541509,Neha,neha@demo,939.71,1.4266,0,1,24,0.4484,0,0,0,0,2327,0,genuine,
177729bf-7202-402d-a156-2886a2c2d0eb,2026-09-11T08:35:01.668432,Rahul,rahul@demo,1394.14,0.762,0,0,19,0.247,1,0,1,0,2279,0,genuine,
664a1bbc-f6f7-4d52-8bb7-b88802fc2486,2026-09-10T19:10:01.688808,Rahul,rahul@demo,1654.34,1.1462,0,1,2,0.2478,1,0,0,0,1639,0,genuine,
59118087-2f70-4c51-bdd2-8ac5509c8aab,2026-09-12T12:02:01.782034,Rahul,rahul@demo,3133.9,2.0545,0,3,13,0.2699,0,0,0,0,2152,0,genuine,
3eaa2819-596c-4768-b191-d53ef831a54a,2026-09-12T08:38:01.590450,Rahul,rahul@demo,559.66,0.2504,1,1,2,0.1079,0,0,0,0,797,0,genuine,
b851eccd-d350-4d80-9199-f904a762c484,2026-09-11T20:16:01.735251,Rahul,rahul@demo,694.29,0.5023,0,0,4,0.2683,0,0,0,0,2380,0,genuine,
7193bf07-76ce-4aab-ae55-d0db828a3f45,2026-09-10T02:09:01.761714,RewardDesk,rewarddesk@demo,1447.56,0.6001,0,0,5,0.3153,0,0,0,0,993,1,new_mule_fraud,0.9045
7c029500-539e-48e4-a4d1-bbc7af70c212,2026-09-11T03:35:01.542220,Rahul,rahul@demo,1232.25,0.6189,1,3,5,0.4411,0,0,0,0,664,0,genuine,
ce454bc7-416e-4715-9bce-e82e8db177cc,2026-09-10T09:58:01.741342,Neha,neha@demo,1366.42,0.7432,0,0,15,0.1994,0,0,0,0,259,0,genuine,
52075588-f67a-494c-9c98-e129f3e3bca4,2026-09-10T17:27:01.749388,Rahul,rahul@demo,1228.35,1.8633,0,3,15,0.1399,0,0,0,0,755,0,genuine,
06af1912-c88c-400a-9ff4-34e87e21ed34,2026-09-10T01:12:01.528056,Rahul,rahul@demo,309.69,1.9151,0,1,5,0.2558,0,0,0,0,1861,0,genuine,
58cef877-4bcb-49ab-ad0d-bde20f8afa2d,2026-09-11T14:34:01.720239,QuickCash,quickcash@demo,1517.85,0.8742,0,1,4,0.4353,1,0,0,0,1284,0,genuine,
dd33b065-c0cd-4969-8e2c-3bd455f42b10,2026-09-10T00:50:01.755969,Rahul,rahul@demo,252.0,1.6134,0,2,10,0.1339,0,0,0,0,1616,0,genuine,
bda242d3-65ae-4339-89bd-e2f476bebd0a,2026-09-11T02:42:01.654780,Neha,neha@demo,1342.07,1.5436,1,2,3,0.4837,0,1,0,0,2468,0,genuine,
ea0fb155-8e73-408f-9d0a-21c2e62f1969,2026-09-09T16:06:01.674737,QuickCash,quickcash@demo,740.48,1.7012,0,0,15,0.2592,0,0,0,0,204,0,genuine,
da11f533-2ca5-4084-81c9-982f2fb27cf1,2026-09-10T12:02:01.779369,Rahul,rahul@demo,1487.4,0.2855,0,1,9,0.3595,0,0,0,0,498,0,genuine,
876ff49e-17f1-4bc8-8138-74f1d03af21c,2026-09-11T15:45:01.564871,QuickCash,quickcash@demo,1438.9,1.9542,0,2,8,0.4282,0,0,1,0,659,0,genuine,
c3e332ad-dd41-4324-b815-6de14014c9fe,2026-09-11T08:55:01.644063,Neha,neha@demo,2498.9,2.1618,0,2,6,0.2743,0,0,0,0,468,0,genuine,
dcb2c73c-276b-43c4-bb4e-27f7d80de9cd,2026-09-10T05:28:01.687033,Rahul,rahul@demo,2236.44,1.7399,0,1,21,0.1152,0,0,1,0,1215,0,genuine,
23a389db-2d31-4eb5-b292-bcc75cb37c51,2026-09-11T06:32:01.761522,Rahul,rahul@demo,1062.75,2.071,0,0,6,0.542,0,0,0,0,1239,0,genuine,
7c171706-d6c7-4694-95a8-18f7b12ec3f6,2026-09-10T07:34:01.611193,Rahul,rahul@demo,2996.41,1.2079,0,0,17,0.3427,0,0,0,0,1671,1,new_mule_fraud,0.874
45844f8f-150e-4958-ad37-8c6bee0ba617,2026-09-11T16:50:01.633451,RewardDesk,rewarddesk@demo,218.99,1.2057,1,1,21,0.5061,0,0,0,0,1790,0,genuine,
392df3c8-54e6-45fd-81ee-ec50d856c90d,2026-09-10T03:54:01.766184,Neha,neha@demo,643.88,0.4769,0,0,14,0.1847,0,0,0,0,235,0,genuine,
ad865ae6-8117-43f7-aa57-6389a2b27e08,2026-09-11T06:37:01.770874,RewardDesk,rewarddesk@demo,2332.6,0.6387,0,1,9,0.286,0,0,0,0,791,1,new_mule_fraud,0.8902
29b0d3fb-9c4c-431d-a926-c5376ce57e36,2026-09-09T16:38:01.608441,RewardDesk,rewarddesk@demo,2386.13,0.4097,0,3,3,0.3722,0,0,0,0,1995,0,genuine,
8a99e782-7f8c-412b-b964-c99f04b081ae,2026-09-10T11:11:01.759563,Rahul,rahul@demo,884.65,0.8715,0,0,5,0.3619,0,0,0,0,2076,0,genuine,
f4e81b24-c68f-470c-9510-af84f9597973,2026-09-12T08:52:01.614468,Neha,neha@demo,2518.84,0.5345,0,2,15,0.0762,0,0,0,0,2293,0,genuine,
0776fd50-5d07-401d-8c67-8319e92f5549,2026-09-11T13:04:01.608510,Rahul,rahul@demo,1438.78,1.3253,0,1,16,0.3342,0,0,0,0,1262,0,genuine,
780194c1-4a7b-4893-8977-1bbcef88c50d,2026-09-09T19:08:01.700266,Neha,neha@demo,951.76,0.8068,0,2,1,0.3494,0,0,0,0,837,0,genuine,
ea244e65-b4cc-4008-847d-93eb19fed02a,2026-09-11T08:43:01.733966,Rahul,rahul@demo,3441.44,0.2139,0,0,1,0.153,0,0,1,0,880,0,genuine,
a2825799-1789-4598-b793-9a38767d296c,2026-09-12T00:00:01.698926,RewardDesk,rewarddesk@demo,776.03,1.1687,1,3,12,0.2662,1,0,1,0,2057,0,genuine,
bc9c2034-f0cb-4cb6-9624-b4b3a0d2dd75,2026-09-09T19:41:01.581212,RewardDesk,rewarddesk@demo,242.04,1.8326,1,4,9,0.2356,0,0,0,0,798,0,genuine,
54d9c82e-c029-4096-aafb-4e48347cd35e,2026-09-10T14:41:01.771044,RewardDesk,rewarddesk@demo,1268.34,0.8224,0,0,13,0.264,0,0,0,0,477,1,new_mule_fraud,0.8785
2cd3ec47-b284-470e-9349-930d4884ac84,2026-09-10T15:15:01.604144,RewardDesk,rewarddesk@demo,1904.16,1.3612,1,1,8,0.3388,0,0,0,0,1595,0,genuine,
c953e71e-7d0a-4aa7-bd03-acabac2fd338,2026-09-11T04:44:01.605548,Neha,neha@demo,335.91,1.5774,0,0,12,0.4505,0,0,0,0,2209,0,genuine,
db0226b8-e73b-437f-a071-632405faefdf,2026-09-10T08:40:01.580236,Rahul,rahul@demo,38686.57,4.8455,0,5,44,0.9202,1,1,3,1,160,1,old_fraud,
fc392e62-a55b-4b25-b9a4-ef26ce6ad0d3,2026-09-10T10:04:01.731147,RewardDesk,rewarddesk@demo,1845.42,2.1897,0,0,13,0.1518,0,0,0,0,2350,0,genuine,
32ff26c7-f12a-464e-bf03-05adbb74b57d,2026-09-12T02:48:01.681323,RewardDesk,rewarddesk@demo,1258.42,1.598,1,1,7,0.1536,0,0,0,0,339,0,genuine,
7bd65256-ad04-4f4e-aef8-462488025034,2026-09-12T07:27:01.665910,Rahul,rahul@demo,3134.17,0.4567,0,3,17,0.0747,0,0,0,1,1925,0,genuine,
235d7be1-7601-46e1-a004-15c681cc6128,2026-09-10T02:18:01.689431,Rahul,rahul@demo,1162.33,0.6885,0,2,15,0.0713,0,0,0,0,286,0,genuine,
05fc1095-74b7-4a13-a088-6c2d9c5a50a5,2026-09-12T05:24:01.633081,RewardDesk,rewarddesk@demo,2746.78,1.3738,0,2,13,0.0575,0,0,1,0,281,0,genuine,
635901ec-82c5-4fc7-8cec-263d6e0ab7e0,2026-09-10T22:22:01.620376,Rahul,rahul@demo,536.46,0.3641,0,0,24,0.5086,0,0,0,1,1614,0,genuine,
6ad7fa21-ab31-4777-843e-50cc9f040adb,2026-09-10T10:04:01.682528,Neha,neha@demo,1825.11,0.9831,0,2,14,0.2676,0,0,1,0,1915,0,genuine,
e4db9ffb-a29a-4633-91dd-eb2b35327cea,2026-09-11T16:22:01.755140,Rahul,rahul@demo,2143.38,0.9484,0,1,12,0.3753,0,0,0,0,867,0,genuine,
0ab444c1-1716-416f-91fc-eaad90250031,2026-09-11T13:11:01.658387,QuickCash,quickcash@demo,2400.71,1.0265,1,1,11,0.204,0,0,0,0,1375,0,genuine,
f277f026-bf59-4055-b3ef-4fb190c40f31,2026-09-11T03:57:01.745609,RewardDesk,rewarddesk@demo,1520.85,1.0638,1,0,20,0.4973,0,0,0,0,552,1,new_mule_fraud,0.9285
65079028-633a-4db3-a090-e6b2937a7f61,2026-09-09T18:27:01.653500,Rahul,rahul@demo,1133.54,0.2891,0,1,18,0.4403,0,0,0,0,2369,0,genuine,
5eeec640-6167-44b2-a569-ad255378675a,2026-09-10T04:41:01.746272,RewardDesk,rewarddesk@demo,1128.75,1.4876,0,0,14,0.3516,0,0,0,0,1309,1,new_mule_fraud,0.9742
77a4251f-d415-476d-b50b-c514acdc6495,2026-09-12T13:16:01.610511,Rahul,rahul@demo,525.16,0.3674,0,1,24,0.5204,0,0,0,0,1901,0,genuine,
8524209f-db2c-4c05-a22f-ad02a8a1757f,2026-09-09T16:54:01.730917,QuickCash,quickcash@demo,1642.46,0.3948,0,1,10,0.2832,0,0,0,1,727,0,genuine,
24f0e756-727c-4092-a2db-8c33dd0f6d5b,2026-09-10T19:18:01.573000,RewardDesk,rewarddesk@demo,2009.05,1.0514,1,1,10,0.4398,0,0,0,0,615,0,genuine,
d63ee4a1-b531-4d6b-afb9-05e2c7f4a7bc,2026-09-11T00:08:01.739702,Rahul,rahul@demo,2419.95,2.0542,0,2,14,0.2127,0,0,0,0,1860,0,genuine,
051a5948-482d-48c5-b9dc-be20bc9a4b95,2026-09-12T07:04:01.593330,RewardDesk,rewarddesk@demo,1250.35,2.0451,0,1,24,0.359,0,0,1,0,1459,0,genuine,
5e4336c4-63c2-4523-b421-472028c90f96,2026-09-10T00:58:01.695228,Rahul,rahul@demo,852.36,1.3006,0,1,21,0.3357,0,0,1,0,991,0,genuine,
4ebaf973-9e4a-4985-a1be-1fe109e610ae,2026-09-11T08:10:01.708621,Rahul,rahul@demo,1790.21,1.148,0,1,8,0.2611,0,0,0,0,2332,0,genuine,
f4e1c238-6874-43be-acd2-f3a30b899dd0,2026-09-12T11:35:01.654883,RewardDesk,rewarddesk@demo,2151.46,1.6565,0,1,8,0.3448,0,0,0,0,1013,0,genuine,
063b8957-9f6f-45d1-81d4-160caf2a57b1,2026-09-10T10:41:01.653831,RewardDesk,rewarddesk@demo,1766.6,1.3929,1,1,12,0.258,0,0,0,0,452,0,genuine,
36f00e75-2afd-424c-a503-7f8223c04c11,2026-09-10T23:55:01.769946,QuickCash,quickcash@demo,1225.14,1.0742,0,1,5,0.5216,0,0,0,0,309,0,genuine,
bfca059e-1cb3-4bcc-b516-05b7e73b52bd,2026-09-11T23:25:01.763388,Neha,neha@demo,3676.24,0.5869,0,2,16,0.5022,0,0,1,0,313,0,genuine,
729ea7df-a193-4640-9de9-5d0574d56df3,2026-09-11T13:24:01.588615,Rahul,rahul@demo,2432.05,1.9183,1,1,23,0.1071,0,0,0,0,153,0,genuine,
1585532b-f88c-4107-9b12-90c31dd43da1,2026-09-09T18:38:01.666402,Neha,neha@demo,2114.28,0.5107,1,3,11,0.2014,0,0,0,0,764,0,genuine,
a710d8f6-594e-470f-8d1b-ed1086e38248,2026-09-11T01:24:01.595482,RewardDesk,rewarddesk@demo,3857.42,0.9996,0,3,16,0.496,0,0,1,0,916,0,genuine,
04866fa6-4ac6-4ca0-8f15-4227af3d66af,2026-09-11T06:42:01.680198,RewardDesk,rewarddesk@demo,1192.37,1.656,0,3,19,0.3234,0,0,0,0,2186,0,genuine,
2761b4fe-4a34-4b12-a097-72e74e9fb98f,2026-09-11T11:29:01.654128,RewardDesk,rewarddesk@demo,4549.55,1.7343,0,6,11,0.1664,0,0,0,1,105,0,genuine,
c6d20c3c-653c-4f4e-a756-8570788cf9df,2026-09-10T08:02:01.638798,QuickCash,quickcash@demo,1673.83,1.1224,0,4,14,0.0729,0,0,0,0,1508,0,genuine,
03ba6ff5-a90a-45a1-a24d-ff0793ef2f69,2026-09-10T13:48:01.715288,Neha,neha@demo,1344.21,0.5423,1,2,5,0.3279,0,0,0,0,143,0,genuine,
e0675459-b6e2-4cfa-a137-c23678a9e537,2026-09-12T09:42:01.641588,QuickCash,quickcash@demo,1357.62,0.71,0,0,11,0.1422,0,0,0,0,1039,0,genuine,
027207c3-752a-4329-95de-fc2646d5184d,2026-09-10T20:53:01.655856,QuickCash,quickcash@demo,5633.32,1.0339,0,1,10,0.113,0,0,1,0,494,0,genuine,
c185a243-e631-4c69-9f3b-cf75005b65ad,2026-09-10T01:54:01.563255,Neha,neha@demo,400.0,0.4534,0,2,23,0.5463,0,0,0,1,1443,0,genuine,
6a88487a-78f0-4ca6-9b76-027692719f25,2026-09-11T21:47:01.772241,Rahul,rahul@demo,367.79,1.3225,0,1,10,0.1323,0,0,0,0,2429,0,genuine,
bc8221b9-be01-4f16-9334-3f5389c0faf9,2026-09-12T05:13:01.664457,Rahul,rahul@demo,963.38,1.3582,0,1,21,0.4404,0,1,0,0,1260,0,genuine,
e8d5c324-0577-4996-bae3-b6a997df276a,2026-09-12T06:47:01.629239,Rahul,rahul@demo,1022.09,1.3128,0,1,2,0.4585,0,0,0,0,618,0,genuine,
7ea3938d-7984-470f-9734-9dc7427ec44e,2026-09-10T06:46:01.713089,Neha,neha@demo,5777.99,1.563,0,1,24,0.3487,0,0,0,0,911,0,genuine,
13e74477-b126-4960-ac66-e622bd81044b,2026-09-09T23:28:01.610323,RewardDesk,rewarddesk@demo,1580.22,1.2424,0,1,3,0.4672,0,0,0,0,324,0,genuine,
4613aa91-eecd-417a-ac70-1a4f9720d437,2026-09-09T15:35:01.636758,RewardDesk,rewarddesk@demo,457.5,1.0424,0,1,24,0.2865,0,0,0,0,436,0,genuine,
cb100fb7-ecc3-4d1b-8d52-a6f47f4d4e5b,2026-09-12T08:51:01.549514,Rahul,rahul@demo,500.79,1.5054,0,0,24,0.307,0,0,0,0,1962,0,genuine,
bf153913-29b8-447e-8854-e61844c16aa2,2026-09-12T01:29:01.782701,Neha,neha@demo,601.3,0.8265,0,2,18,0.2528,0,0,0,0,1075,0,genuine,
db8e5d15-b01f-4292-8c19-be4ea5a7a6ee,2026-09-12T03:29:01.780925,Rahul,rahul@demo,2434.77,1.1055,0,1,19,0.3288,0,0,0,1,1211,0,genuine,
be831667-4a70-4707-8890-5a93b94a6453,2026-09-09T16:34:01.784474,Neha,neha@demo,16476.86,2.2104,1,5,51,0.9222,4,0,3,0,128,1,old_fraud,
945dd246-088b-4594-9d11-ca2dce52145c,2026-09-09T14:18:01.774371,Neha,neha@demo,862.05,0.2716,0,3,21,0.0532,0,0,0,0,2041,0,genuine,
9793ff04-1bf6-4634-83ac-f268756f1641,2026-09-10T23:44:01.694435,Rahul,rahul@demo,18995.52,2.63,0,5,63,0.9066,3,0,3,1,95,1,old_fraud,
e9528ab7-0e19-4124-9488-5bf4ce36f8f3,2026-09-10T13:17:01.768621,Neha,neha@demo,1144.6,0.3731,0,1,9,0.381,0,0,1,0,1966,0,genuine,
e4795c2b-86c4-4cef-9e70-738b57e8d6f5,2026-09-11T15:45:01.684921,RewardDesk,rewarddesk@demo,3169.9,0.3103,0,0,6,0.3152,0,0,0,0,1148,1,new_mule_fraud,0.9657
b0e1f705-7332-461d-8b56-09f66ea51bc1,2026-09-11T04:48:01.744760,Rahul,rahul@demo,576.27,1.9164,1,0,6,0.4992,0,0,1,0,2090,0,genuine,
ce556c0a-d5b6-4010-ae27-4fd42c5952f8,2026-09-11T12:12:01.608683,Rahul,rahul@demo,44328.45,2.6981,1,3,55,0.9482,1,1,2,1,83,1,old_fraud,
23b35890-e619-4f05-9fbe-66cf2872271e,2026-09-12T01:13:01.779577,Rahul,rahul@demo,2145.91,0.8239,0,0,1,0.3553,0,0,0,0,635,0,genuine,
9ec4a7c9-f3c9-47f9-b361-26b5ec21d039,2026-09-11T15:51:01.635602,QuickCash,quickcash@demo,2257.74,0.9948,0,1,16,0.1341,0,1,0,1,1295,0,genuine,
292245bb-631b-4c31-9cea-991b9952b45f,2026-09-10T02:05:01.566414,Neha,neha@demo,1441.97,1.613,0,2,1,0.2784,1,1,0,0,1910,0,genuine,
141ece0a-f81b-4c93-8e36-5aca7150ec9b,2026-09-10T06:59:01.676992,RewardDesk,rewarddesk@demo,1433.28,0.7001,0,1,13,0.2773,0,0,0,1,379,1,new_mule_fraud,0.9408
d862899e-bfcc-4bef-95d9-c19bd7c5bcb7,2026-09-11T02:45:01.611637,Rahul,rahul@demo,218.08,1.8207,0,2,4,0.4944,0,0,1,0,1947,0,genuine,
bc790d44-ebcd-4a15-855a-1663d6bb32d2,2026-09-10T00:56:01.528601,RewardDesk,rewarddesk@demo,210.89,1.5293,0,2,3,0.3128,0,0,0,0,1265,0,genuine,
d66c6b81-2ac8-4519-a7df-7940fc46f489,2026-09-12T04:18:01.774830,RewardDesk,rewarddesk@demo,1064.65,0.6997,0,5,18,0.2803,0,0,1,0,2181,0,genuine,
b485c175-e0d4-4d6a-8db7-a6ea9e902ec8,2026-09-10T01:00:01.705599,Rahul,rahul@demo,668.74,1.5438,0,1,22,0.0727,0,0,0,0,1401,0,genuine,
aca4299f-d5c6-483b-9247-9be337863f40,2026-09-11T14:24:01.769122,Neha,neha@demo,8811.25,2.7267,1,7,51,0.7587,3,1,1,0,159,1,old_fraud,
e4e1a836-e7f8-4893-a45f-e81636536c2a,2026-09-11T21:20:01.698624,Neha,neha@demo,413.42,0.2874,0,2,22,0.5378,0,1,0,0,2148,0,genuine,
81b09b8e-16a3-4680-888d-6adc21780d81,2026-09-11T16:02:01.564605,Neha,neha@demo,2828.29,2.1069,0,0,8,0.2349,0,0,0,0,2389,0,genuine,
cc2e34ff-c67f-4e39-98c9-3ec12b039b86,2026-09-11T06:26:01.668791,Neha,neha@demo,3392.94,0.4702,0,1,10,0.3578,0,1,0,1,1990,0,genuine,
f751de6d-0257-47c0-bd35-b3f2e75f9920,2026-09-10T16:02:01.639061,Rahul,rahul@demo,1465.2,0.7637,0,2,6,0.4296,1,1,0,0,1147,0,genuine,
5c4a18fd-9108-41ee-9a14-d557640d11ae,2026-09-11T10:57:01.672464,Rahul,rahul@demo,476.88,1.856,1,1,21,0.3099,0,0,0,1,470,0,genuine,
e9c10923-4add-4f77-9947-c685a34e8801,2026-09-11T17:09:01.741772,Rahul,rahul@demo,2993.12,0.3752,0,0,10,0.0776,0,0,0,0,2094,0,genuine,
f1215fd0-7276-4a48-84c2-ef68e9dc68a4,2026-09-11T00:21:01.779263,RewardDesk,rewarddesk@demo,2128.86,1.3024,0,2,19,0.1181,0,0,0,0,1826,0,genuine,
2334de35-58bc-47ca-8003-946e78e09d44,2026-09-09T21:42:01.582845,Neha,neha@demo,1642.98,1.1309,1,1,11,0.0587,0,0,0,0,374,0,genuine,
e95fb6c4-69b5-44eb-8a9b-bbfa8b8b2afa,2026-09-11T20:30:01.706776,Neha,neha@demo,1221.2,2.0305,0,2,4,0.3841,0,0,0,0,979,0,genuine,
5267230a-6a70-4aef-b03c-ab8f9e47edda,2026-09-12T00:38:01.613274,RewardDesk,rewarddesk@demo,1560.02,1.893,0,3,23,0.2125,0,0,0,0,2203,0,genuine,
3f864f5b-6d71-41d5-a9bc-5db9cbd1e13d,2026-09-12T01:15:01.646563,Neha,neha@demo,1415.16,1.3035,1,0,1,0.2502,0,0,0,0,636,0,genuine,
86a2586b-f29a-45e3-a105-63aa8ef6c0d3,2026-09-12T13:48:01.561691,RewardDesk,rewarddesk@demo,404.4,1.1697,0,2,17,0.3855,0,0,0,0,604,0,genuine,
4fd207de-3acf-4189-9397-6f9ce241c876,2026-09-09T21:50:01.779833,RewardDesk,rewarddesk@demo,5606.25,0.227,1,1,9,0.3259,0,0,0,0,2012,0,genuine,
4fa23f4c-09a6-4b28-8be7-e0a4eac4a1ce,2026-09-10T20:54:01.548267,QuickCash,quickcash@demo,3868.9,0.4025,0,0,19,0.1134,0,0,0,0,980,0,genuine,
aa0727be-b3b6-44b6-aa15-5dfc85da5d59,2026-09-11T03:22:01.778073,Neha,neha@demo,9016.19,1.5417,0,1,6,0.4233,0,0,0,1,196,0,genuine,
40de3a0c-ae66-4f43-951d-4d24e1cc3cbb,2026-09-10T01:34:01.563064,Rahul,rahul@demo,3880.77,0.2811,0,3,19,0.4287,0,0,0,0,1823,0,genuine,
a9beb034-7bbd-4b90-9868-f09cd260d2c6,2026-09-10T11:46:01.774636,Neha,neha@demo,275.3,0.6891,0,1,8,0.2326,0,0,0,0,1966,0,genuine,
e681e320-c365-4a70-85aa-d25993f65c22,2026-09-10T03:01:01.702987,Neha,neha@demo,5372.22,0.3443,0,1,6,0.0902,0,0,0,0,1119,0,genuine,
e4093203-22cb-4208-95f4-9d853f9119ec,2026-09-11T04:15:01.695914,Neha,neha@demo,2275.11,1.994,0,0,20,0.2364,0,0,0,0,904,0,genuine,
aef57028-3fea-4227-a214-7e87fbeb114a,2026-09-11T15:13:01.684112,Neha,neha@demo,5100.29,1.2903,0,3,7,0.4453,0,0,0,0,1286,0,genuine,
e35a8a24-0656-4d3f-a28b-893ef5aaa76f,2026-09-12T11:37:01.569564,QuickCash,quickcash@demo,1275.84,2.0084,0,0,21,0.1676,0,0,0,0,307,0,genuine,
6de6aa5e-9b38-4e66-9eb9-063086719eca,2026-09-11T01:34:01.699564,RewardDesk,rewarddesk@demo,590.49,0.4916,1,3,12,0.4817,0,0,0,0,1410,0,genuine,
749897a9-352b-44c4-90f0-582d5aac7508,2026-09-10T04:45:01.751191,QuickCash,quickcash@demo,2643.74,1.0069,0,0,24,0.1254,0,0,0,0,666,0,genuine,
fbdb0d5b-213b-4533-96d9-eb9aa3a655c2,2026-09-10T08:43:01.713200,QuickCash,quickcash@demo,618.76,0.2219,1,2,14,0.2634,0,0,0,0,764,0,genuine,
35201cd8-8030-46b1-9225-1813e6230da1,2026-09-12T07:27:01.767613,Neha,neha@demo,54.61,1.7416,0,1,23,0.1082,0,0,0,0,920,0,genuine,
3c8d4fcb-4a85-4466-89ab-a77ba1540d78,2026-09-12T02:48:01.660500,QuickCash,quickcash@demo,322.12,0.5418,1,1,22,0.3034,0,0,0,0,1443,0,genuine,
72eaf003-8e46-4272-919b-53e077d701dd,2026-09-12T09:31:01.758216,Neha,neha@demo,496.79,0.7877,0,2,4,0.1204,0,0,0,1,1962,0,genuine,
c9f96167-975b-40e0-bc14-172b4130e0c5,2026-09-11T14:15:01.537455,Rahul,rahul@demo,1247.11,1.9761,0,1,11,0.2992,1,0,1,0,1724,0,genuine,
0b4b0c0f-75a3-4c90-aee8-f4ba6de7e02f,2026-09-10T22:43:01.771925,QuickCash,quickcash@demo,443.69,1.5478,0,1,16,0.5418,0,0,0,0,1188,0,genuine,
7061f822-8e33-419c-8361-758ef0e057ca,2026-09-11T21:05:01.735510,Neha,neha@demo,779.64,1.1581,0,2,10,0.4956,1,0,0,1,1289,0,genuine,
e2f61fad-d45a-49bc-b3c7-8ca409ce6900,2026-09-11T05:45:01.539535,RewardDesk,rewarddesk@demo,2734.37,1.8116,0,0,12,0.2428,0,0,1,0,1771,0,genuine,
8d6a945b-1523-4d39-992e-df0c6d978c41,2026-09-11T03:08:01.568744,QuickCash,quickcash@demo,807.19,1.1111,0,3,24,0.456,0,0,1,0,1414,0,genuine,
2b892ec1-d6c3-4757-ada7-3dc1836c166c,2026-09-10T09:40:01.651249,QuickCash,quickcash@demo,1609.55,0.3717,0,1,19,0.1345,0,0,0,1,2381,0,genuine,
f067cf6c-62c7-4742-bfb7-b98ce1f97908,2026-09-12T12:48:01.675162,QuickCash,quickcash@demo,2010.75,0.6446,1,1,2,0.4743,0,0,1,0,430,0,genuine,
58526c37-e982-4d5d-ad33-115faccb1810,2026-09-11T03:43:01.730860,Neha,neha@demo,2677.21,0.7402,0,2,22,0.1476,0,0,1,0,436,0,genuine,
ed6284b2-a7a4-4820-be5e-b577719d96bc,2026-09-12T00:00:01.606890,QuickCash,quickcash@demo,517.9,2.1944,0,0,22,0.5409,0,0,0,0,1611,0,genuine,
5f751b17-b7a1-4c28-825b-a8c095725ff0,2026-09-11T16:54:01.692460,Rahul,rahul@demo,1625.32,1.7561,0,1,24,0.486,0,1,0,0,123,0,genuine,
b7fc6ecd-e957-4686-8d73-962e5672bdb2,2026-09-12T12:19:01.763231,Rahul,rahul@demo,589.85,1.343,0,0,6,0.25,0,0,1,0,358,0,genuine,
395c99ba-fd73-4f21-bd94-5303d6bf818c,2026-09-12T12:31:01.681271,Rahul,rahul@demo,3451.91,2.1325,0,2,23,0.1133,0,0,1,0,321,0,genuine,
03ab1c34-9093-49c7-9225-7256f55a1ce2,2026-09-10T12:34:01.781775,RewardDesk,rewarddesk@demo,306.05,0.7651,1,3,11,0.3264,1,0,0,0,1366,0,genuine,
6c06dcbe-1433-46fd-b6e0-bebfd6000783,2026-09-12T04:47:01.686501,Rahul,rahul@demo,2697.18,0.897,0,1,6,0.3643,0,0,0,0,643,0,genuine,
4315b44e-bd98-45ad-821a-d0ed5c640014,2026-09-12T02:03:01.696935,Neha,neha@demo,2163.71,2.1852,0,0,18,0.4052,0,0,0,0,2399,0,genuine,
c76d67ed-1508-4b6b-ba13-d7e6ccac297c,2026-09-10T19:58:01.645646,Neha,neha@demo,583.3,1.3555,0,1,4,0.1208,0,0,0,0,197,0,genuine,
2bd2a93c-bc4a-4dd6-9017-1dd074165383,2026-09-10T17:19:01.604665,Rahul,rahul@demo,2545.02,0.412,0,1,14,0.4491,0,1,0,0,842,0,genuine,
d787eb0b-3e9e-49e2-b395-005db2e03c1f,2026-09-12T13:46:01.582765,QuickCash,quickcash@demo,10637.32,1.9251,0,0,16,0.2155,0,0,1,0,2109,0,genuine,
bf2cf79f-7725-4c72-85b6-91c6d88276b3,2026-09-10T11:02:01.762115,Rahul,rahul@demo,1768.49,0.5417,0,0,23,0.1729,1,0,0,0,2104,0,genuine,
f8d8feb1-50d4-4fd2-9d0d-7a7e25001886,2026-09-12T10:11:01.683567,Rahul,rahul@demo,890.0,0.2489,0,1,23,0.1701,0,0,0,0,395,0,genuine,
61b7eca5-8f96-418c-aa66-772bc2132a65,2026-09-11T02:35:01.745096,Rahul,rahul@demo,6998.58,1.3541,0,0,19,0.5376,0,0,0,0,1889,0,genuine,
db1c2f1a-db87-42d5-9e30-51e642f3bff0,2026-09-12T10:33:01.748675,Rahul,rahul@demo,705.79,0.6599,0,1,6,0.3619,0,0,0,0,312,0,genuine,
c14e60c5-1132-4a52-bdb2-9ff8c525de21,2026-09-12T06:34:01.655429,QuickCash,quickcash@demo,4435.63,2.1218,0,0,8,0.4949,0,0,0,0,1189,0,genuine,
7ac261c7-a206-4aa5-b01b-d585592719f6,2026-09-12T10:32:01.583025,Rahul,rahul@demo,2632.12,1.0831,0,0,12,0.2746,0,0,0,1,2418,0,genuine,
98e18ada-7751-4b30-afc9-da08ecc824a0,2026-09-10T14:56:01.627123,Neha,neha@demo,1540.59,1.1268,0,1,12,0.2624,0,0,0,1,1209,0,genuine,
766fec98-f057-4da9-9c23-be4cb9a05d06,2026-09-09T19:05:01.621355,QuickCash,quickcash@demo,496.94,0.3681,0,1,11,0.4657,0,0,0,0,1001,0,genuine,
f89950a0-43f5-486c-a7f6-f24a7e4697c3,2026-09-11T09:11:01.671035,Neha,neha@demo,1623.75,0.9457,0,1,22,0.0823,0,0,0,0,640,0,genuine,
8b18b4e6-85c0-42a2-afa0-826d0be0d1eb,2026-09-12T12:15:01.649937,Neha,neha@demo,1145.62,1.5079,0,0,22,0.1845,0,0,0,0,1031,0,genuine,
c162cf56-50db-4cbd-a68c-dfe70063772b,2026-09-11T09:09:01.626504,Neha,neha@demo,441.86,1.3315,1,2,2,0.1591,0,0,0,0,1041,0,genuine,
0d9dd400-8086-49d4-9983-0e2263701584,2026-09-12T05:33:01.632777,Neha,neha@demo,2679.37,0.5928,0,1,21,0.4737,0,0,0,0,1094,1,new_mule_fraud,0.9403
f76c04fb-bdd5-418e-9215-b0c51ae64018,2026-09-12T09:46:01.657901,Neha,neha@demo,3196.8,2.0317,0,1,10,0.1658,0,0,0,0,2271,0,genuine,
af7b8b19-df30-4923-b197-b59b3e9449f8,2026-09-10T04:56:01.531300,RewardDesk,rewarddesk@demo,2645.0,1.0492,1,0,4,0.3167,0,1,0,0,340,0,genuine,
ecb202f1-e613-4295-a5c2-396469590ae4,2026-09-11T21:43:01.720178,RewardDesk,rewarddesk@demo,1865.84,0.3353,0,3,6,0.3581,0,0,0,0,2214,0,genuine,
dfcf0a4b-18d3-47bf-b381-7ba75769442e,2026-09-10T14:37:01.671817,RewardDesk,rewarddesk@demo,1247.09,1.5822,0,2,24,0.4542,0,1,0,0,259,0,genuine,
5d90891e-601f-4ef3-a796-110e9fc3b5b9,2026-09-09T16:50:01.611574,Rahul,rahul@demo,111.74,0.9656,1,0,24,0.1404,0,0,0,0,554,0,genuine,
1110a595-689a-440d-a182-a3d82b8042df,2026-09-10T15:51:01.534228,Rahul,rahul@demo,1735.45,0.3456,0,0,9,0.0956,0,0,0,0,1641,0,genuine,
83c957ee-7758-4051-a4f5-9ecf769a4575,2026-09-11T21:48:01.775119,RewardDesk,rewarddesk@demo,1898.96,0.3476,0,3,17,0.2347,0,0,0,0,949,0,genuine,
d0521e00-d97d-408e-bfaf-47f59d16e1f0,2026-09-11T13:03:01.734513,RewardDesk,rewarddesk@demo,568.85,1.3683,0,0,12,0.3579,0,0,0,0,1629,0,genuine,
02d1be18-49a4-4627-bbe9-aeabce94ebe3,2026-09-09T14:57:01.715614,RewardDesk,rewarddesk@demo,729.37,1.5014,1,1,2,0.1677,0,0,0,0,1866,0,genuine,
fe71ee46-9029-4368-adcf-fe733b1db857,2026-09-11T21:58:01.770520,Rahul,rahul@demo,1009.71,0.3512,0,1,15,0.1303,0,0,0,0,1656,0,genuine,
fa8cbe1a-997b-4d87-b96b-d8bf536c19c7,2026-09-11T07:14:01.682747,Neha,neha@demo,1622.69,1.0462,0,1,17,0.2129,0,0,0,0,1222,0,genuine,
ee0c27b1-52fd-46bb-be48-5028f677c319,2026-09-11T09:12:01.768958,RewardDesk,rewarddesk@demo,1299.93,0.7049,0,1,10,0.3636,0,0,0,0,350,1,new_mule_fraud,0.856
3ddc98d0-a719-444a-ad08-63a28aba034f,2026-09-11T10:09:01.553383,Rahul,rahul@demo,8574.01,0.6549,0,2,23,0.2498,0,0,0,1,800,0,genuine,
d54b77bc-1397-4374-8b91-42c857d4f394,2026-09-11T05:55:01.540525,Rahul,rahul@demo,512.03,0.3874,0,1,4,0.492,0,0,1,0,2326,0,genuine,
1d705d40-f85d-4391-ab76-416cc78ba80f,2026-09-10T07:29:01.742416,RewardDesk,rewarddesk@demo,977.09,2.0655,0,1,15,0.0873,0,0,0,0,2353,0,genuine,
371a520b-b29f-42c6-8110-d52b7ceb7c60,2026-09-10T20:18:01.749479,RewardDesk,rewarddesk@demo,739.24,0.465,0,2,2,0.2293,0,0,1,0,2205,0,genuine,
be2f5580-444b-4398-ae13-034dd61857f2,2026-09-10T02:41:01.730260,QuickCash,quickcash@demo,1528.08,1.7855,0,1,18,0.2022,0,0,1,0,635,0,genuine,
3c2d2f35-eccc-41ce-9bd2-a9b7fde8f641,2026-09-10T19:49:01.745204,Rahul,rahul@demo,858.39,1.0818,0,1,5,0.3035,0,0,0,0,458,0,genuine,
6b1e2032-8f99-4cb0-a481-38d78300266d,2026-09-10T13:40:01.541272,RewardDesk,rewarddesk@demo,2776.96,0.4322,0,3,5,0.3692,0,0,1,0,1598,0,genuine,
63f34c60-0d01-4c11-9892-ce8dc2c969b0,2026-09-10T10:06:01.627334,Neha,neha@demo,155.7,1.773,1,4,15,0.2676,0,1,0,0,1167,0,genuine,
145c2aab-e9db-4c57-bbbc-1af90f40f78c,2026-09-12T05:18:01.722133,RewardDesk,rewarddesk@demo,1286.08,2.1473,0,1,15,0.0761,0,0,0,0,1094,0,genuine,
223ed0ce-299f-4856-a573-47a8f62f5b70,2026-09-09T14:08:01.713435,Rahul,rahul@demo,419.12,0.9332,0,2,5,0.5166,0,1,0,1,1764,0,genuine,
2c339d35-d305-457f-8652-35ebff3fbe21,2026-09-10T22:44:01.644883,Rahul,rahul@demo,1983.7,1.0971,0,1,18,0.3667,0,0,0,0,2171,0,genuine,
4e6e365c-36c0-4fb7-a305-068040f97c73,2026-09-11T11:49:01.770937,QuickCash,quickcash@demo,1108.28,0.5736,0,0,16,0.4299,0,0,0,0,2427,0,genuine,
82412aad-b5c8-42cb-a4c7-2bcccd82ac2a,2026-09-10T13:47:01.782596,Rahul,rahul@demo,800.38,1.7318,0,0,13,0.4498,0,0,0,0,1672,0,genuine,
958a4fa6-6451-4b56-af3b-dbd8813a4820,2026-09-11T11:00:01.674485,RewardDesk,rewarddesk@demo,1768.89,1.3379,0,1,18,0.3739,0,0,0,0,2298,0,genuine,
308c4f89-30bc-4467-a8c0-0b4b9a632e9a,2026-09-11T22:58:01.765900,RewardDesk,rewarddesk@demo,4101.86,0.3551,0,0,19,0.2097,0,0,0,0,1473,0,genuine,
62ded157-b5df-403e-9dd6-3236511c46da,2026-09-11T04:45:01.533671,Neha,neha@demo,1004.16,0.7597,0,1,14,0.1107,0,0,1,1,1153,0,genuine,
8d0eb35d-614f-46dd-92f0-e400a770e3f5,2026-09-11T10:49:01.708674,Neha,neha@demo,914.13,0.8804,0,3,3,0.2858,0,0,0,0,386,0,genuine,
807ef072-6f3d-4ad6-91a9-b4da092bd1ee,2026-09-12T03:28:01.714839,QuickCash,quickcash@demo,3679.29,1.3062,0,2,15,0.0764,0,0,0,0,197,0,genuine,
b0168ae5-169e-46e8-9bfa-4179c2140fb8,2026-09-11T04:55:01.737691,RewardDesk,rewarddesk@demo,2319.6,1.1641,0,0,24,0.2413,0,0,0,0,715,1,new_mule_fraud,0.9702
44b58d5a-b66d-4dd6-aab8-b095843bae5e,2026-09-10T04:39:01.718890,Neha,neha@demo,603.55,0.5807,0,0,7,0.2923,0,0,0,0,2356,0,genuine,
77aa4860-bf8c-461b-9037-9d3014cde29b,2026-09-10T23:10:01.751386,Neha,neha@demo,1247.68,0.8958,0,1,6,0.3503,0,0,0,0,849,0,genuine,
685f08f7-090c-4f29-b244-9d6881066afb,2026-09-10T17:24:01.664918,QuickCash,quickcash@demo,583.32,1.2129,0,0,5,0.0771,0,0,1,0,2423,0,genuine,
a2bd133e-4933-4c9b-87c4-304607b1b1bd,2026-09-12T01:11:01.602734,Rahul,rahul@demo,242.59,1.0394,1,2,17,0.1347,0,0,0,0,2412,0,genuine,
3cb239f9-2b14-42ae-af9b-e46f4c63c46a,2026-09-11T06:19:01.651999,Rahul,rahul@demo,1920.61,1.083,1,1,4,0.1298,0,0,0,0,803,0,genuine,
d996599b-48ec-4b15-b361-aa0fcf0e1058,2026-09-12T05:31:01.741397,Rahul,rahul@demo,646.23,0.3644,1,4,21,0.2628,0,0,0,1,1725,0,genuine,
18bb1e68-7fb7-4c25-9186-384bba245f88,2026-09-12T01:59:01.600201,RewardDesk,rewarddesk@demo,3416.49,1.0731,0,1,4,0.5122,0,1,1,0,321,0,genuine,
9e807374-28ef-4ff5-bf84-d42984886377,2026-09-11T13:00:01.695337,Neha,neha@demo,495.22,1.6484,0,1,15,0.3127,0,0,0,0,1975,0,genuine,
33fc35f1-88e0-4db3-8b60-4aa45c40fa20,2026-09-11T09:30:01.780405,RewardDesk,rewarddesk@demo,35913.87,4.9529,1,6,53,0.8826,3,0,1,1,7,1,old_fraud,
e74d3bdc-87f5-4444-b784-83c754d4b026,2026-09-11T12:02:01.610989,QuickCash,quickcash@demo,554.08,1.9642,0,3,12,0.4507,0,0,0,0,1713,0,genuine,
9bf4d0f0-1f28-44f2-9bbf-7be3843c1020,2026-09-12T01:31:01.674684,RewardDesk,rewarddesk@demo,1644.84,1.2136,0,1,12,0.2233,0,0,0,0,405,0,genuine,
537162d2-300d-420e-9345-629703c72b0e,2026-09-10T13:39:01.621768,Neha,neha@demo,1811.34,1.3191,0,2,19,0.0979,0,0,0,0,202,0,genuine,
a5c5184e-ea61-48ec-840c-1a6591ce7237,2026-09-09T18:06:01.742814,RewardDesk,rewarddesk@demo,1884.23,1.1814,0,1,18,0.2723,0,0,0,0,545,1,new_mule_fraud,0.9449
b8bfe31a-2d20-4ada-972a-9eb46ea26075,2026-09-10T08:07:01.605665,RewardDesk,rewarddesk@demo,22994.03,2.8191,1,7,31,0.6985,4,0,2,1,23,1,old_fraud,
dab4e43d-32b6-4716-bba9-64be30ba53d1,2026-09-12T05:45:01.569323,RewardDesk,rewarddesk@demo,4184.93,1.582,0,0,7,0.0772,0,0,0,0,1881,0,genuine,
8d3fbe72-c672-48b4-9075-4a8003787a51,2026-09-11T23:04:01.596564,Rahul,rahul@demo,1185.48,1.1893,1,1,2,0.465,0,0,0,0,1932,0,genuine,
7c1cdca1-fd43-428d-807b-a06698cc3dd4,2026-09-10T16:30:01.626717,RewardDesk,rewarddesk@demo,316.95,2.0236,0,2,16,0.31,0,0,0,0,228,0,genuine,
94fe02ce-1331-4389-9ced-c3823cda2a46,2026-09-11T07:28:01.698045,Rahul,rahul@demo,721.36,0.9148,0,1,20,0.4939,0,0,0,0,853,0,genuine,
577de955-a99d-49ae-973e-cc01834e77a8,2026-09-10T14:21:01.713667,QuickCash,quickcash@demo,2369.36,1.0625,0,1,23,0.5456,0,0,0,1,307,0,genuine,
216010a4-753f-4e4d-a6b4-d4881541c36c,2026-09-10T23:47:01.728557,Rahul,rahul@demo,1053.83,0.416,1,1,13,0.4679,0,0,0,0,1082,1,new_mule_fraud,0.8963
2d46a4fb-847d-4ce4-8dc3-7176749e1fba,2026-09-11T23:51:01.617353,RewardDesk,rewarddesk@demo,165.98,0.5588,0,0,6,0.1477,0,0,0,0,1916,0,genuine,
d6dc3381-8433-4c53-a543-7bb5b4d028ed,2026-09-10T21:48:01.663920,RewardDesk,rewarddesk@demo,834.35,0.754,0,1,9,0.3981,0,0,0,0,1328,1,new_mule_fraud,0.9505
b5c5b101-94f6-4e0d-809c-5d3cfc7c8b51,2026-09-09T20:37:01.612441,RewardDesk,rewarddesk@demo,36050.29,2.5541,1,5,54,0.6633,1,1,1,0,113,1,old_fraud,
9f708ee3-c135-4fad-b4e9-668e781f5b5f,2026-09-10T17:08:01.780124,Neha,neha@demo,4032.01,0.5346,0,3,21,0.1835,0,0,0,0,1033,0,genuine,
1e897643-439d-42be-80fd-21357bc1249e,2026-09-10T21:46:01.769693,QuickCash,quickcash@demo,5021.98,0.7687,0,0,5,0.5024,0,0,0,0,1384,0,genuine,
556a7bdf-f9f3-4b84-b552-ff28a1df0932,2026-09-10T07:01:01.688542,QuickCash,quickcash@demo,2647.99,1.4766,0,1,20,0.0932,0,0,0,0,1124,0,genuine,
84bccb14-d695-4a11-a5cf-1dd58082ca79,2026-09-11T07:24:01.727883,QuickCash,quickcash@demo,949.55,1.8893,0,1,21,0.5495,0,0,0,0,581,0,genuine,
0ebb89a6-df2c-4169-a639-8da752618fb1,2026-09-11T09:27:01.690627,QuickCash,quickcash@demo,2060.43,1.8743,1,0,2,0.2605,0,0,0,0,728,0,genuine,
3ca5e2f1-0093-4e72-8282-b89b33f10ba1,2026-09-10T03:42:01.760499,RewardDesk,rewarddesk@demo,742.48,1.5231,0,0,4,0.1055,0,0,0,0,688,0,genuine,
4b3e1da3-009e-417a-be37-0d2dac75e312,2026-09-10T10:39:01.636141,Rahul,rahul@demo,1517.88,1.4332,0,1,6,0.5442,0,0,0,0,932,0,genuine,
b4396bf3-dcaa-4170-988c-5f808aec568f,2026-09-12T04:11:01.734233,RewardDesk,rewarddesk@demo,1268.25,0.275,0,3,1,0.197,0,0,0,0,2040,0,genuine,
ab372399-1fb8-4812-ba03-1b9584483222,2026-09-09T20:50:01.708511,Neha,neha@demo,2609.1,1.8765,0,1,18,0.4954,0,0,0,0,1832,0,genuine,
4c1be525-d65c-41c4-ada6-fba63a3e5386,2026-09-12T02:58:01.670869,RewardDesk,rewarddesk@demo,81.85,1.1735,0,0,19,0.3793,0,0,0,0,2289,0,genuine,
d38c1e7e-77dd-4c58-bead-cfe5a680d46d,2026-09-11T15:00:01.631624,Neha,neha@demo,527.38,1.5163,0,2,12,0.429,0,0,0,0,1923,0,genuine,
972cdbbd-0d7d-4a84-8bcf-632a354e33f6,2026-09-10T02:22:01.598288,Rahul,rahul@demo,1734.56,0.6699,1,3,10,0.5262,0,0,0,0,2086,0,genuine,
a70f995d-3d73-4eb8-bfe6-716caf3dfcdf,2026-09-11T14:17:01.761112,QuickCash,quickcash@demo,3563.41,2.1124,0,1,18,0.2266,0,0,0,0,157,0,genuine,
3561e011-8216-48b0-acb8-537fec73350b,2026-09-11T18:34:01.674176,Neha,neha@demo,407.29,0.6421,0,1,6,0.0994,0,0,0,0,1530,0,genuine,
6c60f3c8-6f77-49d5-a143-1b1124851450,2026-09-11T04:56:01.597190,Rahul,rahul@demo,1004.57,1.8551,0,2,21,0.2186,0,0,1,0,893,0,genuine,
52b67ed4-b9e4-42bf-9216-e09096f65f3f,2026-09-09T20:36:01.607014,Neha,neha@demo,1555.98,0.4306,0,0,23,0.2632,0,0,1,0,2398,0,genuine,
e5be0058-a22d-4e25-87a6-f2ec1736732c,2026-09-10T20:26:01.599921,Neha,neha@demo,876.83,0.4134,1,0,16,0.5291,0,0,0,0,1301,0,genuine,
3bfdf030-8108-4ee4-b42c-7573c01c7273,2026-09-09T15:12:01.548816,Neha,neha@demo,1274.26,0.7928,0,2,6,0.1058,0,0,0,0,2180,0,genuine,
3fd06788-4b29-40ad-86e1-7a9bcb0c8d02,2026-09-10T11:44:01.580641,RewardDesk,rewarddesk@demo,456.33,1.5061,0,2,14,0.2284,0,0,0,0,2391,0,genuine,
aad23bae-9358-420c-87e1-c5a49e9ababc,2026-09-09T14:53:01.707246,QuickCash,quickcash@demo,2303.88,1.2591,0,2,24,0.2029,0,0,1,0,1004,0,genuine,
b55e0038-9cda-4a21-a133-fdaf8377fb43,2026-09-10T06:47:01.704161,RewardDesk,rewarddesk@demo,1336.83,0.8268,0,0,20,0.0551,0,0,0,0,1552,0,genuine,
d5d04d5b-3cb0-4fa9-a520-83b9df5a65c5,2026-09-09T15:08:01.715518,Neha,neha@demo,518.29,1.4281,0,0,9,0.1461,0,0,0,0,2352,0,genuine,
63e403c3-ac34-4454-8f60-95ebd42f48f2,2026-09-10T23:00:01.710140,RewardDesk,rewarddesk@demo,655.62,1.2867,0,0,19,0.2537,0,0,0,0,2216,0,genuine,
1e4e0075-20d6-4458-978d-0bf8863ab2c5,2026-09-10T23:06:01.635844,Rahul,rahul@demo,545.98,0.8992,0,2,13,0.5095,0,0,0,0,1583,0,genuine,
3792e9d4-6d10-4c5e-a507-03d2bb688b3b,2026-09-11T10:24:01.634607,Rahul,rahul@demo,444.84,0.4074,0,1,3,0.1715,0,0,1,0,2057,0,genuine,
3e85a82d-03f8-4d62-9f41-bb3599c71616,2026-09-09T21:18:01.653553,Rahul,rahul@demo,2711.73,0.7487,0,0,10,0.2452,0,0,1,1,1609,0,genuine,
57cb63bd-815c-41b6-b870-b59eea9d1e09,2026-09-10T15:50:01.652739,Neha,neha@demo,874.51,1.3917,1,0,23,0.2842,0,0,0,0,1037,0,genuine,
972f6e19-33d0-4058-916d-278ff65b4e98,2026-09-09T18:23:01.774777,RewardDesk,rewarddesk@demo,2209.24,0.6565,0,0,8,0.1217,0,0,0,0,1027,1,new_mule_fraud,0.8998
91ab4297-572e-4937-a454-00b51f3f7718,2026-09-11T12:17:01.527583,Neha,neha@demo,618.35,1.1858,0,3,4,0.3543,0,0,0,0,2403,0,genuine,
830c1110-fcd7-4379-9644-d31623df0e68,2026-09-09T18:43:01.645329,QuickCash,quickcash@demo,857.25,1.86,1,1,17,0.2492,0,0,0,0,892,0,genuine,
f1f0c28b-8bd4-47c5-995a-8b45075bae19,2026-09-10T20:56:01.757515,RewardDesk,rewarddesk@demo,1283.48,1.9532,0,0,5,0.5478,0,0,1,1,1089,0,genuine,
02544b7c-2147-43f0-b595-2c50ca1c982c,2026-09-11T21:18:01.771416,Neha,neha@demo,3732.31,1.3447,0,3,7,0.5059,0,1,0,0,488,0,genuine,
df4d9cdc-5e9d-4998-983c-adad125357d3,2026-09-11T20:12:01.759931,Neha,neha@demo,2731.11,1.4606,0,0,16,0.3244,0,0,0,0,1081,0,genuine,
1505ebf0-2f7d-4c2c-9c9c-429fc09d6e48,2026-09-11T11:36:01.646510,RewardDesk,rewarddesk@demo,1968.96,0.5915,1,2,13,0.242,0,0,0,0,197,0,genuine,
18a0f3a4-69e5-4ff1-abee-04adaaae8895,2026-09-11T00:44:01.528801,Rahul,rahul@demo,1167.81,1.6619,0,0,22,0.3554,0,0,0,0,1871,0,genuine,
d31e2789-1787-45ca-89de-443a9623bda8,2026-09-11T15:46:01.628985,Neha,neha@demo,1155.59,0.9741,0,0,23,0.1205,0,0,0,0,289,0,genuine,
b514c2bc-da5f-4a7e-97a9-6c535238cac9,2026-09-10T22:48:01.637762,RewardDesk,rewarddesk@demo,2018.25,1.0594,0,0,1,0.118,0,0,0,0,302,0,genuine,
2b19c563-5729-4aa2-ba78-dff3f639223b,2026-09-10T21:31:01.653215,Neha,neha@demo,997.39,1.0591,1,1,2,0.3735,0,1,0,0,1484,0,genuine,
8b36a2d9-07cd-459c-8b9e-059346541dce,2026-09-11T19:27:01.584729,Neha,neha@demo,4024.03,1.3975,0,2,11,0.1422,0,0,0,0,711,0,genuine,
ad3da965-c135-4786-9839-87c3307e889f,2026-09-10T12:12:01.759984,Rahul,rahul@demo,6190.98,0.2742,0,1,10,0.2623,0,0,0,0,2025,0,genuine,
2700f434-89af-4f74-a62f-0d3c3a18f8e6,2026-09-11T20:56:01.530090,Neha,neha@demo,1321.53,0.6735,0,1,20,0.3223,0,1,0,0,761,0,genuine,
e5158ecc-f608-41c2-82fc-36d68868865a,2026-09-11T20:59:01.544767,Neha,neha@demo,6249.13,2.1321,0,1,7,0.3746,0,0,0,0,2448,0,genuine,
861b5ffd-9d97-4274-8585-f119b3ccd590,2026-09-11T15:11:01.594301,Rahul,rahul@demo,1016.41,1.8703,0,1,2,0.216,0,0,0,1,2308,0,genuine,
6fd6b54a-971b-4fed-92fe-41bd96ef1f10,2026-09-11T06:45:01.667664,RewardDesk,rewarddesk@demo,952.29,1.4892,0,1,22,0.2992,0,0,1,0,1817,0,genuine,
5d4d5f3e-0cdf-44cb-8f58-3920a8b0393b,2026-09-10T12:08:01.685164,QuickCash,quickcash@demo,1177.08,0.2635,0,0,24,0.408,0,0,1,0,965,0,genuine,
87d84c3c-f8dc-4473-8f7b-cd56a39c94bc,2026-09-11T17:50:01.640952,Neha,neha@demo,1278.18,2.1241,0,3,4,0.3016,0,0,0,1,2282,0,genuine,
5a271468-3588-4938-b952-fa9f63ce3ed3,2026-09-11T20:08:01.573205,Rahul,rahul@demo,1834.7,0.8466,0,3,21,0.4055,0,0,0,0,1888,0,genuine,
50b8b190-b0d1-4a4d-acfe-676291fbe248,2026-09-10T03:38:01.603609,Rahul,rahul@demo,499.79,0.9338,0,3,7,0.4784,0,1,0,0,1109,0,genuine,
64230f2c-eb11-46ec-b0fb-796bec26e410,2026-09-11T00:22:01.734177,Rahul,rahul@demo,742.3,1.373,0,2,8,0.2582,0,0,0,0,2444,0,genuine,
73e781df-0335-4d59-a424-a3f3b34c3c15,2026-09-12T06:38:01.713378,QuickCash,quickcash@demo,142.62,0.5206,1,1,3,0.4049,0,1,0,0,1363,0,genuine,
39b27613-7436-4b3e-931b-a6282158a4c0,2026-09-12T13:28:01.597718,Rahul,rahul@demo,459.11,0.5183,0,0,22,0.2797,0,0,0,0,984,0,genuine,
5531c2e0-99a2-49b2-9f01-8aa7b1266074,2026-09-10T21:41:01.704102,RewardDesk,rewarddesk@demo,1981.89,1.0034,0,0,14,0.4918,0,0,0,0,1387,0,genuine,
6b6f0fd8-d34f-4b61-ad64-158a62aba2bc,2026-09-11T03:39:01.740916,RewardDesk,rewarddesk@demo,26961.88,2.3947,1,5,72,0.6978,1,0,1,0,217,1,old_fraud,
e5df0674-ce9c-41be-8704-8cf409f91f04,2026-09-10T13:15:01.652169,RewardDesk,rewarddesk@demo,1092.84,1.4788,0,0,9,0.1144,0,0,0,0,1278,1,new_mule_fraud,0.8764
0e8853b8-667e-4d70-95b4-a693ec2a8953,2026-09-11T05:40:01.758807,Rahul,rahul@demo,1239.5,0.4886,1,1,20,0.1712,0,0,0,1,298,0,genuine,
ca9a85e9-0b80-4545-badf-e676d6d72888,2026-09-10T05:37:01.596645,Rahul,rahul@demo,1203.02,0.6316,1,1,8,0.4983,0,0,0,0,1231,0,genuine,
21b74e9e-5914-4a27-b748-db90e31fe34e,2026-09-10T04:07:01.638537,QuickCash,quickcash@demo,2633.9,1.6456,1,0,7,0.1076,0,0,0,0,1605,0,genuine,
fcced3fa-794a-4d36-9ac3-067db10c5736,2026-09-10T08:46:01.638195,QuickCash,quickcash@demo,1609.6,1.5401,0,2,9,0.331,0,0,0,0,1911,0,genuine,
3747915f-3bef-4722-805f-042977a2abfb,2026-09-11T13:02:01.765067,Rahul,rahul@demo,1063.75,1.9906,1,1,3,0.113,0,0,0,0,222,0,genuine,
4ecec64f-a2a1-4991-8448-98c91988f17a,2026-09-11T13:26:01.669478,Neha,neha@demo,433.1,0.8105,0,2,5,0.2343,0,0,1,0,598,0,genuine,
bd971b1f-b5a6-4ebf-8873-3ef0268b2656,2026-09-10T19:30:01.735345,QuickCash,quickcash@demo,2618.11,0.9548,0,2,7,0.2095,0,0,1,0,744,0,genuine,
9d2988e9-5f87-41d1-b8f7-2fbf0f216960,2026-09-10T00:19:01.533103,RewardDesk,rewarddesk@demo,2095.8,1.7436,0,0,13,0.3315,0,0,1,1,1362,0,genuine,
c54db78f-46f8-4d91-9c3f-fa52e5c3e0a7,2026-09-09T21:30:01.779988,Rahul,rahul@demo,991.44,2.0235,0,0,24,0.4512,0,0,0,0,172,0,genuine,
27c935a6-cc16-4563-9e68-937211859304,2026-09-11T23:14:01.677082,Rahul,rahul@demo,661.19,0.781,0,0,10,0.3505,0,0,0,0,1648,0,genuine,
1eefa702-e201-43d9-bee2-ad57608a4d95,2026-09-11T14:14:01.559086,Neha,neha@demo,3598.06,1.8667,0,1,21,0.4468,0,0,0,1,118,0,genuine,
3d27547e-f854-4363-a824-564087c8a574,2026-09-09T22:25:01.694545,Neha,neha@demo,1894.08,2.0965,0,6,24,0.1203,0,1,1,0,395,0,genuine,
6d79e987-97a4-41f4-80a2-f66b53a41ecd,2026-09-09T17:36:01.767811,QuickCash,quickcash@demo,3184.13,0.5029,0,1,24,0.4587,0,0,0,0,885,1,new_mule_fraud,0.9023
f661e9c6-4326-4615-9c79-cad755a85e2e,2026-09-11T02:03:01.617686,Neha,neha@demo,1265.53,1.5207,0,1,10,0.1367,0,1,0,0,2236,0,genuine,
ed8b8eb1-c5f6-4844-b861-5068d90b7cb4,2026-09-10T07:42:01.527451,Neha,neha@demo,1673.36,1.0462,0,1,7,0.1122,0,0,0,0,1578,0,genuine,
b85fc05c-ef90-44f3-b0b2-ad422b966f5f,2026-09-12T10:17:01.751789,RewardDesk,rewarddesk@demo,766.61,1.4299,0,1,23,0.3326,0,0,0,0,1384,0,genuine,
56c660a5-5131-4335-96d0-8388ee67ed13,2026-09-11T15:38:01.597021,RewardDesk,rewarddesk@demo,1554.27,1.6764,0,3,21,0.3983,0,0,0,0,1919,0,genuine,
3c77c2b9-b360-4414-a5cd-11a035c3635e,2026-09-10T10:20:01.673976,Neha,neha@demo,358.83,1.6312,0,2,4,0.1011,0,0,1,0,2007,0,genuine,
f66ff436-7d09-40a3-b6d2-d09c0f39119b,2026-09-10T06:04:01.779669,RewardDesk,rewarddesk@demo,867.14,1.3748,0,0,18,0.3143,0,0,0,0,322,1,new_mule_fraud,0.9977
ebc5cbf7-d42e-411d-ba9b-11d6001212a9,2026-09-10T19:58:01.749874,Neha,neha@demo,398.99,1.3943,1,0,5,0.5429,0,0,0,0,427,0,genuine,
de963420-1bf3-4383-8393-d557921335e7,2026-09-11T14:18:01.783751,Neha,neha@demo,1529.41,0.5022,0,0,7,0.0913,0,0,0,0,2017,0,genuine,
834ef31b-7552-4f68-bb68-5f731be65197,2026-09-11T20:15:01.575869,RewardDesk,rewarddesk@demo,1177.0,1.5584,0,1,22,0.3424,0,0,0,0,607,0,genuine,
e4e1dd23-34e7-4ed1-b55b-49512a868414,2026-09-12T09:13:01.649544,Rahul,rahul@demo,647.89,0.9342,0,0,14,0.0858,0,0,0,0,740,0,genuine,
ce75a370-35ea-4dc5-94ee-3b496e13ee06,2026-09-10T22:49:01.669742,Neha,neha@demo,280.83,1.1329,0,0,6,0.1689,0,0,1,0,450,0,genuine,
c9573195-7243-4a86-96e1-e55f1ff98236,2026-09-10T18:19:01.753383,Rahul,rahul@demo,380.29,1.2131,0,0,3,0.4336,0,0,0,1,328,0,genuine,
3d634d63-1a30-42d0-9a0d-fa71d9352517,2026-09-11T15:12:01.693086,Neha,neha@demo,5081.07,1.6187,0,0,11,0.1837,0,0,1,0,168,0,genuine,
54eb308a-924e-45a3-87c5-24a82f7a712c,2026-09-12T09:20:01.599521,RewardDesk,rewarddesk@demo,415.98,0.7693,0,0,2,0.1388,0,0,1,0,1508,0,genuine,
3e5d9fb5-4775-4507-8156-d1bce84b60ea,2026-09-12T04:23:01.776631,RewardDesk,rewarddesk@demo,751.14,1.6373,1,5,11,0.4291,0,0,0,0,2259,0,genuine,
06f899c1-3b4e-41b3-a493-e9825bd8055f,2026-09-09T18:41:01.764012,Neha,neha@demo,474.06,1.0803,0,0,15,0.2211,0,0,0,0,1418,0,genuine,
1e13f33c-ebbf-484d-9148-d039c9a57136,2026-09-09T16:51:01.539725,RewardDesk,rewarddesk@demo,262.29,2.0692,0,2,23,0.3412,0,0,0,0,1366,0,genuine,
3fe739ed-fc66-4466-91aa-c9088558e33b,2026-09-10T23:44:01.620795,Neha,neha@demo,969.17,1.4467,1,0,12,0.4974,0,0,0,0,2167,0,genuine,
1b333e36-6cfd-4b96-bdc3-abb190b3dd45,2026-09-10T12:10:01.579076,Neha,neha@demo,438.21,1.5943,0,0,8,0.1453,0,0,0,1,1386,0,genuine,
ad1fd9de-dcb2-472d-9e80-0423eab91768,2026-09-10T13:09:01.576412,Neha,neha@demo,3771.51,0.8644,0,3,12,0.2098,0,1,0,0,2168,0,genuine,
ce3bb65c-d26b-4c5a-8795-6ce2e73d6f55,2026-09-11T01:30:01.632376,Rahul,rahul@demo,3138.87,0.2156,1,1,8,0.4621,0,1,0,0,1862,0,genuine,
2caffa68-f25b-44be-a0c2-592a16b0434d,2026-09-10T22:12:01.752726,Rahul,rahul@demo,1112.81,1.2737,0,4,16,0.5397,0,0,0,0,1385,0,genuine,
62c7df54-b6f6-4cc6-afaa-f70aa3d48a11,2026-09-12T04:55:01.769380,QuickCash,quickcash@demo,1529.3,2.1229,0,6,2,0.3385,0,0,0,0,1217,0,genuine,
e24e2655-0969-4cc6-9c38-2d1902a32816,2026-09-11T16:25:01.718496,Rahul,rahul@demo,1807.33,2.1008,0,4,4,0.5283,0,0,0,0,1533,0,genuine,
c57a3b9d-7528-4366-b035-849161d6fed3,2026-09-11T10:42:01.616811,Neha,neha@demo,1391.94,0.9646,1,0,12,0.2429,0,0,0,0,1549,0,genuine,
f6d6857d-ab6f-40c7-9084-9226704053ae,2026-09-10T21:52:01.700159,Neha,neha@demo,3439.29,1.9275,0,1,14,0.459,0,0,0,0,632,0,genuine,
a433b09e-bd74-4e12-b667-be3f8271a65b,2026-09-10T11:08:01.761819,RewardDesk,rewarddesk@demo,982.7,1.7741,0,0,22,0.4333,0,0,0,0,2239,0,genuine,
406c0fd8-5c9d-4608-8d6b-d9559e4dd547,2026-09-11T22:45:01.612485,RewardDesk,rewarddesk@demo,2352.68,0.6704,0,0,23,0.3134,0,0,0,0,1623,1,new_mule_fraud,0.9904
ee1c517e-a218-4076-b811-3c93967a2ffc,2026-09-10T04:38:01.680091,RewardDesk,rewarddesk@demo,2976.47,0.8267,0,1,18,0.2523,0,0,0,0,1027,1,new_mule_fraud,0.9369
46381d36-5541-402b-ace4-f3d8485ea391,2026-09-12T00:21:01.639436,Neha,neha@demo,383.17,0.5927,1,0,2,0.4296,0,0,0,0,2359,0,genuine,
2ac2fcd4-ca5e-46cb-b185-54472ddc5a40,2026-09-10T19:26:01.716055,Neha,neha@demo,506.51,1.1678,0,1,12,0.4188,0,0,0,0,855,0,genuine,
d6a9e35e-da4a-4186-bcb9-cd33cd06dd42,2026-09-09T13:34:01.777509,Neha,neha@demo,812.05,1.3645,0,2,16,0.2849,0,0,0,0,2339,0,genuine,
50e5ac1a-aa75-46db-930a-7819c32969a8,2026-09-11T10:06:01.733812,Rahul,rahul@demo,1181.67,1.4772,0,1,13,0.2778,0,0,0,0,263,0,genuine,
753cceb8-3a0a-47f0-afbd-753a712f99d8,2026-09-09T23:58:01.608815,QuickCash,quickcash@demo,4461.72,2.1211,0,0,3,0.5194,0,0,0,0,570,0,genuine,
1d8e4bb6-4dcd-4dde-823f-ab67976b240b,2026-09-11T21:18:01.716491,QuickCash,quickcash@demo,1187.2,1.9942,1,0,1,0.3077,0,0,0,0,525,0,genuine,
4c16a4eb-6a3c-4688-8dd3-a4dd7d807933,2026-09-12T08:55:01.584404,RewardDesk,rewarddesk@demo,1122.71,2.175,0,0,3,0.1869,0,0,0,0,2129,0,genuine,
fc5d3ad4-f23b-40b7-bb58-f9dc0a2f2969,2026-09-10T21:32:01.736317,Rahul,rahul@demo,3537.28,1.7464,0,3,14,0.1014,0,0,1,0,851,0,genuine,
54be5b30-02d9-4774-a752-99e17c2730e1,2026-09-09T14:58:01.626282,RewardDesk,rewarddesk@demo,849.6,1.5807,1,2,1,0.4828,0,0,0,0,115,0,genuine,
bfa1b070-cd7e-4db2-bac1-8f2de65f4b71,2026-09-11T16:18:01.614164,RewardDesk,rewarddesk@demo,1024.21,1.3668,1,1,16,0.1621,0,0,0,1,888,0,genuine,
4e5a308e-cf33-4eff-8a13-a9f085021149,2026-09-12T12:37:01.654249,QuickCash,quickcash@demo,383.3,0.4984,0,0,4,0.1039,0,0,0,0,185,0,genuine,
65d208f3-d3df-472b-8418-48fa65a42e97,2026-09-11T07:20:01.700719,RewardDesk,rewarddesk@demo,3936.64,0.2114,1,0,1,0.3808,0,0,1,1,481,0,genuine,
b5714936-8f15-4d80-a2eb-4450df30ff9b,2026-09-10T23:02:01.691862,Rahul,rahul@demo,3765.9,0.2099,0,2,17,0.2069,0,0,0,0,909,0,genuine,
3d8700a3-6226-4856-a828-a72bfee033e6,2026-09-09T20:15:01.617290,QuickCash,quickcash@demo,976.89,0.6441,1,0,23,0.145,0,0,0,0,2072,0,genuine,
e2998bf7-71dc-49de-9a2d-20d4e460ffe6,2026-09-10T15:33:01.614402,QuickCash,quickcash@demo,28346.19,2.2479,0,4,31,0.6717,2,0,3,0,226,1,old_fraud,
ce2776ab-0582-4db6-a6d6-7ccd262217a4,2026-09-09T14:19:01.673563,Rahul,rahul@demo,1865.0,2.0037,0,1,11,0.4128,0,0,1,0,1880,0,genuine,
a3876b3f-27c7-431c-82bc-58b251455a1d,2026-09-11T19:41:01.718029,Rahul,rahul@demo,832.49,0.9783,0,2,15,0.5289,0,1,0,0,1209,0,genuine,
b781d303-eba8-4480-a605-65937b1686f4,2026-09-10T04:16:01.698099,Neha,neha@demo,884.92,1.4058,0,2,10,0.2344,0,0,0,0,820,0,genuine,
a314d151-5877-47fa-94cb-674f4d868478,2026-09-09T19:14:01.763853,QuickCash,quickcash@demo,1067.67,1.6441,0,4,19,0.178,0,1,0,0,461,0,genuine,
d2c113f7-00cf-4c4c-b9c5-16e3b205f646,2026-09-12T09:23:01.588074,QuickCash,quickcash@demo,2966.85,0.9497,0,2,17,0.2289,0,0,0,1,181,0,genuine,
139eccdf-97c8-4947-9b6e-48ec3a7afbab,2026-09-11T09:18:01.623676,Rahul,rahul@demo,843.02,1.4332,0,0,9,0.4013,0,0,0,0,282,0,genuine,
554cf7c5-9279-46f1-bbc0-f41afe70fd6c,2026-09-12T07:02:01.680551,Neha,neha@demo,487.14,1.6589,0,1,2,0.4137,0,0,0,0,987,0,genuine,
e36bb865-98da-4898-9b04-035d541e3ce2,2026-09-11T04:05:01.781980,RewardDesk,rewarddesk@demo,22869.22,4.5355,1,5,37,0.918,4,1,2,1,114,1,old_fraud,
530833be-0250-4f79-b85d-28f857ed037d,2026-09-10T19:19:01.735777,Neha,neha@demo,248.8,0.4118,0,0,1,0.1795,0,0,0,0,904,0,genuine,
6654a5f5-3024-461d-a2a1-2cdfda55e8e0,2026-09-12T03:35:01.681969,QuickCash,quickcash@demo,438.05,0.5597,0,2,24,0.3977,0,0,1,0,2129,0,genuine,
db593aff-7de3-44a0-a2aa-22aacfa728a3,2026-09-12T11:27:01.603818,Neha,neha@demo,1262.04,1.1039,0,1,19,0.4195,0,0,1,1,1034,0,genuine,
ac36305d-9f7d-42a0-9e0a-a59162e98f8e,2026-09-12T02:36:01.758469,Rahul,rahul@demo,1242.04,1.8395,0,0,3,0.4088,0,0,0,0,1348,0,genuine,
639bd247-d2cb-4565-aa31-426aa43a5229,2026-09-10T20:07:01.764771,Neha,neha@demo,1530.84,0.573,0,0,15,0.2337,0,0,0,1,1760,0,genuine,
e577fc6d-ab56-4b34-b321-07d60e47edc2,2026-09-10T20:41:01.680813,Neha,neha@demo,1326.19,1.7873,0,2,3,0.3833,0,1,0,0,254,0,genuine,
b234aa65-5771-4d5e-a1a0-1939e85c621f,2026-09-12T12:23:01.620900,RewardDesk,rewarddesk@demo,5884.84,0.6925,0,3,17,0.2047,0,0,0,0,1378,0,genuine,
a7afea39-f473-4c8e-b28a-dfb375cd729c,2026-09-11T20:04:01.635494,Neha,neha@demo,1748.73,0.4612,1,4,16,0.0938,0,0,0,0,142,0,genuine,
b0ca2e42-8068-4197-affc-cf08a3552009,2026-09-10T11:55:01.645486,RewardDesk,rewarddesk@demo,2347.92,1.6907,0,2,12,0.0833,0,0,0,0,520,0,genuine,
84733c75-c4ff-4891-98cc-873bd189b796,2026-09-12T04:03:01.574711,RewardDesk,rewarddesk@demo,390.25,0.8285,0,1,22,0.444,0,0,0,0,517,0,genuine,
b3a77fb1-f0a2-4798-b349-0c54345d9f4a,2026-09-10T20:10:01.706286,Neha,neha@demo,1811.59,1.2292,0,0,3,0.4526,0,0,0,0,185,0,genuine,
0889fb5a-6555-4fc1-8498-15fd2f851fdb,2026-09-10T07:34:01.782142,RewardDesk,rewarddesk@demo,397.99,1.1668,0,2,7,0.4431,0,0,0,1,1099,0,genuine,
5296a0ed-ccfa-4363-a0ab-224c3e5fab6e,2026-09-11T20:44:01.677028,RewardDesk,rewarddesk@demo,1425.88,0.7968,0,1,11,0.3557,0,1,0,0,1756,1,new_mule_fraud,0.8733
92bb26bf-5167-4bd7-94ca-df8683e97caa,2026-09-11T09:55:01.718540,RewardDesk,rewarddesk@demo,1651.22,1.0141,0,0,8,0.1739,0,0,0,0,1751,1,new_mule_fraud,0.9613
e83c121f-c741-4989-a878-ae2c3627caae,2026-09-12T02:52:01.592765,RewardDesk,rewarddesk@demo,940.97,2.1529,0,2,2,0.4246,0,0,0,1,1601,0,genuine,
d4a2a397-9bbd-4d7f-83ef-9c3ed40c29c7,2026-09-10T10:35:01.597645,RewardDesk,rewarddesk@demo,3431.58,1.672,0,0,23,0.2829,0,0,0,0,1318,0,genuine,
fbe13e17-ddf3-4160-a73a-d659471811e6,2026-09-12T07:50:01.626974,Rahul,rahul@demo,819.84,0.3614,0,0,24,0.0538,0,0,0,0,1511,0,genuine,
b852c707-2af3-4a71-8969-7109328436f4,2026-09-10T00:29:01.701931,Neha,neha@demo,1200.36,1.003,0,1,6,0.5311,0,0,0,0,2116,0,genuine,
2a072757-1005-4e07-b426-ece68005417b,2026-09-10T06:38:01.736560,Rahul,rahul@demo,2551.88,0.2847,0,1,7,0.3022,0,0,0,0,2106,0,genuine,
367c5acb-89cc-4131-8278-858e722d2f1c,2026-09-11T14:27:01.723600,Rahul,rahul@demo,280.14,0.7107,0,4,1,0.1502,0,0,0,0,1799,0,genuine,
f4d9766f-90ae-492f-9ec6-eed1fb983d27,2026-09-12T05:35:01.591664,QuickCash,quickcash@demo,1974.94,0.2366,0,2,4,0.189,0,0,0,0,1051,0,genuine,
08222674-c18d-4d39-b935-cf4e45866e1f,2026-09-10T19:49:01.606952,Neha,neha@demo,557.33,0.3861,0,0,19,0.1147,0,0,0,0,2153,0,genuine,
64c4a9d0-fd2e-4d52-97ef-e65a2da0b57a,2026-09-11T17:08:01.774482,RewardDesk,rewarddesk@demo,702.86,2.0173,0,0,20,0.5246,0,0,0,0,1862,0,genuine,
0a8793ee-77e9-4602-9df7-d082852bc3cf,2026-09-12T01:18:01.648164,Rahul,rahul@demo,2396.05,0.5661,0,1,3,0.1128,0,0,0,0,567,0,genuine,
0157682a-2cf0-4d78-861e-253c61e80871,2026-09-11T09:47:01.677348,RewardDesk,rewarddesk@demo,800.09,1.313,1,2,1,0.2978,0,0,1,1,352,0,genuine,
0b7102a1-5baa-42a8-8abc-c2350b9da5d4,2026-09-09T15:43:01.582687,RewardDesk,rewarddesk@demo,1195.95,0.284,0,1,24,0.2715,0,0,0,0,473,0,genuine,
1371d876-7723-4edf-964c-d20504392ef8,2026-09-11T16:32:01.666506,Rahul,rahul@demo,2612.81,1.2637,1,1,18,0.2796,0,0,0,1,2464,0,genuine,
238bdfb0-083f-4993-b410-06db30491d11,2026-09-10T19:30:01.614293,Rahul,rahul@demo,886.27,0.4628,1,0,9,0.0777,0,0,1,0,473,0,genuine,
e95d5d77-3105-4de2-98cd-b950777fba6a,2026-09-10T05:52:01.650101,Neha,neha@demo,4113.55,1.1551,0,2,14,0.2195,0,0,1,1,160,0,genuine,
33f04df4-46dc-4197-a6e3-11c9dacb1ab0,2026-09-11T00:08:01.610029,Neha,neha@demo,1973.14,0.4285,0,2,19,0.4818,0,0,0,1,2382,0,genuine,
0e991671-900c-4c5d-9472-04d8e63d5d71,2026-09-12T13:46:01.557153,RewardDesk,rewarddesk@demo,694.58,0.7774,0,3,23,0.0645,0,0,0,0,378,0,genuine,
da0db9ed-c2ce-4be7-beb6-6f78f2eb8623,2026-09-10T11:00:01.595330,QuickCash,quickcash@demo,4979.34,1.0053,0,1,6,0.3802,0,1,0,0,1191,0,genuine,
49b53ebd-3125-4afe-9295-9cbaa25b2630,2026-09-12T04:57:01.685549,Rahul,rahul@demo,1038.75,2.1358,0,2,5,0.4154,0,0,0,0,932,0,genuine,
2f5cdcbc-b22d-451f-bc1d-75f2845939ea,2026-09-10T07:49:01.700869,Rahul,rahul@demo,1331.77,0.3548,0,0,21,0.3497,0,0,0,0,644,0,genuine,
f42bbe6a-dc3f-47a2-9434-10b2fb01c04e,2026-09-12T11:15:01.757552,Rahul,rahul@demo,3499.25,1.3884,0,1,19,0.1627,0,0,0,0,901,1,new_mule_fraud,0.995
01d993a0-58b2-4e3e-b650-1265961a08ed,2026-09-11T03:38:01.611449,RewardDesk,rewarddesk@demo,864.6,1.4432,0,2,17,0.3868,0,0,0,1,1624,0,genuine,
8da7f2f8-fcb6-4b37-b05e-2a3ab1bd152f,2026-09-10T03:15:01.750401,Neha,neha@demo,244.57,0.3513,0,0,17,0.2062,0,0,1,0,657,0,genuine,
6498dfae-9cb7-42f4-a983-9bb2d19f6c12,2026-09-10T23:11:01.590671,Neha,neha@demo,1792.19,2.1883,0,2,9,0.3474,0,0,0,0,1333,0,genuine,
82a3d037-2330-4c0f-894c-50ac284d8af6,2026-09-10T01:39:01.669321,RewardDesk,rewarddesk@demo,2357.36,1.5986,0,0,17,0.4417,0,0,0,0,952,0,genuine,
dfd31a4e-2b8f-4983-9201-dfd486f6df1f,2026-09-10T05:13:01.656245,Neha,neha@demo,3200.35,0.7875,0,2,1,0.1746,0,0,0,0,1713,0,genuine,
38fbc4f1-79f1-4b3b-b503-fadc30fe6051,2026-09-09T23:10:01.654055,Rahul,rahul@demo,1101.4,0.2028,0,0,24,0.2248,0,1,0,0,952,0,genuine,
c7049726-15dd-46d8-88ce-1e2c735a436c,2026-09-11T22:24:01.597991,Neha,neha@demo,267.47,2.0553,0,0,20,0.1243,0,0,0,0,874,0,genuine,
bf04a2ac-f7b3-4b48-8ff8-6dd95afb9c43,2026-09-11T03:39:01.698463,QuickCash,quickcash@demo,754.59,0.2661,1,1,15,0.245,0,0,0,0,853,0,genuine,
8aa01090-f3f8-4682-a97c-2587fd90262a,2026-09-11T13:50:01.647031,Neha,neha@demo,39620.18,3.5076,0,3,29,0.8241,1,0,2,1,117,1,old_fraud,
40e02552-4b2e-4a6d-a602-94f8bd0afc1e,2026-09-12T12:27:01.554077,QuickCash,quickcash@demo,2441.6,2.0471,1,0,18,0.2844,0,0,1,0,1282,0,genuine,
0271173b-9157-459c-8874-85e48248bdf1,2026-09-12T01:42:01.662508,Rahul,rahul@demo,1217.32,0.8829,0,1,6,0.5266,0,0,0,0,796,0,genuine,
9d41c58d-18f9-483b-bab4-7f0ec501f358,2026-09-10T09:22:01.783192,Neha,neha@demo,2386.55,0.3948,1,1,21,0.1613,0,0,0,0,1596,0,genuine,
826504e7-eff2-4b19-91d7-cdb13df2c986,2026-09-12T12:47:01.677740,Neha,neha@demo,3089.06,0.9279,0,4,23,0.3431,0,0,0,0,450,0,genuine,
d4c38019-5aef-48c9-a53c-d011a4c2fe13,2026-09-11T01:35:01.692875,Neha,neha@demo,616.4,1.2701,0,5,6,0.4644,0,0,0,0,1731,0,genuine,
834231f3-1d65-4c7b-8aa7-925222c1f899,2026-09-11T00:48:01.536029,Neha,neha@demo,41955.97,4.1559,1,3,38,0.9103,3,1,2,0,118,1,old_fraud,
4c2368c6-2987-4130-a374-1533b67c2869,2026-09-09T19:24:01.560267,Neha,neha@demo,2261.64,0.5954,1,0,11,0.5036,0,0,0,0,1957,0,genuine,
b0b34e62-8f1b-4066-b910-e2a36c74b1e9,2026-09-10T04:46:01.664085,QuickCash,quickcash@demo,276.94,1.4627,1,0,20,0.3518,0,0,0,0,1789,0,genuine,
dffcf7a5-546d-4eaf-978a-3d3cb67485b1,2026-09-12T06:10:01.706508,Neha,neha@demo,2877.35,0.7347,0,0,10,0.268,0,0,1,0,1176,0,genuine,
174f8ab1-078c-4260-ab3e-8c6da1e7cf1c,2026-09-12T08:05:01.640899,RewardDesk,rewarddesk@demo,1319.88,2.1473,0,0,11,0.1671,0,1,0,0,1682,0,genuine,
5da41be0-c23a-4ffd-8a1d-ae90666ccfeb,2026-09-11T20:48:01.780566,QuickCash,quickcash@demo,3030.89,2.0646,0,2,7,0.242,1,0,0,0,1839,0,genuine,
ef8ca632-c185-46a8-8715-2af339e72bda,2026-09-12T11:49:01.604079,Rahul,rahul@demo,341.53,0.5147,0,1,16,0.4709,0,0,0,0,1494,0,genuine,
371099cd-bffe-4abb-98b6-8d966f686229,2026-09-11T22:45:01.726774,Rahul,rahul@demo,2905.06,1.9879,0,2,11,0.3369,0,0,0,0,1295,0,genuine,
a9f0a448-259f-46c0-8086-9f66fb4bd1bb,2026-09-10T22:34:01.731951,RewardDesk,rewarddesk@demo,3364.69,1.0763,1,2,1,0.087,0,0,1,0,842,0,genuine,
c0c82d9a-dc88-4124-abc0-bf52c85acd50,2026-09-11T19:47:01.642333,Neha,neha@demo,3906.42,1.412,0,1,6,0.4954,1,0,0,0,501,0,genuine,
2148d50d-b6a2-4aee-8ede-9e2f674d43c9,2026-09-11T09:24:01.724106,QuickCash,quickcash@demo,1385.76,0.4712,0,1,2,0.2985,0,0,1,0,2366,0,genuine,
e8944f15-913d-49ba-9ae5-f252e405dabc,2026-09-11T12:38:01.566714,Rahul,rahul@demo,652.03,1.556,0,0,21,0.1705,0,0,0,0,1712,0,genuine,
1375d0d4-dfbb-4af5-bf6a-f03f914b34c0,2026-09-11T23:21:01.781255,Neha,neha@demo,747.4,1.8338,0,2,19,0.1099,0,0,0,0,161,0,genuine,
8422cba9-1778-4f4c-873a-f37f43ef0292,2026-09-11T12:27:01.580928,Rahul,rahul@demo,39418.07,3.9818,1,6,57,0.7568,3,1,1,0,29,1,old_fraud,
c22deac6-2a54-4970-b4e1-29bca578c8f0,2026-09-12T03:32:01.719509,QuickCash,quickcash@demo,3912.2,0.9243,0,0,12,0.3399,0,0,0,0,1426,0,genuine,
194d4a10-168b-4c53-b06d-929be2af5d76,2026-09-10T15:55:01.650047,RewardDesk,rewarddesk@demo,844.89,0.5949,0,0,17,0.2274,0,0,0,0,1739,0,genuine,
e5897d26-1c1c-421d-9948-df3b52488674,2026-09-12T08:48:01.587997,Neha,neha@demo,1752.88,0.4862,0,2,17,0.5102,0,1,0,0,925,0,genuine,
ea300a6c-3b6a-4687-973c-9c471ac873c9,2026-09-11T23:42:01.681839,Rahul,rahul@demo,775.02,1.0747,1,2,18,0.2419,0,0,0,0,2189,0,genuine,
2d24c57a-36cc-4c7c-8e5d-f74f646d2649,2026-09-10T07:50:01.644830,Rahul,rahul@demo,1576.46,0.3233,0,1,13,0.5264,0,0,0,0,1872,0,genuine,
9d80bc53-6998-4469-8fd3-82d853ca5639,2026-09-09T19:08:01.571485,Neha,neha@demo,1906.61,0.856,0,3,15,0.5442,0,1,0,0,427,0,genuine,
30bdb736-655b-4153-b5e7-e10f7f803722,2026-09-11T04:03:01.715401,Neha,neha@demo,2310.8,1.5953,0,2,2,0.3157,0,1,0,0,879,0,genuine,
c74e0de0-a77a-493e-b9e4-552a35964e95,2026-09-11T14:58:01.556606,Rahul,rahul@demo,1212.63,1.3823,0,3,6,0.3138,0,0,0,0,321,0,genuine,
3dcc4648-3cd2-401e-8bc3-d61bb4e19060,2026-09-11T16:12:01.618533,Rahul,rahul@demo,307.7,1.3266,1,1,1,0.3274,0,0,0,0,1001,0,genuine,
bb16635f-405d-48c9-8344-887c250273aa,2026-09-11T19:32:01.773998,Rahul,rahul@demo,2282.51,0.4173,0,1,24,0.2827,0,0,0,0,1065,0,genuine,
62992353-5d32-46f2-ac9b-47c30e781ff3,2026-09-10T13:06:01.633399,RewardDesk,rewarddesk@demo,1200.89,1.3322,0,0,1,0.1138,0,0,0,1,570,0,genuine,
5d54fff6-ea1b-4f43-9025-d733b611f199,2026-09-10T06:30:01.755825,QuickCash,quickcash@demo,552.21,2.017,0,1,10,0.2396,0,1,1,0,1212,0,genuine,
5f2ea323-875c-4042-9eec-e673b778a8fb,2026-09-12T04:20:01.665849,Rahul,rahul@demo,2081.81,0.5158,0,0,3,0.2392,0,0,0,1,646,0,genuine,
aad15bf9-f8a7-4c1e-9142-c6a810f966f2,2026-09-10T09:47:01.610574,RewardDesk,rewarddesk@demo,1249.51,0.7666,0,1,18,0.2746,0,0,0,0,2046,0,genuine,
009c2703-7a2d-4db4-8c31-bb4d728b7cc7,2026-09-10T17:53:01.724525,RewardDesk,rewarddesk@demo,1072.31,1.0227,0,2,13,0.2558,0,0,0,0,1289,0,genuine,
a2bca001-c5e8-4c82-b38f-59a28800ab0c,2026-09-11T23:52:01.764467,Neha,neha@demo,955.7,1.8554,1,1,22,0.316,0,0,0,1,279,0,genuine,
384565e8-9af1-4c69-b28b-4404271e40e4,2026-09-10T15:01:01.686978,RewardDesk,rewarddesk@demo,1185.78,1.5186,0,2,10,0.4565,0,0,0,1,1394,0,genuine,
1c648479-d93e-4208-91a5-88d89b054b37,2026-09-11T16:34:01.624039,QuickCash,quickcash@demo,1470.85,2.1428,0,1,9,0.1542,0,0,1,1,542,0,genuine,
4ba5a468-f7f5-4016-9856-4155cb7b3fa1,2026-09-10T10:39:01.701082,Neha,neha@demo,1599.41,2.1552,0,1,4,0.4602,0,0,0,0,2470,0,genuine,
f3c921ad-1026-4730-b172-5b9efde3a676,2026-09-11T10:04:01.691598,QuickCash,quickcash@demo,1527.19,1.8585,0,1,4,0.0974,0,0,0,0,2448,0,genuine,
f7eb0e78-5e22-4342-a674-14035e5226a2,2026-09-10T16:08:01.705439,Neha,neha@demo,2844.68,1.7093,0,1,7,0.265,0,1,0,0,2016,0,genuine,
4c444e0d-f4cc-425a-87d3-1120fc20024e,2026-09-10T16:20:01.685605,Rahul,rahul@demo,3287.17,0.81,0,2,9,0.1156,1,0,0,0,2495,0,genuine,
e248a29b-6eaa-4fc3-9887-4843c0508af9,2026-09-10T02:48:01.567963,QuickCash,quickcash@demo,1478.42,1.5149,1,0,4,0.4383,0,1,0,0,1260,0,genuine,
5e379a50-8275-4178-8b92-034a143e85e0,2026-09-11T05:22:01.568822,Neha,neha@demo,1591.78,0.6985,1,2,17,0.1239,0,0,0,0,1028,0,genuine,
a69d3fc0-58de-48ce-ae99-9843fcb0480a,2026-09-12T12:50:01.717950,Neha,neha@demo,1769.62,0.3393,0,1,19,0.3148,0,0,0,0,430,0,genuine,
05dac92e-0a3b-4279-b06c-10e301a4e9fb,2026-09-11T02:24:01.586879,Neha,neha@demo,610.99,1.7775,1,1,17,0.2622,0,0,0,0,1692,0,genuine,
4350eca1-50f8-43de-b1c2-6783aeb0a607,2026-09-10T08:14:01.618780,Neha,neha@demo,3205.87,1.3191,0,1,24,0.3554,0,1,0,0,600,0,genuine,
36768067-22e0-471c-8de2-35cd2b394f85,2026-09-10T17:00:01.647440,RewardDesk,rewarddesk@demo,15049.13,5.1661,1,3,39,0.9329,4,1,2,1,11,1,old_fraud,
d485045a-be51-4ea6-97a2-23224df76351,2026-09-09T14:06:01.568899,Neha,neha@demo,899.49,0.3736,0,2,13,0.3291,0,0,0,0,1402,0,genuine,
04a261a6-300b-4266-be14-2631d17e2439,2026-09-09T15:12:01.694817,Rahul,rahul@demo,934.25,1.229,0,3,2,0.1201,0,0,0,0,1417,0,genuine,
60ef0ace-5697-49ae-8c31-560512e55607,2026-09-12T06:21:01.607750,RewardDesk,rewarddesk@demo,8045.95,1.9302,0,2,6,0.4732,0,0,0,0,2434,0,genuine,
93e52568-f90f-41d1-89bd-e4473a5e3e02,2026-09-11T06:37:01.562503,RewardDesk,rewarddesk@demo,1488.26,0.4104,0,1,8,0.1363,0,0,0,0,1497,0,genuine,
ad65d9c7-4724-46d2-84d3-7734829c07f8,2026-09-11T22:09:01.724468,Neha,neha@demo,842.85,1.0925,0,0,1,0.3906,0,1,0,0,684,0,genuine,
523e21d7-e48e-46e8-914f-5ec621abc5b4,2026-09-10T05:25:01.750972,Neha,neha@demo,1012.4,1.399,1,1,10,0.4506,0,0,0,0,738,0,genuine,
43be13e7-874d-4195-9a24-589a45467722,2026-09-11T10:53:01.606000,Neha,neha@demo,1077.15,1.7078,0,0,20,0.2631,0,0,0,0,210,0,genuine,
a6bd6a63-1822-4110-a351-edb8d93b9193,2026-09-10T00:02:01.767863,Rahul,rahul@demo,1198.08,1.2782,0,3,22,0.1929,0,0,0,0,1510,0,genuine,
6e62a3cb-01aa-4a81-b480-104955093f8e,2026-09-11T04:41:01.654188,Neha,neha@demo,1405.78,0.2616,0,0,6,0.4357,0,0,0,0,681,0,genuine,
578bf893-6948-477e-ae4c-576a14bb3e52,2026-09-10T15:27:01.615486,RewardDesk,rewarddesk@demo,15893.67,2.1766,1,4,64,0.6894,1,1,2,1,52,1,old_fraud,
31e2c6b2-63fa-49db-b997-3de704d82b30,2026-09-11T06:14:01.771676,Rahul,rahul@demo,334.36,1.1027,1,0,3,0.3589,0,0,0,0,971,0,genuine,
a7fbdc47-f333-4862-8c04-a2d90e37ef52,2026-09-12T06:15:01.528394,Rahul,rahul@demo,4116.12,0.2876,1,2,1,0.1885,0,0,0,0,1912,0,genuine,
e02efcbf-1a5b-445f-b8a7-c56f062fc47f,2026-09-12T08:26:01.716941,RewardDesk,rewarddesk@demo,2843.26,0.9287,0,1,24,0.2345,0,0,0,0,1206,1,new_mule_fraud,0.8799
d02d5e8d-a608-449b-8ab4-0efaf4f3aede,2026-09-09T20:26:01.567490,Neha,neha@demo,423.67,1.5242,0,1,18,0.4939,0,0,0,0,1928,0,genuine,
c211fd68-dd8f-4825-a980-5d89f9de4b48,2026-09-09T23:21:01.632830,RewardDesk,rewarddesk@demo,1840.71,1.7687,0,0,8,0.1296,0,0,0,0,1632,0,genuine,
c39b323f-1000-49a4-bc2d-1507ee52fbf6,2026-09-10T01:48:01.702438,Neha,neha@demo,445.39,0.553,0,2,15,0.1788,0,0,1,0,648,0,genuine,
d46125c4-0d58-43bc-bdbc-d1480c21f34c,2026-09-11T16:37:01.598931,QuickCash,quickcash@demo,3456.89,1.8829,0,0,20,0.4583,0,0,0,0,577,0,genuine,
3c82d328-9cc5-4307-85a3-453d77190b2b,2026-09-11T12:48:01.564245,RewardDesk,rewarddesk@demo,678.19,0.8118,0,0,14,0.312,0,0,0,0,2364,0,genuine,
6899f915-4857-4328-8e89-9c59c6f39923,2026-09-12T10:02:01.537350,Rahul,rahul@demo,14523.08,4.6991,0,3,73,0.9684,2,0,1,1,155,1,old_fraud,
0b39813b-d18c-468b-80cd-08f939cfb9a9,2026-09-09T13:50:01.666348,RewardDesk,rewarddesk@demo,1005.81,2.1773,0,2,24,0.4204,0,0,0,0,1272,0,genuine,
ef994eb9-c1f5-4228-8521-bf0fef10d0c5,2026-09-11T07:31:01.648642,Neha,neha@demo,6699.97,1.6684,0,0,13,0.2701,0,0,1,0,1700,0,genuine,
7d1ce272-1de5-44f4-b3c7-32551ce4133c,2026-09-09T13:45:01.623351,RewardDesk,rewarddesk@demo,213.28,2.1675,0,2,23,0.0676,0,0,0,0,317,0,genuine,
3e081617-42c7-44f8-a7dd-c91634194c29,2026-09-11T03:47:01.705268,Neha,neha@demo,1702.91,0.8922,0,1,8,0.5295,0,0,0,0,1509,0,genuine,
ac4ce716-d40d-44d1-bcb9-e5b0ff7a3f7a,2026-09-10T05:31:01.567335,Neha,neha@demo,1340.34,1.0514,0,0,22,0.0959,0,1,0,0,1617,0,genuine,
dfd44a51-c328-408d-b919-013b23786cd1,2026-09-11T07:17:01.587687,Rahul,rahul@demo,2554.23,1.1787,0,0,8,0.4647,0,0,0,0,2310,0,genuine,
280ec0ad-2e4b-40c3-8301-13c20b5330f9,2026-09-09T21:41:01.545299,Neha,neha@demo,398.29,0.659,0,2,16,0.2837,0,0,0,0,1151,0,genuine,
76586503-7213-4824-8607-278bb9cbc9fe,2026-09-11T12:09:01.639721,QuickCash,quickcash@demo,352.77,1.1455,1,2,23,0.5446,0,0,0,0,1196,0,genuine,
bc8795cc-3814-47e0-a938-36b11912982c,2026-09-12T02:52:01.651091,Neha,neha@demo,1319.73,1.1016,1,0,23,0.3944,0,0,0,0,2165,0,genuine,
b0a16cd3-064b-473b-bb9f-8098c051e35e,2026-09-11T06:42:01.542388,Neha,neha@demo,2016.42,0.9223,0,2,9,0.0521,0,0,0,1,1207,0,genuine,
e981df54-200b-4aa4-af76-89237d2c6fe8,2026-09-10T07:19:01.684019,Neha,neha@demo,1495.62,1.684,0,2,2,0.1267,0,0,0,0,351,0,genuine,
5069f5fa-89a9-478c-82a9-d17f4006add3,2026-09-10T14:13:01.719606,RewardDesk,rewarddesk@demo,1328.37,0.6148,0,1,16,0.108,0,0,0,0,617,1,new_mule_fraud,0.9261
6ad4634f-1784-4f15-bc52-00b17761cc79,2026-09-12T13:42:01.554412,Neha,neha@demo,556.83,1.0808,0,1,16,0.1941,0,0,0,0,2268,0,genuine,
e08b83ee-141e-4b4d-bae1-d68cf8693c34,2026-09-11T18:17:01.528667,Rahul,rahul@demo,930.34,1.6433,0,2,13,0.1609,0,0,0,0,412,0,genuine,
44abcdcb-8e72-449f-83b6-2e87e9b919f7,2026-09-10T08:04:01.656454,Rahul,rahul@demo,1084.48,2.0061,0,0,3,0.5367,0,0,0,0,1118,0,genuine,
274c37d8-cd41-4d67-89a5-de6c17b77bc4,2026-09-10T23:42:01.665310,Rahul,rahul@demo,898.34,1.6621,0,3,23,0.3021,0,0,0,0,1105,0,genuine,
969c53bb-4df2-4d1a-932e-1159348e60d1,2026-09-10T19:18:01.582447,QuickCash,quickcash@demo,1306.94,2.0101,0,1,12,0.2275,0,0,0,0,979,0,genuine,
265ee376-c78c-4d3f-8770-b76446c1af23,2026-09-11T10:08:01.756985,RewardDesk,rewarddesk@demo,1048.74,1.1493,1,1,6,0.3333,0,0,0,0,1585,0,genuine,
f26b5597-2650-47af-ba37-3f50114e67a6,2026-09-10T21:04:01.691546,RewardDesk,rewarddesk@demo,1368.23,0.334,0,1,18,0.473,0,0,0,0,1546,0,genuine,
a87d3d19-efa4-43ed-9643-47e6467c6b79,2026-09-12T05:09:01.631571,Neha,neha@demo,1195.47,1.6897,0,1,9,0.4661,0,1,0,0,1962,0,genuine,
bc999316-bccd-4440-a892-c2ed36d1ccd0,2026-09-12T11:56:01.606827,Neha,neha@demo,3501.42,1.3445,0,1,9,0.3801,0,1,0,1,453,0,genuine,
1ad52c13-cab6-4f03-b3af-f705cd549b19,2026-09-09T17:01:01.665076,RewardDesk,rewarddesk@demo,1495.2,1.4316,1,1,1,0.0703,0,1,0,0,2213,0,genuine,
e90b6f18-3015-451b-8b84-85a87a5e7ebd,2026-09-11T21:08:01.730317,Rahul,rahul@demo,936.99,0.5876,0,0,24,0.1059,0,0,0,0,1589,0,genuine,
a28edbc1-0c71-4865-b4e5-ba951496e7cc,2026-09-09T18:52:01.775172,Rahul,rahul@demo,2331.78,0.6332,0,0,14,0.1794,0,0,0,0,1175,0,genuine,
37a756b7-bb49-46f4-a827-3d76301ec0bb,2026-09-11T10:27:01.755351,RewardDesk,rewarddesk@demo,2900.2,0.4285,0,2,22,0.1166,0,0,1,0,566,0,genuine,
8dbe8ed2-d6f4-43ba-bac9-fd12b3553add,2026-09-11T09:58:01.784072,Neha,neha@demo,455.62,1.4863,0,3,17,0.5257,0,1,0,0,406,0,genuine,
4e4b4181-63bf-4273-bec9-e43b1fd9b404,2026-09-11T06:37:01.652436,Neha,neha@demo,2165.05,1.5517,0,2,10,0.2957,0,0,1,0,455,0,genuine,
d53a5db3-bfe2-403d-bfaf-3a16ec904bf7,2026-09-09T21:10:01.692203,RewardDesk,rewarddesk@demo,2017.94,0.7996,1,2,10,0.3102,0,0,0,0,1551,0,genuine,
4d083aea-ed4c-47b8-bf13-26639ed3f8ff,2026-09-11T22:48:01.748091,Rahul,rahul@demo,1720.82,1.1111,0,0,17,0.3568,0,0,0,0,691,0,genuine,
35c4d246-7e78-455b-88db-f9ee5a445c62,2026-09-11T00:35:01.716640,Rahul,rahul@demo,1437.02,0.9219,1,0,6,0.36,0,0,0,0,1082,1,new_mule_fraud,0.998
d648f69b-c2c3-4933-ac14-3a7765ebee34,2026-09-12T08:00:01.773291,Neha,neha@demo,2344.62,0.4649,0,0,10,0.2019,0,0,0,0,556,0,genuine,
e9ee2f60-6542-4bbe-8527-788feac8764c,2026-09-11T08:01:01.528991,RewardDesk,rewarddesk@demo,5808.34,1.2689,0,0,19,0.5414,0,0,0,0,2299,0,genuine,
4549cd5b-7574-4906-90d1-ee7fe54bc8f2,2026-09-09T19:40:01.590377,Rahul,rahul@demo,1578.52,0.3553,0,6,16,0.3765,0,0,0,0,1142,0,genuine,
8bbc4cfb-f32f-4393-99f4-31d42a717887,2026-09-11T13:18:01.595092,Rahul,rahul@demo,2641.65,1.4933,0,0,16,0.0641,0,1,0,1,2020,0,genuine,
aaa19129-d7dd-47bb-915d-ef19753700eb,2026-09-12T12:45:01.578684,QuickCash,quickcash@demo,791.7,1.7903,0,0,2,0.335,0,0,1,0,1670,0,genuine,
ba8945d8-2bb8-48f1-9f19-595f8de2f5dc,2026-09-11T19:56:01.743495,Neha,neha@demo,746.39,0.8621,1,2,16,0.1781,0,0,0,0,281,0,genuine,
fc0a99ad-1395-4daa-a59b-3f8e32089984,2026-09-10T18:21:01.773026,RewardDesk,rewarddesk@demo,2821.88,1.7095,0,1,1,0.2566,0,0,0,0,1876,0,genuine,
873dceb3-8e9e-4941-81f9-efcdfb101b4b,2026-09-12T00:02:01.583576,RewardDesk,rewarddesk@demo,28059.93,4.7952,1,4,76,0.9074,2,1,2,0,57,1,old_fraud,
20971f6c-3e71-4736-979d-64dcc356a453,2026-09-12T11:06:01.663446,Neha,neha@demo,3079.56,0.7667,1,2,22,0.4853,0,0,0,0,1490,0,genuine,
12569290-d970-4e5c-a37d-2f6446cc9908,2026-09-11T13:49:01.663181,RewardDesk,rewarddesk@demo,2488.34,1.6046,0,2,8,0.461,0,0,0,1,1643,0,genuine,
4d9546d8-9cb9-4a06-bf25-5f2c6bdd666f,2026-09-12T07:51:01.569720,RewardDesk,rewarddesk@demo,1134.2,1.1283,0,2,12,0.1302,0,0,0,0,602,0,genuine,
ef8a05e8-9c19-408b-9a4f-37663b7f5628,2026-09-10T11:37:01.772742,QuickCash,quickcash@demo,314.12,0.5684,1,2,23,0.4414,1,0,0,0,109,0,genuine,
9081c3ff-93b5-44fb-861b-fffd08839375,2026-09-09T22:40:01.612019,QuickCash,quickcash@demo,2218.97,0.991,1,0,1,0.4455,0,0,1,1,334,0,genuine,
88b1d9b5-4a41-41af-b270-4e5acdce4b97,2026-09-12T01:33:01.644725,RewardDesk,rewarddesk@demo,3013.43,1.2249,1,1,12,0.2558,0,0,0,0,386,1,new_mule_fraud,0.8808
c11fa9bb-cf24-4d19-8bfa-01b024a02b3a,2026-09-11T22:15:01.773239,RewardDesk,rewarddesk@demo,2111.94,1.6385,0,1,1,0.2638,0,1,0,1,1814,0,genuine,
5a1d7747-4c4c-4dc1-9e13-bc0ec7cd27eb,2026-09-12T13:22:01.778822,Rahul,rahul@demo,355.72,0.425,1,1,11,0.3456,0,1,0,0,2095,0,genuine,
126bc2e8-d77a-47a1-9f1e-23fac006ccca,2026-09-12T03:10:01.527246,Neha,neha@demo,1071.41,1.6002,1,1,22,0.4382,0,0,0,0,1908,0,genuine,
5a223d59-62f1-4a41-9092-61781c203958,2026-09-11T20:21:01.709980,Neha,neha@demo,14663.77,0.7313,0,0,10,0.1011,0,0,0,0,347,0,genuine,
1d1f11cd-c2b8-4444-a967-1f7362b60840,2026-09-10T01:16:01.734622,QuickCash,quickcash@demo,1203.55,1.8738,0,0,10,0.3656,0,0,0,0,175,0,genuine,
8c4431e4-cc95-4aaa-9f27-0a4d9ea3066b,2026-09-10T05:03:01.662241,QuickCash,quickcash@demo,331.08,2.0905,0,1,23,0.2464,0,0,0,0,1850,0,genuine,
dea02698-a755-4cd1-9c61-4e90b7cfe92b,2026-09-11T06:52:01.736088,Rahul,rahul@demo,35378.87,2.636,1,5,63,0.7298,1,1,1,1,25,1,old_fraud,
32ad6190-175f-418e-9202-0db1f994b1c0,2026-09-09T15:11:01.586328,Rahul,rahul@demo,4050.48,1.6701,0,1,7,0.3833,0,0,0,0,2276,0,genuine,
023489f3-8740-493d-9f9a-cad04f4f3f70,2026-09-10T06:22:01.577038,Neha,neha@demo,666.1,1.5855,0,4,22,0.0603,0,0,0,0,1120,0,genuine,
eb67fc3f-383f-4c2a-be73-a7de2c7cb5aa,2026-09-11T06:03:01.761625,RewardDesk,rewarddesk@demo,3153.73,1.224,0,6,1,0.0973,0,0,0,0,304,0,genuine,
24b69912-6293-403f-b393-81547d499e5b,2026-09-12T05:56:01.745926,Rahul,rahul@demo,2059.01,2.0127,0,1,4,0.0622,0,0,0,1,2286,0,genuine,
f95b692b-09a0-4418-a10e-6d2eefa631a0,2026-09-11T17:35:01.761272,Neha,neha@demo,2083.16,1.1304,0,0,1,0.3797,0,0,0,1,1037,0,genuine,
e288c10b-79b2-4151-b795-b791a800f842,2026-09-10T04:00:01.590894,RewardDesk,rewarddesk@demo,411.97,0.5679,1,0,11,0.2215,0,0,0,0,1457,0,genuine,
7f6f3af2-4973-4655-addf-0e40c41b6554,2026-09-09T15:33:01.757918,Rahul,rahul@demo,598.86,1.9182,0,0,17,0.5316,0,0,0,0,1042,0,genuine,
76d1ff7d-5c97-4f6d-8b9e-ec8949a095c3,2026-09-11T18:34:01.728150,Rahul,rahul@demo,2935.61,1.7845,0,2,2,0.3112,1,0,0,1,1705,0,genuine,
b12b4a9b-cc27-4bad-a3ff-08b857a81469,2026-09-09T16:21:01.550351,Neha,neha@demo,1366.94,1.72,0,1,2,0.5243,0,0,0,0,1133,0,genuine,
99671bb8-a81c-4097-9b7d-dcc1cb5178e4,2026-09-10T01:00:01.590597,Neha,neha@demo,2402.63,0.5808,0,1,10,0.4049,0,0,1,0,1386,0,genuine,
1685b150-24f2-4693-a1d4-9c89d6d71c41,2026-09-10T14:20:01.531982,Neha,neha@demo,1515.87,0.3914,1,1,4,0.0894,0,0,0,0,2079,0,genuine,
eeffaa6e-6a51-4340-bc19-937f77b7b48f,2026-09-11T11:00:01.634975,QuickCash,quickcash@demo,2352.41,1.2151,0,1,23,0.2404,0,0,0,0,1183,0,genuine,
924e8a96-2952-4f12-b899-0152091d4812,2026-09-12T00:34:01.580412,QuickCash,quickcash@demo,623.97,0.4277,0,3,19,0.2861,0,0,0,0,241,0,genuine,
99a41d7f-c190-4dcc-8c06-4561f821af64,2026-09-12T01:01:01.755773,Neha,neha@demo,1469.49,0.9041,0,1,1,0.4608,0,0,0,0,1862,0,genuine,
58091861-7959-4ab3-a6c0-4079d2c7f078,2026-09-09T21:49:01.764945,Neha,neha@demo,1736.2,1.7642,0,3,17,0.4377,0,0,0,0,213,0,genuine,
5179145c-fafd-42b2-a298-2507a33baa35,2026-09-12T08:14:01.780046,Rahul,rahul@demo,7170.84,0.375,0,3,2,0.4678,0,0,0,0,400,0,genuine,
19f5a984-05bf-48c0-9e80-18991daf6c45,2026-09-11T12:43:01.633649,QuickCash,quickcash@demo,611.3,1.1148,0,0,1,0.3579,0,0,0,0,136,0,genuine,
d156ff42-95cb-49fd-9da3-c738ae865365,2026-09-12T08:10:01.703669,Rahul,rahul@demo,4698.64,0.7162,0,1,9,0.2179,0,1,0,0,2390,0,genuine,
d5564d40-9638-4bba-a2a9-9f64d6ecb8f3,2026-09-11T10:10:01.677582,QuickCash,quickcash@demo,789.52,1.6636,0,2,5,0.0802,0,0,0,0,278,0,genuine,
ad5d40af-7e96-437b-875a-f6d3faadd841,2026-09-11T15:07:01.652539,Rahul,rahul@demo,642.93,0.7568,0,1,4,0.3267,0,0,0,0,2449,0,genuine,
980f23d7-5840-42be-98c6-d8caf3ca9a29,2026-09-11T07:19:01.535450,RewardDesk,rewarddesk@demo,586.61,0.3038,0,2,21,0.3718,0,0,0,0,1638,0,genuine,
600d88af-bb39-4646-a09b-d2b400fb90f2,2026-09-11T02:44:01.622254,RewardDesk,rewarddesk@demo,849.55,1.2826,0,0,7,0.3638,0,0,0,0,326,0,genuine,
c3105359-920b-46a5-a099-520d5ea5e429,2026-09-09T17:32:01.594933,Neha,neha@demo,2779.76,0.6592,0,1,11,0.2654,0,1,0,0,2302,0,genuine,
3f7d6bb6-6a18-4507-810b-ba25bcac0351,2026-09-10T04:56:01.589522,QuickCash,quickcash@demo,1649.86,0.6952,1,2,24,0.5289,0,0,0,0,361,0,genuine,
5c9cba28-130a-42d3-8693-8cd09941f0ab,2026-09-11T08:33:01.598789,Neha,neha@demo,499.6,1.531,0,3,5,0.4419,0,0,0,0,2457,0,genuine,
6875189d-076c-4c29-9771-5d4d42842829,2026-09-11T15:33:01.623875,QuickCash,quickcash@demo,3234.7,1.3204,0,1,7,0.2055,0,1,0,0,2498,0,genuine,
552db9f0-d491-4b0f-81da-920bbc95ba4a,2026-09-11T04:12:01.693972,Neha,neha@demo,11738.56,3.2537,0,6,38,0.9141,1,1,3,0,249,1,old_fraud,
2415fb36-cebc-4fc7-8caa-bfcecf99ce54,2026-09-11T23:29:01.639141,RewardDesk,rewarddesk@demo,1560.61,0.599,0,1,1,0.4668,0,0,0,1,1771,0,genuine,
06cf4317-cda3-4a0e-8701-dc5dbf552b7f,2026-09-10T10:30:01.696456,Rahul,rahul@demo,1008.35,1.2836,0,3,24,0.4094,0,0,0,0,1173,0,genuine,
ccb6bdba-b15f-4f0f-88c8-84bd59fedb82,2026-09-12T05:37:01.689326,QuickCash,quickcash@demo,742.15,1.8664,1,1,3,0.2057,1,0,0,0,820,0,genuine,
f7468821-9393-4b96-be2a-5189731555db,2026-09-11T01:56:01.695556,QuickCash,quickcash@demo,2731.45,2.0719,0,0,3,0.2781,0,0,0,0,2104,0,genuine,
afe4c157-9095-4e0e-9759-4d95be285568,2026-09-11T22:16:01.770257,QuickCash,quickcash@demo,2396.68,0.6852,1,0,6,0.4172,0,0,0,0,1505,0,genuine,
71da11b2-a746-4167-8432-85d557dca4c4,2026-09-12T02:48:01.719931,Rahul,rahul@demo,1309.56,1.5157,0,2,10,0.134,0,0,0,0,966,0,genuine,
e3acd4d5-2968-425f-9807-311a42991ba8,2026-09-09T19:22:01.745770,Neha,neha@demo,1503.79,0.2958,0,2,1,0.1503,0,0,0,0,1607,0,genuine,
f1771cf7-01fd-4aaf-a455-09f838ec5238,2026-09-11T04:51:01.710675,Rahul,rahul@demo,423.79,2.1054,0,2,21,0.2202,0,0,0,0,2488,0,genuine,
5537ce18-ef9f-47fd-9f04-c4dee2715e0d,2026-09-10T08:54:01.593652,Rahul,rahul@demo,2045.29,0.6103,0,2,5,0.3846,0,0,1,0,425,0,genuine,
fb3d6253-2873-42ab-a67d-e09fa0735fbc,2026-09-10T06:34:01.765705,Neha,neha@demo,749.23,0.4803,1,0,8,0.4276,0,0,0,0,2067,0,genuine,
9e37d305-af42-495c-b5b0-d41d237672f4,2026-09-11T03:55:01.759299,QuickCash,quickcash@demo,3172.38,1.2515,0,1,16,0.1568,0,0,0,0,838,0,genuine,
0c35d941-02b5-4a8f-9412-4e86f698a1ae,2026-09-11T19:57:01.772618,Rahul,rahul@demo,2131.83,1.0563,0,0,7,0.41,0,0,0,0,1253,0,genuine,
341ebe8c-da2a-41e2-b2b4-f3acdb472277,2026-09-10T12:46:01.678161,RewardDesk,rewarddesk@demo,549.73,1.5275,0,0,21,0.2852,0,0,0,0,1199,0,genuine,
7a2192fd-e5ce-469d-ac1c-9d05ec5d155e,2026-09-11T06:43:01.684724,Rahul,rahul@demo,2125.82,1.9541,0,1,20,0.4439,0,0,0,0,739,0,genuine,
6d1da8e3-66c5-4b6c-ac67-2ce14ce0b5fb,2026-09-11T12:26:01.687555,Neha,neha@demo,1573.68,1.5018,1,2,1,0.4343,1,0,0,0,2078,0,genuine,
1bbecaea-c2e2-4bf7-bd76-e514c16e6145,2026-09-11T19:53:01.758573,Neha,neha@demo,570.88,0.9601,0,2,8,0.4432,0,0,1,0,1337,0,genuine,
1943cd44-002f-412e-9aeb-7f34a48f277e,2026-09-11T03:59:01.578060,RewardDesk,rewarddesk@demo,1076.06,0.27,0,1,12,0.4914,0,0,0,0,1814,0,genuine,
71d8f8bc-be3c-4ea5-9b3b-55e12fc413fd,2026-09-11T22:52:01.776317,Neha,neha@demo,1786.35,2.1943,0,0,20,0.186,0,0,1,1,133,0,genuine,
e734d8ab-daf3-4de6-b8ef-d6ebaa4368a9,2026-09-11T18:34:01.710251,RewardDesk,rewarddesk@demo,3053.57,1.7604,0,0,1,0.3764,0,0,0,0,326,0,genuine,
96291238-b4e5-4fce-98c0-b92d95ccd282,2026-09-10T07:21:01.573668,Neha,neha@demo,1134.92,0.9596,0,2,19,0.382,0,1,0,0,590,0,genuine,
82c00689-b9e1-4ef1-946c-612e5954f956,2026-09-10T02:53:01.574943,RewardDesk,rewarddesk@demo,639.76,2.0824,0,0,24,0.2486,0,0,0,0,345,0,genuine,
194538ee-9177-4352-a55a-699eaa78e2c2,2026-09-10T23:09:01.599782,RewardDesk,rewarddesk@demo,816.18,1.7379,0,1,23,0.0598,0,0,0,1,840,0,genuine,
69bbbe84-2846-4a80-8b4e-84b6349056b1,2026-09-09T17:09:01.623516,Neha,neha@demo,2734.17,1.055,0,0,12,0.3146,0,0,1,0,1741,0,genuine,
4389e067-8ed2-41f9-aa06-d186741a5fe2,2026-09-09T15:36:01.692091,Rahul,rahul@demo,1201.27,1.7366,0,1,18,0.3052,0,0,0,0,155,0,genuine,
fa813d2a-2444-43e7-86fd-315ef13346a5,2026-09-12T09:04:01.686925,Neha,neha@demo,201.27,0.5972,0,2,17,0.2038,0,0,0,1,1419,0,genuine,
32461820-efd6-4d73-8430-67cf9e6f28aa,2026-09-11T13:50:01.548152,RewardDesk,rewarddesk@demo,900.67,1.2305,1,2,5,0.0936,0,0,0,0,402,0,genuine,
18b7442a-6ac7-426e-bc9d-7671bbcf05c8,2026-09-11T13:41:01.738338,Rahul,rahul@demo,38225.58,5.2862,1,6,40,0.7878,2,1,3,0,90,1,old_fraud,
f03d7094-80ed-4de8-94fa-b7040a0b462d,2026-09-11T08:34:01.538878,RewardDesk,rewarddesk@demo,1788.39,1.2188,1,1,6,0.4936,0,0,0,0,1461,1,new_mule_fraud,0.8831
97142af3-30ed-4777-b57b-20f4261de2d8,2026-09-12T13:44:01.563620,RewardDesk,rewarddesk@demo,3490.88,0.4769,1,1,7,0.4099,0,0,0,0,1680,1,new_mule_fraud,0.9251
cf54e85b-2c73-429a-bec7-ae1ebe4f3866,2026-09-10T18:45:01.676069,RewardDesk,rewarddesk@demo,651.21,1.1218,0,0,1,0.215,0,0,0,0,537,0,genuine,
8a89219e-a20a-4033-9917-e46ca60fcaa0,2026-09-11T09:56:01.573744,Rahul,rahul@demo,726.35,0.274,0,2,7,0.4054,0,0,0,0,2027,0,genuine,
43b017ea-a4b6-4a5c-b7c8-04681523355e,2026-09-09T17:21:01.689058,Rahul,rahul@demo,986.45,2.0587,0,1,7,0.4531,1,0,0,1,2271,0,genuine,
1a0b8197-d2ed-42c5-9fd7-a259683118aa,2026-09-12T07:30:01.533759,Rahul,rahul@demo,5242.62,0.711,0,0,21,0.1916,0,0,0,0,477,0,genuine,
22c2668a-25e5-4cb1-b042-fafb9741f52d,2026-09-11T02:21:01.651353,Rahul,rahul@demo,674.06,0.2993,0,3,20,0.4138,1,0,0,1,2240,0,genuine,
ad993af7-6f2e-4afc-9d38-a033e788ae29,2026-09-11T02:41:01.570190,QuickCash,quickcash@demo,1170.64,1.369,1,2,17,0.0515,0,1,0,0,715,0,genuine,
853f190e-6da9-4573-903f-6de9889dc363,2026-09-10T21:24:01.582289,RewardDesk,rewarddesk@demo,1218.34,0.5968,0,0,10,0.4084,0,0,0,0,1224,1,new_mule_fraud,0.9728
c55ab7e8-4243-4017-8b1d-8497744039c0,2026-09-12T12:21:01.601614,Rahul,rahul@demo,309.24,1.2682,1,1,5,0.2202,1,0,0,0,1871,0,genuine,
ebf90017-3e0b-49bf-bd1b-a67b044e23a0,2026-09-11T16:06:01.681480,Neha,neha@demo,890.04,0.3226,0,1,11,0.3722,0,0,0,0,1732,0,genuine,
111667d8-8934-4fd7-8b1c-a0cbf9712b2f,2026-09-10T12:43:01.587290,Neha,neha@demo,1083.62,1.8027,0,4,2,0.3542,0,0,0,0,139,0,genuine,
9c7bd4d3-654d-4b0a-b632-6e5a051d81ed,2026-09-09T16:36:01.673277,RewardDesk,rewarddesk@demo,2720.12,1.7572,0,1,3,0.2667,0,0,0,0,746,0,genuine,
8b6ae9b8-19b0-455c-bf7c-d4437b0f07bc,2026-09-12T09:23:01.538561,Rahul,rahul@demo,626.57,1.1128,0,1,15,0.2565,0,0,1,0,360,0,genuine,
75fd4c63-ff96-408d-b028-49173921c4d2,2026-09-11T19:43:01.704262,RewardDesk,rewarddesk@demo,756.95,1.3099,0,0,8,0.4463,0,1,0,0,693,1,new_mule_fraud,0.9898
a1b9e95a-bf9e-491d-ba79-af8728f84fe3,2026-09-12T09:28:01.750045,Neha,neha@demo,653.25,1.3635,0,0,8,0.4279,0,1,0,0,1959,0,genuine,
a839652a-84d5-4802-9f6b-af6d43cc75ac,2026-09-09T14:20:01.635080,RewardDesk,rewarddesk@demo,1083.03,0.58,0,2,6,0.0899,0,0,1,0,275,0,genuine,
3cb1384c-deb7-4f6e-ad81-2d8a7479e87f,2026-09-09T22:51:01.754978,QuickCash,quickcash@demo,984.52,0.7013,0,2,23,0.1343,0,0,0,0,2362,0,genuine,
3e657e67-eafa-4d0a-a6ba-2cbec227f5d8,2026-09-11T01:41:01.623242,Neha,neha@demo,736.93,0.3065,0,1,18,0.3295,0,0,0,0,2229,0,genuine,
d9967fd5-d8fc-4890-9499-d6b15938bc85,2026-09-11T18:12:01.623462,Neha,neha@demo,748.99,1.1003,0,3,24,0.15,0,0,0,0,1689,0,genuine,
c3ce95d3-ea03-4283-865b-0e25dd8e6981,2026-09-11T04:43:01.540917,Neha,neha@demo,2157.98,0.6069,0,2,14,0.4135,0,0,0,0,619,0,genuine,
6f70b511-02ef-4f89-8a0d-79d9ac46e3a7,2026-09-10T15:47:01.682693,Rahul,rahul@demo,2778.96,0.7183,0,0,5,0.3911,0,0,1,0,1124,0,genuine,
125ad35b-da0a-497d-9cef-cfc71577f82c,2026-09-09T14:44:01.598064,RewardDesk,rewarddesk@demo,2846.56,2.1103,0,2,10,0.0503,0,0,0,0,1679,0,genuine,
15cdfd2b-d21a-44ed-9a61-edc82d95aad7,2026-09-11T14:14:01.663976,Rahul,rahul@demo,1107.38,1.7997,0,1,14,0.2654,0,0,0,0,1379,0,genuine,
290ae978-5e61-4133-a04a-e60ceb70e296,2026-09-09T14:13:01.777828,Rahul,rahul@demo,1318.5,1.501,0,3,7,0.3937,0,0,0,0,1909,0,genuine,
1c75cba4-e6f7-4a01-b317-359bc533814c,2026-09-12T05:07:01.750200,Neha,neha@demo,2669.03,0.9755,0,1,2,0.2285,0,0,0,0,2458,0,genuine,
9e366f84-5ec7-40e0-8466-47ff10a72c13,2026-09-12T09:40:01.748234,Rahul,rahul@demo,40583.77,2.2658,0,6,26,0.7438,1,1,1,0,117,1,old_fraud,
16d37e2f-dc9b-4932-ac0a-5d32feb013b1,2026-09-10T23:31:01.630004,QuickCash,quickcash@demo,1717.71,0.9056,1,3,20,0.1811,0,1,0,0,2102,0,genuine,
1745fcf8-a111-477b-a58f-66dfef124d0a,2026-09-09T18:03:01.698411,Rahul,rahul@demo,1505.57,0.3006,0,1,21,0.0854,0,0,1,0,2389,0,genuine,
fe73fe67-d072-424d-9264-604442e4f744,2026-09-12T09:57:01.755192,Neha,neha@demo,972.05,0.5476,1,1,11,0.4573,0,0,1,0,1971,0,genuine,
01455780-2175-4f1f-83ec-844f971cdbc4,2026-09-12T08:15:01.723295,Rahul,rahul@demo,1313.41,1.5992,0,3,22,0.4118,0,1,1,0,229,0,genuine,
6e0b3291-15d3-4c44-97b7-5a7542a81f78,2026-09-09T23:42:01.539187,Rahul,rahul@demo,293.81,1.6183,0,0,2,0.0782,0,0,0,1,2090,0,genuine,
bfdc811e-926f-4b7c-a4f1-a93a17433749,2026-09-10T14:11:01.682079,QuickCash,quickcash@demo,874.27,2.1342,0,1,16,0.3221,0,0,0,0,1118,0,genuine,
7c151443-4e36-4dae-82da-ad12d44fa9b7,2026-09-12T02:32:01.733131,Neha,neha@demo,1364.17,1.354,0,1,9,0.3938,0,0,0,0,963,0,genuine,
befdbbf3-9b1f-422c-aca6-d159213d61db,2026-09-11T03:34:01.756717,Rahul,rahul@demo,1840.65,0.7132,0,0,9,0.2859,0,0,0,0,1271,1,new_mule_fraud,0.9853
8b1ed9b7-8730-40df-80ec-8d3d7cac534b,2026-09-12T07:45:01.716794,RewardDesk,rewarddesk@demo,2114.19,2.0338,1,0,10,0.4443,0,0,1,0,1986,0,genuine,
336b02f1-3dda-44c5-bee0-ac26215f1895,2026-09-12T03:45:01.653267,QuickCash,quickcash@demo,1147.98,1.833,0,1,3,0.3863,0,0,0,0,757,0,genuine,
4c56f822-6a6c-4ad3-8eb2-3d41483d17e8,2026-09-09T21:13:01.705694,Rahul,rahul@demo,10471.18,1.4249,0,1,13,0.2719,0,0,0,1,2227,0,genuine,
31329d8a-711e-4d4b-8570-1d0e192fe486,2026-09-10T14:49:01.623298,RewardDesk,rewarddesk@demo,343.99,2.0984,0,1,22,0.1106,0,1,0,0,1635,0,genuine,
e72fe818-a541-4f65-872f-72957b3ba2a0,2026-09-10T15:04:01.679588,Rahul,rahul@demo,1187.92,1.5069,0,2,5,0.1422,0,0,0,0,578,0,genuine,
9e2b795d-abe7-4b0e-ad9f-92f7940d8020,2026-09-11T09:39:01.595682,Rahul,rahul@demo,698.14,2.049,0,3,24,0.4855,0,0,0,0,1712,0,genuine,
e5ea7751-22b9-416f-af22-3cef807418b4,2026-09-09T22:13:01.628205,Neha,neha@demo,3810.29,0.9331,0,1,19,0.3073,0,0,0,0,1875,0,genuine,
81c15f0c-5d77-4830-b2a5-c591cb714a15,2026-09-10T18:06:01.679627,Rahul,rahul@demo,23325.61,5.3492,1,5,24,0.821,3,0,1,1,41,1,old_fraud,
e152126f-f632-44e5-b1ad-c34f98e39492,2026-09-09T13:47:01.730378,Rahul,rahul@demo,1825.22,1.1072,0,0,3,0.5348,0,0,0,0,402,0,genuine,
e6b47052-bd08-4f48-b18a-0d7e33053306,2026-09-12T07:02:01.564424,RewardDesk,rewarddesk@demo,1107.4,1.6199,0,3,15,0.5341,0,0,0,0,110,0,genuine,
19ad553a-743f-4089-a2f3-1de11d351bf6,2026-09-11T04:14:01.628671,Rahul,rahul@demo,2891.71,0.4664,1,1,15,0.403,0,0,1,0,1723,0,genuine,
d752602e-3151-41c9-8779-d01d10c2b438,2026-09-11T10:59:01.656827,Neha,neha@demo,950.22,0.411,0,2,10,0.3716,0,0,1,1,510,0,genuine,
3b0ba256-acf5-4aa2-8b23-8239aac04feb,2026-09-11T17:15:01.658282,QuickCash,quickcash@demo,566.93,0.7279,0,0,3,0.4175,0,0,0,0,551,0,genuine,
98cefdfc-18d5-402e-88d8-f26691bdfc9d,2026-09-11T06:38:01.687462,RewardDesk,rewarddesk@demo,594.74,1.8225,0,1,18,0.4453,0,0,1,1,1157,0,genuine,
c5975982-2622-4676-a437-b7eee36d193a,2026-09-12T02:28:01.676752,RewardDesk,rewarddesk@demo,3675.61,1.4714,0,1,2,0.1993,0,0,0,0,2454,0,genuine,
aa698ad8-26e3-4a0a-a511-917f2b5b7ec7,2026-09-12T01:39:01.593073,QuickCash,quickcash@demo,4159.89,0.5932,0,1,2,0.3303,0,0,0,0,1706,0,genuine,
5447ee47-94ab-4c65-886d-80bbd78bcf71,2026-09-12T01:23:01.721262,Neha,neha@demo,7287.25,1.8526,0,1,17,0.3007,0,0,1,0,1413,0,genuine,
4de1b178-7d4d-43d7-89f6-7921a688b005,2026-09-11T03:52:01.661799,RewardDesk,rewarddesk@demo,2231.46,0.6948,0,1,7,0.232,0,0,0,0,713,1,new_mule_fraud,0.9304
44906caf-b52f-4830-943e-4bd9979077d9,2026-09-11T19:09:01.767718,RewardDesk,rewarddesk@demo,810.21,0.3915,0,2,2,0.5419,0,0,0,1,2438,0,genuine,
83e0987a-a03c-4708-b2d8-c42dc3e1f6a2,2026-09-10T22:08:01.693338,Rahul,rahul@demo,1405.82,1.9752,1,3,10,0.4796,0,0,1,0,1526,0,genuine,
2f950931-09da-4a4e-af7a-f967604ecd8b,2026-09-10T02:07:01.598637,Rahul,rahul@demo,1196.76,1.8438,1,5,3,0.5341,0,0,0,0,1703,0,genuine,
b13eac1c-ef30-4fd8-a019-a7f5379d3ba6,2026-09-12T12:20:01.706889,RewardDesk,rewarddesk@demo,2761.71,0.8793,0,0,10,0.3392,0,0,0,0,1501,0,genuine,
dfa549d6-52b2-4124-a7dc-740d421a9256,2026-09-12T00:39:01.618718,Rahul,rahul@demo,551.3,1.1627,0,1,22,0.4356,0,0,1,0,442,0,genuine,
e7e0b446-6e4a-4afb-a0aa-3c8b01e0187c,2026-09-10T05:29:01.644316,Rahul,rahul@demo,1387.72,1.498,0,0,10,0.454,0,0,0,1,713,1,new_mule_fraud,0.9576
555e1875-0ac2-44d9-816e-dd1c8e8c59a2,2026-09-11T11:05:01.615992,Rahul,rahul@demo,709.45,1.2216,0,3,10,0.3079,0,0,0,0,2296,0,genuine,
02abe3a4-b29d-473b-8246-2c9f885b3c4f,2026-09-11T21:08:01.688914,Rahul,rahul@demo,1051.49,2.0407,0,4,20,0.1665,0,0,0,0,2256,0,genuine,
bf5e507d-bcbf-4cc2-9c30-6c120bb2251f,2026-09-11T19:02:01.592243,RewardDesk,rewarddesk@demo,3116.1,1.365,0,1,9,0.2713,0,1,0,0,536,0,genuine,
d5f151ee-c541-4d2a-bb9b-67415481b55d,2026-09-11T03:21:01.709556,RewardDesk,rewarddesk@demo,1096.72,0.7349,0,1,8,0.5147,0,0,0,0,281,0,genuine,
80efc005-e96e-47ce-8ce6-961766c3744f,2026-09-09T13:53:01.613589,QuickCash,quickcash@demo,4315.57,0.5556,0,2,18,0.3013,0,0,0,0,730,0,genuine,
0d98d871-fcdd-41a4-a4fe-49acd2bffdf6,2026-09-10T13:39:01.676541,RewardDesk,rewarddesk@demo,1876.01,0.3868,1,6,8,0.5242,0,0,0,1,1629,0,genuine,
4b2e54fe-8a24-40ba-99e5-4bcc5376e06f,2026-09-09T19:27:01.762274,Rahul,rahul@demo,3799.29,1.9183,0,2,3,0.0769,0,1,1,0,872,0,genuine,
c55865c7-73c1-4bbb-822c-ca209a460d88,2026-09-10T17:05:01.773682,RewardDesk,rewarddesk@demo,2773.48,1.2885,0,1,11,0.3087,0,0,0,0,839,1,new_mule_fraud,0.9821
c96ba7c4-646d-49f5-91a1-c72bbe93a721,2026-09-11T09:00:01.773840,Neha,neha@demo,615.94,1.7522,0,2,2,0.0868,0,1,0,0,1334,0,genuine,
41729819-e2aa-4115-beb8-7057be321cb9,2026-09-10T15:16:01.754553,QuickCash,quickcash@demo,1712.34,2.148,0,0,18,0.5332,0,0,0,0,617,0,genuine,
21d23b86-4ce6-4e9e-9e67-217d68db6f99,2026-09-10T21:05:01.637883,Neha,neha@demo,1375.39,0.6435,0,3,24,0.4446,0,0,0,1,1061,0,genuine,
e2e2fb04-5aa0-4107-8b8b-fe8634ca1038,2026-09-11T10:47:01.657393,RewardDesk,rewarddesk@demo,2766.38,1.0425,1,0,11,0.4637,0,0,1,0,767,0,genuine,
e6383998-e816-4c57-8929-5db983a44cfb,2026-09-10T21:30:01.679825,RewardDesk,rewarddesk@demo,1161.71,1.5572,1,1,12,0.2606,0,0,0,0,774,0,genuine,
ee022185-e338-4d0d-a7f1-061ff8f81610,2026-09-10T22:20:01.691914,Rahul,rahul@demo,34787.35,5.1031,0,7,76,0.686,3,1,1,1,21,1,old_fraud,
a1d8de7a-2086-429e-9c29-a49100fb7188,2026-09-11T10:16:01.747063,QuickCash,quickcash@demo,242.73,1.1265,0,2,20,0.1391,0,0,0,0,888,0,genuine,
19be79ec-02e3-4ddf-9759-21bb1605abf6,2026-09-11T14:35:01.664299,Neha,neha@demo,2015.47,1.4712,0,1,16,0.2841,0,0,0,0,2422,0,genuine,
1a4f5b66-b685-4fba-a24a-d73557a11d09,2026-09-11T17:27:01.691335,RewardDesk,rewarddesk@demo,1117.22,2.0392,1,2,18,0.4798,0,0,0,0,1763,0,genuine,
75895389-e983-4aae-a978-caea02186764,2026-09-12T13:31:01.528261,Neha,neha@demo,1376.94,1.1122,0,1,16,0.4057,0,0,0,0,1344,0,genuine,
1adfc466-5e8e-4ed5-8f86-ac470056e5e5,2026-09-11T22:13:01.689113,RewardDesk,rewarddesk@demo,1673.02,0.2073,0,1,9,0.5431,0,0,0,0,1241,0,genuine,
62814c97-e0d6-4bec-878a-78b04339c65c,2026-09-11T19:30:01.696294,Neha,neha@demo,2097.33,1.7551,1,0,2,0.5031,0,0,1,0,1696,0,genuine,
e27b243f-f36b-4cbd-ae4d-fc995b7c40f6,2026-09-12T06:48:01.756124,QuickCash,quickcash@demo,1026.98,1.056,0,1,2,0.3272,0,0,0,0,224,0,genuine,
ed36b873-f6db-4176-be70-50c29c6158d5,2026-09-11T16:54:01.566942,Rahul,rahul@demo,1532.91,1.4097,0,1,8,0.0743,0,1,0,0,723,0,genuine,
5795dc95-ec48-470c-80bb-6a76497234ed,2026-09-10T20:41:01.564336,Neha,neha@demo,508.33,1.1136,1,1,7,0.0728,0,0,0,0,2068,0,genuine,
e0891881-1e90-438b-b1c9-636a8eaf96ce,2026-09-12T11:37:01.633489,RewardDesk,rewarddesk@demo,35780.56,5.0902,1,4,43,0.9213,3,0,2,0,56,1,old_fraud,
9c833968-b8a0-4675-ad05-ac4b05ab0ec6,2026-09-11T01:48:01.636970,Neha,neha@demo,1167.84,1.8021,1,1,3,0.3587,0,0,1,0,1149,0,genuine,
f1b109e0-845e-4a7e-b976-492d266a2159,2026-09-11T17:17:01.667089,Rahul,rahul@demo,28603.51,2.7331,0,7,36,0.9716,1,1,1,1,6,1,old_fraud,
393bc28b-7632-45b9-87bd-7834246ef1ff,2026-09-09T19:03:01.662813,Neha,neha@demo,1005.57,2.0096,0,0,19,0.2842,0,0,0,0,1087,0,genuine,
b2f40990-bbdd-4238-9ff9-9b570d38b39c,2026-09-11T21:00:01.761057,RewardDesk,rewarddesk@demo,2947.43,0.5943,0,0,7,0.1468,0,1,0,1,386,1,new_mule_fraud,0.8504
5bfd0ca6-9477-435f-923b-2d00c0e2cb8b,2026-09-09T22:09:01.713823,RewardDesk,rewarddesk@demo,1049.06,0.6943,0,0,15,0.3892,0,0,0,0,611,1,new_mule_fraud,0.8999
c87fccf7-c08f-4c0c-8ec0-6ecceac83156,2026-09-11T07:36:01.579471,Neha,neha@demo,1051.47,1.3325,1,1,21,0.0949,0,0,0,0,350,0,genuine,
b7e8f429-fd59-40fa-895d-46d8e43ce983,2026-09-10T23:56:01.550989,Rahul,rahul@demo,844.85,0.9515,1,1,2,0.2959,0,0,0,1,810,0,genuine,
02574bd8-0b94-466c-9b1b-5e716973c3e6,2026-09-12T10:57:01.668948,RewardDesk,rewarddesk@demo,366.96,1.4877,0,1,18,0.3388,0,0,0,1,1544,0,genuine,
0f99fec5-dcd6-49df-8719-b0ced636ee05,2026-09-10T07:56:01.743940,Neha,neha@demo,1472.14,0.7305,1,2,3,0.4483,0,0,0,0,1054,0,genuine,
17f0c6ce-f79a-47ac-bdef-16d16fe38178,2026-09-12T01:02:01.784124,QuickCash,quickcash@demo,1919.96,2.0588,1,2,24,0.298,0,0,0,0,2171,0,genuine,
e9306260-e788-40da-9370-6003124202e1,2026-09-10T13:23:01.606765,QuickCash,quickcash@demo,1022.46,0.4211,0,1,13,0.1341,0,1,0,0,1016,0,genuine,
2f68a005-aba8-4fc3-b876-e469b62e6a8d,2026-09-11T23:26:01.667286,RewardDesk,rewarddesk@demo,1526.63,0.4849,0,0,10,0.3283,0,0,0,0,734,1,new_mule_fraud,0.916
9d4330e8-337d-4924-b381-dc921d7021d1,2026-09-10T17:46:01.582923,QuickCash,quickcash@demo,6630.74,0.992,0,0,22,0.3559,0,0,0,0,1969,0,genuine,
21434b17-b42f-4356-8d42-952618684df4,2026-09-10T16:38:01.660150,Neha,neha@demo,968.66,1.9455,0,1,2,0.2003,0,0,0,1,1264,0,genuine,
4045eab5-da5a-43a7-a23d-fc958b4a4fb0,2026-09-10T21:04:01.771205,RewardDesk,rewarddesk@demo,2438.04,2.1484,0,0,4,0.2605,0,0,0,0,1452,0,genuine,
3dee3db5-629a-4659-b2ef-1b7efb0ad150,2026-09-10T02:27:01.623406,RewardDesk,rewarddesk@demo,778.74,0.5265,0,1,6,0.4401,0,0,0,1,1698,0,genuine,
68e606d4-6873-4f12-9602-54f305b5e7d2,2026-09-12T07:12:01.576128,Neha,neha@demo,274.39,1.567,0,3,1,0.5392,0,0,1,1,1691,0,genuine,
b90ceee4-48de-47c6-9e68-cf63fe4e7364,2026-09-12T00:47:01.660554,Neha,neha@demo,908.7,2.098,0,2,14,0.248,0,1,1,0,2376,0,genuine,
5af315ca-afb9-4902-8b1b-2466ed3fbdcc,2026-09-10T11:20:01.666904,RewardDesk,rewarddesk@demo,42623.15,2.5057,1,5,20,0.8213,2,1,2,1,125,1,old_fraud,
be1ba38e-c7b1-44bf-9719-8226d9a08f2f,2026-09-09T13:26:01.751243,Neha,neha@demo,1365.9,0.6668,0,4,2,0.3482,0,1,0,0,142,0,genuine,
41695de6-17ec-40ac-8018-29b4814050a4,2026-09-10T06:12:01.649881,Neha,neha@demo,538.22,1.8813,1,1,19,0.1448,0,0,0,0,2345,0,genuine,
347f3b99-25d5-427d-abc0-25b96353bf39,2026-09-12T05:39:01.544646,QuickCash,quickcash@demo,4389.72,0.8161,1,1,8,0.2702,0,0,0,0,1239,0,genuine,
92f91d63-629c-47de-9936-419bbaf8dfc5,2026-09-11T13:48:01.594726,Neha,neha@demo,483.19,1.5595,0,1,5,0.1092,0,0,0,1,1247,0,genuine,
ad9f41da-444e-41c3-bd6f-4ef0547df71e,2026-09-10T17:18:01.659550,Rahul,rahul@demo,1310.54,0.9852,0,0,24,0.4324,0,0,1,0,587,0,genuine,
5200047d-a174-4d37-b557-087eabd9327a,2026-09-12T12:04:01.768514,RewardDesk,rewarddesk@demo,28105.68,4.8198,1,7,35,0.9208,3,0,2,1,232,1,old_fraud,
a77e1976-c48c-4025-a6f1-323b3ab3c354,2026-09-10T08:16:01.734288,Neha,neha@demo,2837.03,0.6686,0,0,15,0.4974,0,0,1,0,971,0,genuine,
13f646da-a03b-4404-ad4d-705d9eee2be3,2026-09-11T12:00:01.752088,Neha,neha@demo,493.37,0.4464,1,2,6,0.1846,0,0,0,0,2270,0,genuine,
122fea1f-549d-4660-b24c-e9503710ab06,2026-09-11T10:20:01.729561,Neha,neha@demo,1083.34,1.267,0,0,3,0.1707,0,0,0,0,547,0,genuine,
557b30f5-7834-445c-a99e-3e1d81fed215,2026-09-10T03:54:01.757604,Rahul,rahul@demo,2408.67,0.2551,0,1,11,0.3015,1,0,0,1,2219,0,genuine,
f54bb28c-c550-4d6c-aad0-04e04b165e7c,2026-09-12T00:03:01.774259,Rahul,rahul@demo,1093.22,1.1193,0,3,17,0.3204,0,0,0,1,181,0,genuine,
eb5acaf6-761c-4a21-bdd9-5b7b3ba327d2,2026-09-10T20:11:01.623569,Rahul,rahul@demo,1091.53,0.44,0,0,21,0.451,1,0,0,0,2494,0,genuine,
37b9a55c-d021-493e-85c6-cb17fdbad5a3,2026-09-11T18:40:01.600340,Rahul,rahul@demo,3289.25,1.0536,1,0,2,0.3126,0,0,0,0,209,0,genuine,
b3704327-a64f-402f-8c08-a431cb4ec01c,2026-09-10T12:48:01.584651,Neha,neha@demo,2453.66,1.4201,1,5,4,0.2937,0,1,1,0,1102,0,genuine,
f7ac1929-c0ec-4ed7-a56c-0a726c168d96,2026-09-11T07:48:01.737167,Rahul,rahul@demo,8444.24,0.8263,0,2,17,0.5021,0,0,0,0,1044,0,genuine,
f08d855b-4575-44e8-8c3a-d0180b2432a8,2026-09-10T09:30:01.691758,QuickCash,quickcash@demo,532.09,1.1678,0,2,17,0.1577,0,0,1,0,1788,0,genuine,
6b32c953-601d-4fe8-a435-af4e568747c0,2026-09-10T00:22:01.683622,Rahul,rahul@demo,1086.98,1.4367,0,2,3,0.4842,0,0,0,1,2251,0,genuine,
55234b32-0647-407d-a746-2bcd34664918,2026-09-11T13:21:01.580169,QuickCash,quickcash@demo,11838.79,0.7542,0,1,12,0.496,0,0,0,0,2229,0,genuine,
a49a4e58-1c62-42db-b75f-1bf239d8634f,2026-09-12T07:25:01.751633,Neha,neha@demo,583.01,2.1929,0,1,11,0.4206,0,0,0,0,1035,0,genuine,
88e1281c-8656-469c-b5a4-00030c240d95,2026-09-10T23:13:01.679224,Rahul,rahul@demo,2385.02,0.9877,0,1,11,0.3876,0,0,0,0,518,0,genuine,
079a5e77-7459-403c-af79-5e98877c7cfb,2026-09-12T01:50:01.703612,Neha,neha@demo,1298.32,0.2137,1,1,2,0.4046,0,0,0,0,1350,0,genuine,
882474cd-a89a-4cbe-91de-403efda1a340,2026-09-11T14:05:01.716902,Rahul,rahul@demo,460.22,1.719,1,2,3,0.4924,0,1,0,0,1875,0,genuine,
106e6c2b-90c0-49d8-9cbc-a7b1aac54620,2026-09-12T07:27:01.616497,Rahul,rahul@demo,617.58,1.824,0,2,2,0.1283,0,0,0,0,2059,0,genuine,
6b452ad6-766b-43a5-b8ce-4f0865ab6855,2026-09-12T09:36:01.554906,RewardDesk,rewarddesk@demo,1771.45,0.2455,0,3,23,0.2284,0,0,0,0,339,0,genuine,
45363402-57a4-433c-a26c-4614e65edea1,2026-09-12T07:33:01.527647,Neha,neha@demo,1897.94,0.7873,0,1,19,0.3481,0,0,0,0,2202,0,genuine,
5da8594a-d631-4d7d-8cfb-a5379693802d,2026-09-11T04:34:01.744997,Neha,neha@demo,803.21,1.0215,0,1,10,0.052,0,0,0,0,2386,0,genuine,
67f4585b-e273-46f9-954a-d5ccc0309109,2026-09-10T00:20:01.630783,Rahul,rahul@demo,430.07,1.1956,0,4,9,0.2909,0,0,1,0,292,0,genuine,
b43b3822-fa83-4b19-977e-c58b7c992448,2026-09-10T03:20:01.758321,Rahul,rahul@demo,2103.51,0.9201,1,2,8,0.2459,0,0,0,0,1777,0,genuine,
15e4b348-6ece-4b0e-8c7e-f6ef19667948,2026-09-11T16:21:01.687502,RewardDesk,rewarddesk@demo,2969.91,1.1522,0,1,12,0.4495,0,0,0,0,1517,1,new_mule_fraud,0.9664
1e4325aa-01fd-426d-a7c5-8eb42c7a035e,2026-09-10T14:21:01.729732,Rahul,rahul@demo,809.45,2.02,0,1,10,0.4065,0,1,0,0,259,0,genuine,
28c21a6a-c6ba-46aa-b4b5-3353b6f53c11,2026-09-10T10:14:01.583438,Neha,neha@demo,1554.07,1.0095,0,1,15,0.2731,0,0,0,0,2148,0,genuine,
dfc3e4f5-15ff-4fd6-ac02-97e5a0ee3ae0,2026-09-12T09:31:01.699868,RewardDesk,rewarddesk@demo,3264.58,1.3184,1,1,4,0.1801,0,0,1,0,779,0,genuine,
ddb7ba66-cd60-498b-9ddd-19d5a66ba2f0,2026-09-10T16:47:01.738218,Rahul,rahul@demo,403.96,2.151,0,1,22,0.4178,0,0,0,0,783,0,genuine,
5807abe9-eeb2-4d4f-9d49-ded8c307aa68,2026-09-12T09:30:01.656666,Rahul,rahul@demo,1693.08,0.8382,1,1,3,0.5018,0,0,0,0,2174,0,genuine,
cfba7d36-504e-4ed4-916b-81f57eccfa09,2026-09-11T10:45:01.575462,Neha,neha@demo,3667.0,0.403,0,1,16,0.1472,0,0,0,0,1288,0,genuine,
066932a9-d99b-40e6-8515-fc6bece43022,2026-09-11T01:05:01.690340,RewardDesk,rewarddesk@demo,931.35,0.7159,0,3,15,0.2791,0,0,1,0,1181,0,genuine,
de3ae737-78f8-429d-a29c-5b5e4410372e,2026-09-12T10:16:01.699606,RewardDesk,rewarddesk@demo,758.34,1.144,0,0,19,0.1416,0,0,0,0,507,1,new_mule_fraud,0.9506
280932b3-f62b-4a77-82b2-d5a767ac3474,2026-09-10T17:59:01.709709,Rahul,rahul@demo,147.59,0.3375,0,2,21,0.3173,0,0,0,0,552,0,genuine,
f2df722e-fcf7-4ef6-a3cf-6d1e13382e18,2026-09-11T19:30:01.686206,Neha,neha@demo,4629.46,2.0611,1,2,14,0.283,0,0,0,0,2224,0,genuine,
afc35bce-5e87-43b6-ba05-aa7c6942aea6,2026-09-11T17:15:01.747988,Neha,neha@demo,3582.37,1.1533,0,1,5,0.1527,0,0,0,0,1246,0,genuine,
f158b27e-71f8-4151-b55f-8f7fc948ca3f,2026-09-11T22:13:01.719017,RewardDesk,rewarddesk@demo,625.86,0.3673,0,2,17,0.2449,0,0,0,0,1453,0,genuine,
9be5eb63-a28b-4ffb-b61e-3950925413f7,2026-09-11T05:35:01.668049,RewardDesk,rewarddesk@demo,2031.77,1.037,0,3,15,0.5107,0,0,0,1,1985,0,genuine,
d74cbd75-ba6d-44f8-a4eb-d96273f32ed9,2026-09-09T20:19:01.636491,Neha,neha@demo,1182.02,0.3161,0,0,9,0.3628,1,0,0,0,2183,0,genuine,
3c245602-38cd-4b79-9cfb-841cff2eef95,2026-09-11T06:33:01.580800,RewardDesk,rewarddesk@demo,3943.93,1.5948,0,2,9,0.2124,0,0,0,0,2306,0,genuine,
b06f8caa-115b-49a6-a226-62c9d731627c,2026-09-11T14:40:01.745361,RewardDesk,rewarddesk@demo,535.74,2.1264,0,0,17,0.2131,0,0,0,0,620,0,genuine,
78552d0e-df70-4c6b-9679-86f3d6757e35,2026-09-10T11:20:01.629090,Rahul,rahul@demo,1402.19,0.3877,0,2,21,0.1725,0,0,0,1,2380,0,genuine,
921021bb-1d6e-41af-ae07-62cabe2e3eba,2026-09-10T16:12:01.602996,Neha,neha@demo,784.0,1.2025,0,0,2,0.2421,0,0,0,0,1337,0,genuine,
3dabddc2-6694-443e-af6c-028f0e543353,2026-09-11T10:36:01.548342,RewardDesk,rewarddesk@demo,836.78,0.4355,0,1,15,0.1996,0,0,0,0,1774,1,new_mule_fraud,0.9214
d6277e00-50cc-4591-b18d-c746a4f3fcb8,2026-09-10T20:44:01.715008,Rahul,rahul@demo,442.39,0.6927,0,1,15,0.2832,0,0,0,0,933,0,genuine,
d7796968-1f06-4f18-aa24-a1c6ee29ad75,2026-09-10T15:23:01.650155,RewardDesk,rewarddesk@demo,2678.25,0.7818,1,0,8,0.0509,0,0,0,0,1685,0,genuine,
d51c336c-ec14-4ae3-a160-2ef30b690987,2026-09-12T06:41:01.644777,Rahul,rahul@demo,9041.63,1.6438,0,1,11,0.5068,0,0,0,0,2382,0,genuine,
eb01dc88-d0d5-4661-957f-3d85891a268d,2026-09-12T00:11:01.571717,Neha,neha@demo,1269.97,1.8621,0,1,2,0.5058,0,1,1,0,1365,0,genuine,
409a8843-9ce4-4bbf-bc35-d7e97bd3783b,2026-09-12T07:33:01.759193,RewardDesk,rewarddesk@demo,3445.15,0.6688,0,1,18,0.4804,1,1,0,1,1709,0,genuine,
35b9b0ea-430a-45bd-841e-10044e86970f,2026-09-10T13:47:01.668580,Neha,neha@demo,2822.5,1.1713,0,0,17,0.1729,0,0,0,0,152,0,genuine,
a6dc2e49-6a9d-45c3-afeb-8dead99c1cdf,2026-09-10T09:16:01.751581,Neha,neha@demo,318.38,1.356,0,3,7,0.4989,0,0,0,0,1991,0,genuine,
54f4dd50-9dd1-4489-b98d-e793b276856f,2026-09-12T00:59:01.736600,Rahul,rahul@demo,21766.53,5.1413,1,7,57,0.7822,2,0,3,0,171,1,old_fraud,
b643b880-4b61-40a2-a38a-a123f183d5a5,2026-09-12T13:51:01.664138,RewardDesk,rewarddesk@demo,3207.42,1.9431,0,1,21,0.1033,1,0,0,0,1701,0,genuine,
ea05dca2-b587-413a-836b-3ab73bc0ddd3,2026-09-11T21:28:01.576272,Rahul,rahul@demo,1389.72,1.8397,1,0,13,0.0778,0,0,0,0,967,0,genuine,
189e74f4-1e7b-459c-8e11-a8814fc8832c,2026-09-10T06:32:01.588676,RewardDesk,rewarddesk@demo,1205.03,1.4806,0,1,13,0.1571,0,0,0,0,716,1,new_mule_fraud,0.9522
42d71ea0-6f01-48f7-ba33-3774d2aed392,2026-09-11T07:54:01.643956,Rahul,rahul@demo,1852.34,0.2691,0,3,1,0.3493,0,0,0,0,1328,0,genuine,
1541fb3c-9782-4580-b355-387e441e2b0b,2026-09-10T09:10:01.638340,Rahul,rahul@demo,512.59,1.3717,1,2,5,0.4975,0,0,0,0,179,0,genuine,
011f6a99-f5db-4f99-8c7d-4b9818bf1af7,2026-09-12T03:35:01.770469,RewardDesk,rewarddesk@demo,2376.54,0.5782,1,0,12,0.5319,0,0,0,0,530,0,genuine,
7b4f5d21-22de-479c-acd4-651ae3e718fd,2026-09-11T01:53:01.783696,Neha,neha@demo,3058.37,0.4091,0,0,22,0.3459,0,0,0,0,1329,0,genuine,
dad16c80-a896-4c68-bcde-dbf857040a2a,2026-09-11T21:31:01.638393,Rahul,rahul@demo,1076.6,2.0321,1,1,23,0.2098,0,0,0,0,2223,0,genuine,
be0dc108-faf9-406c-a40f-d01c16fe0267,2026-09-10T23:07:01.688701,Neha,neha@demo,700.65,2.0372,0,1,20,0.3734,0,0,0,1,1355,0,genuine,
e69274a6-0395-43f5-8769-ccfab82efd73,2026-09-10T04:18:01.667142,Rahul,rahul@demo,721.41,1.7278,0,1,22,0.4506,0,0,0,0,2454,0,genuine,
cec5c8cd-b899-493d-a123-9194012bf225,2026-09-09T21:12:01.736505,RewardDesk,rewarddesk@demo,3438.82,0.7471,0,1,8,0.3938,0,0,0,0,961,1,new_mule_fraud,0.8628
dbdc4736-62ec-403d-9d09-db4bb185be0d,2026-09-10T14:36:01.607877,RewardDesk,rewarddesk@demo,945.18,0.9631,0,0,20,0.2879,0,1,0,0,814,0,genuine,
fb919096-186b-4407-a377-4af243b0da01,2026-09-09T16:57:01.764229,Rahul,rahul@demo,1513.71,1.241,0,0,3,0.1225,0,0,0,0,930,0,genuine,
ceb9d0c1-a92a-4f20-8c96-75ae5b621a74,2026-09-12T12:27:01.669529,Neha,neha@demo,1983.98,0.2763,0,0,12,0.0852,0,0,0,0,1519,0,genuine,
7de8743d-3d15-461a-8f83-10284106fc43,2026-09-10T06:59:01.543604,Neha,neha@demo,1251.5,1.6358,1,2,7,0.1201,0,0,0,0,314,0,genuine,
30cf89ec-f249-416f-b61a-301bd3d89473,2026-09-10T20:44:01.641212,Rahul,rahul@demo,26875.32,3.3674,1,3,48,0.6844,4,0,3,0,170,1,old_fraud,
d8a72ecd-cafe-4c77-976f-82708b9d07a4,2026-09-11T23:09:01.534527,QuickCash,quickcash@demo,2389.63,1.262,0,2,17,0.465,0,0,0,0,1317,0,genuine,
39916f42-141c-4428-863f-8449af194d15,2026-09-12T08:42:01.678543,RewardDesk,rewarddesk@demo,5169.99,1.1189,1,1,16,0.3834,0,0,0,0,1084,0,genuine,
e0bc9f4f-59ee-4494-9e35-b94032dacf50,2026-09-12T02:29:01.731840,Neha,neha@demo,556.17,0.2748,0,2,21,0.4158,0,1,0,0,1592,0,genuine,
9018a630-2a00-45bc-8f0f-96ff2b4da639,2026-09-10T11:43:01.755718,QuickCash,quickcash@demo,1196.58,0.3651,0,0,1,0.3038,0,0,0,0,1942,0,genuine,
4110510a-aa2f-4137-a3c4-a99bfd0614ee,2026-09-11T02:31:01.662402,RewardDesk,rewarddesk@demo,2971.08,0.2597,0,0,15,0.1271,0,0,0,0,1560,0,genuine,
d42f7016-e953-4166-9c49-e324c177e573,2026-09-10T23:39:01.544397,RewardDesk,rewarddesk@demo,1829.15,1.626,0,2,21,0.1291,0,0,0,0,1201,0,genuine,
b0b6a935-2594-46e5-b928-07c9434067e9,2026-09-12T07:34:01.579392,RewardDesk,rewarddesk@demo,1639.34,1.1971,0,0,22,0.1257,0,0,0,0,2208,0,genuine,
e4cb6f24-2552-4080-966d-a90716c27966,2026-09-10T02:29:01.778179,RewardDesk,rewarddesk@demo,1684.84,1.6877,1,2,15,0.1586,0,1,0,0,1768,0,genuine,
01958c8f-cc6a-4836-b10e-b16f145e7a69,2026-09-11T03:50:01.718438,RewardDesk,rewarddesk@demo,1577.03,1.1161,1,0,16,0.4369,0,0,0,0,1982,0,genuine,
ae97338d-e71b-4056-a317-e4b65fed10b2,2026-09-10T02:47:01.733547,Rahul,rahul@demo,687.98,1.7126,0,1,18,0.12,0,0,1,0,1563,0,genuine,
2c37bcf1-254e-4bd6-be82-87bf07d75661,2026-09-11T13:19:01.720074,Rahul,rahul@demo,2403.54,0.5274,0,0,9,0.3781,0,0,1,0,247,0,genuine,
b1fa9c11-c9f5-408c-801f-4485d28dbdab,2026-09-10T12:03:01.591071,QuickCash,quickcash@demo,1117.88,2.001,0,0,16,0.5289,0,0,0,0,404,0,genuine,
db190202-fda3-4943-b45d-7ce574bd3206,2026-09-11T08:16:01.534864,Neha,neha@demo,1777.08,1.6135,0,0,9,0.4125,0,0,0,0,1976,0,genuine,
bc2f3fd8-1446-4271-81bd-2e28d6a50a2d,2026-09-10T00:02:01.725713,Rahul,rahul@demo,1778.82,1.1514,0,1,18,0.3428,0,0,0,0,340,0,genuine,
999cfdf9-becb-458f-bfea-bdd1d4b70f5e,2026-09-10T06:46:01.537926,Neha,neha@demo,494.63,2.1412,0,2,24,0.5362,0,0,0,0,1550,0,genuine,
bf82a33a-377c-41d3-bb28-c140611a5d6e,2026-09-12T09:18:01.751137,RewardDesk,rewarddesk@demo,5830.4,0.9192,0,0,13,0.2903,0,0,0,1,171,0,genuine,
fbb54f16-bd32-48c6-ad80-e316a0b4a984,2026-09-11T03:05:01.649648,RewardDesk,rewarddesk@demo,2349.22,1.2861,1,1,9,0.1119,0,0,0,0,841,0,genuine,
820682cb-3630-438f-b2dd-64261917e7d7,2026-09-12T03:46:01.757261,Rahul,rahul@demo,10808.02,0.3408,0,3,10,0.1244,0,0,0,0,2426,0,genuine,
bbe9dc18-0eb9-4cdf-8861-c14f5de406d2,2026-09-10T10:53:01.746070,Rahul,rahul@demo,2832.72,0.5699,0,1,19,0.0659,0,0,0,0,1509,0,genuine,
c2976412-503e-4e51-a42a-0947b1211038,2026-09-10T21:43:01.729036,Neha,neha@demo,709.66,1.1353,0,2,18,0.5437,0,0,0,0,1978,0,genuine,
16a74783-cedb-4cad-b2ac-c4d2e9dade6b,2026-09-10T05:59:01.530159,RewardDesk,rewarddesk@demo,676.05,2.1259,0,3,12,0.057,0,0,0,0,1909,0,genuine,
4f6635eb-1b47-4e5c-bead-3091731a7413,2026-09-10T06:05:01.545460,Rahul,rahul@demo,907.76,1.688,1,2,19,0.5265,0,0,0,0,670,0,genuine,
19ef3d1d-832d-443a-b425-4ba36fe56871,2026-09-11T04:01:01.638745,RewardDesk,rewarddesk@demo,868.95,0.9379,0,1,23,0.5206,0,0,0,1,1418,0,genuine,
b9062d27-0786-4787-8e35-db6fb755ec5d,2026-09-12T09:05:01.555813,RewardDesk,rewarddesk@demo,1715.89,1.3047,0,0,10,0.2175,0,0,0,0,809,1,new_mule_fraud,0.9338
388e4310-8ec4-4ddd-a904-0a35969dbb83,2026-09-12T12:05:01.714652,Neha,neha@demo,450.6,1.8605,1,1,2,0.5051,0,0,0,0,1886,0,genuine,
23fbbaa8-e8a6-4801-9079-3c51a9a01ac9,2026-09-11T04:25:01.627817,RewardDesk,rewarddesk@demo,734.86,0.2717,0,2,24,0.0859,0,0,0,0,514,0,genuine,
e3c31dc0-3f53-4c0b-b09f-14454e9747f2,2026-09-10T12:26:01.767138,RewardDesk,rewarddesk@demo,984.96,1.9624,0,4,12,0.3071,0,0,0,0,1266,0,genuine,
c8cfb24d-5e76-4759-b7ce-8163bbc0e34e,2026-09-11T11:20:01.720529,RewardDesk,rewarddesk@demo,3045.15,0.4432,0,2,19,0.1703,0,0,0,0,480,0,genuine,
4c77c9c4-d1f1-4e26-963e-2d46aa1e5353,2026-09-12T02:07:01.776110,Neha,neha@demo,1628.2,1.7698,0,2,4,0.1096,0,0,0,1,2393,0,genuine,
1c5b85e2-d67f-4cac-8481-97ed8751816f,2026-09-11T08:42:01.565893,RewardDesk,rewarddesk@demo,1513.14,0.5198,0,0,9,0.4428,0,0,0,1,2442,0,genuine,
c9954473-60c2-4a7b-b9ee-cb2ce3c9d55e,2026-09-12T02:12:01.697101,QuickCash,quickcash@demo,10082.99,1.7375,0,6,20,0.5309,0,0,0,1,1588,0,genuine,
cc7a272f-f454-405d-b1e3-cd0fb4ffe3bc,2026-09-09T13:32:01.615263,Rahul,rahul@demo,2808.22,0.718,0,1,1,0.5363,0,1,0,0,1278,0,genuine,
a2ba8871-77d1-4dbb-90ca-6f13c94b50f2,2026-09-11T02:52:01.755403,RewardDesk,rewarddesk@demo,2415.35,1.7336,0,1,2,0.0583,0,0,0,0,2170,0,genuine,
1e5aeccf-c038-479e-ac5b-bd97309fb34e,2026-09-09T14:28:01.647927,Neha,neha@demo,1808.79,2.1647,0,0,11,0.354,0,0,1,0,175,0,genuine,
b26d2c73-038c-4b8d-9315-b78d78429b53,2026-09-11T15:08:01.621873,Neha,neha@demo,197.49,0.5877,0,6,13,0.4103,0,0,0,0,1882,0,genuine,
dbba4686-c352-4e6b-85b8-1de8f80dae55,2026-09-10T14:11:01.563547,QuickCash,quickcash@demo,401.1,0.8289,0,0,15,0.3935,0,1,1,0,207,0,genuine,
165a6a3d-3d8c-4f79-ae05-cafef179e8cd,2026-09-10T04:09:01.641378,Rahul,rahul@demo,745.87,2.025,1,3,20,0.2938,0,0,0,0,539,0,genuine,
43612d4c-a146-4878-83be-cfd4a08be943,2026-09-12T00:04:01.776162,Neha,neha@demo,699.43,0.7717,1,0,7,0.0651,0,0,0,0,1383,0,genuine,
c8246e79-45b8-4a35-9d66-81f292c392b5,2026-09-12T03:02:01.541095,Rahul,rahul@demo,1917.83,1.6258,0,1,4,0.3578,0,0,1,0,1482,0,genuine,
99f05cd7-5605-429f-8dd0-bbad22f4d83b,2026-09-12T07:46:01.632680,Rahul,rahul@demo,1480.63,1.846,0,2,24,0.2519,0,0,0,0,434,0,genuine,
3811f187-431f-4efb-86ee-94e1e794f23b,2026-09-10T11:33:01.556934,Rahul,rahul@demo,956.84,1.1601,0,0,14,0.1768,0,0,0,0,675,0,genuine,
2e6db4c5-4abf-49bf-a14d-7d043cc84e02,2026-09-11T07:19:01.657340,Neha,neha@demo,2197.56,1.7777,0,0,9,0.219,0,0,0,0,1878,0,genuine,
7cfc04f4-b78c-4190-a159-4bc027ac6747,2026-09-10T19:28:01.639855,RewardDesk,rewarddesk@demo,1614.85,0.2366,0,1,8,0.5029,0,0,0,0,1904,0,genuine,
0594f139-b131-4d95-9f84-a9dd0c2d5781,2026-09-09T13:28:01.600131,RewardDesk,rewarddesk@demo,3033.93,1.261,0,1,13,0.2156,0,0,1,0,708,0,genuine,
c857cf88-4c36-4486-875f-edd3b5c6bc02,2026-09-11T01:45:01.732048,QuickCash,quickcash@demo,584.86,0.9881,0,1,13,0.1192,0,0,0,0,2181,0,genuine,
ca338488-f938-426b-959d-e5747e1b0ad7,2026-09-09T18:05:01.587920,Neha,neha@demo,1458.09,0.3395,0,1,10,0.2053,0,0,0,0,879,0,genuine,
d5fcbd43-e65a-4f59-a01d-2788b547d8eb,2026-09-12T10:29:01.681062,Neha,neha@demo,7454.58,1.5976,1,1,4,0.4121,0,0,0,0,1336,0,genuine,
7e6a78cc-db0a-452c-9c1c-e87bea451e15,2026-09-11T07:43:01.671762,Neha,neha@demo,463.0,0.5211,0,2,4,0.5226,0,0,1,0,531,0,genuine,
1ed4b343-959a-43a1-b9c6-57230f29f7e7,2026-09-11T09:02:01.734567,Rahul,rahul@demo,1460.86,1.5597,0,2,5,0.2132,0,0,1,0,1443,0,genuine,
e0ab7d2d-e067-4e7a-9930-5072dad26b92,2026-09-09T15:57:01.643554,Neha,neha@demo,2143.85,2.0913,1,4,5,0.1162,0,0,0,0,2122,0,genuine,
efd3556e-a4d7-4e00-b7fb-5edd094e7f1d,2026-09-09T19:47:01.675239,QuickCash,quickcash@demo,25506.72,4.626,1,3,50,0.8306,1,0,1,1,130,1,old_fraud,
1f66737a-95e3-485b-a701-6e9e68219464,2026-09-12T02:05:01.599590,Rahul,rahul@demo,1199.96,1.0912,0,1,17,0.0832,0,0,0,1,406,0,genuine,
aa887a58-a396-4bde-bd55-72bc2fafea2d,2026-09-10T11:38:01.754084,Neha,neha@demo,2685.81,1.5925,0,1,6,0.4461,0,0,0,0,1815,0,genuine,
db73d2e6-c152-442b-85e0-aa14a6dca4a0,2026-09-10T20:55:01.731343,RewardDesk,rewarddesk@demo,1602.14,0.6314,0,0,11,0.1491,0,0,0,0,316,1,new_mule_fraud,0.925
9462d7ad-6560-4193-9bbb-350f1eb58cfd,2026-09-11T11:10:01.760550,Rahul,rahul@demo,1512.73,0.7216,0,0,11,0.4593,0,0,0,0,2336,0,genuine,
845e063e-77c2-48b4-9a5f-e0552ef1daac,2026-09-09T20:27:01.578958,Rahul,rahul@demo,868.43,0.9312,0,1,15,0.2274,0,0,0,0,2123,0,genuine,
bbdb9b69-d58e-4654-bdbd-8bcdf693d4e6,2026-09-11T05:02:01.649063,QuickCash,quickcash@demo,862.45,1.5059,0,1,24,0.3699,0,0,1,0,1427,0,genuine,
4cfc69ca-d9db-4fb4-bd95-b32a7f0f6bff,2026-09-10T20:18:01.746232,Rahul,rahul@demo,1382.99,1.5651,0,0,7,0.0758,0,0,0,0,275,0,genuine,
05444e2f-5afe-454f-ae0f-264e349be01a,2026-09-09T22:07:01.555590,Neha,neha@demo,940.54,1.23,0,0,14,0.3644,0,0,0,0,1137,0,genuine,
0f21679e-f8b4-4d46-a8f2-82562309ba04,2026-09-10T08:07:01.569486,Neha,neha@demo,722.67,2.0836,0,1,6,0.3104,0,0,0,0,1657,0,genuine,
bdc4a63e-98f3-4b90-b2ef-211d5e7d7038,2026-09-10T08:54:01.649701,Neha,neha@demo,802.93,0.8866,0,1,17,0.477,0,0,0,0,102,0,genuine,
ee424cdd-318f-438e-b025-4ee318969ec0,2026-09-12T10:57:01.710527,RewardDesk,rewarddesk@demo,4120.13,1.2356,0,1,5,0.378,0,0,0,0,2016,0,genuine,
d71c28cf-4676-4953-a6fa-7ef7bf628c93,2026-09-09T13:25:01.572028,RewardDesk,rewarddesk@demo,880.2,1.5961,1,1,8,0.0593,0,1,0,0,1879,0,genuine,
f096e919-409f-4a24-be08-e6c0073d71d5,2026-09-10T07:35:01.686819,Neha,neha@demo,1634.03,2.1863,1,2,19,0.1139,0,0,0,0,1389,0,genuine,
2619e099-f694-4456-8d25-e6c338716638,2026-09-09T15:11:01.687302,Neha,neha@demo,1087.91,1.0818,0,1,19,0.4813,0,0,0,0,867,1,new_mule_fraud,0.8925
b6d18aca-5b67-4061-97e6-4a20e327020d,2026-09-11T15:00:01.600059,RewardDesk,rewarddesk@demo,2187.54,2.1433,1,2,22,0.4276,0,0,0,0,831,0,genuine,
7e5df628-da8e-419b-86f5-2676c3b0dd04,2026-09-10T00:09:01.720119,RewardDesk,rewarddesk@demo,20360.48,2.7787,1,7,53,0.6616,2,1,1,1,117,1,old_fraud,
f946d390-cc18-4af8-8723-bc6008e5b6cf,2026-09-12T13:53:01.746430,QuickCash,quickcash@demo,2081.95,0.661,0,0,8,0.1075,0,0,0,0,477,0,genuine,
5b2d349a-7f24-4e76-8300-3ff34b5ed0cf,2026-09-12T09:36:01.565084,Rahul,rahul@demo,1027.07,0.9771,0,1,24,0.1004,0,0,0,0,1216,0,genuine,
c5fa4065-85a3-4615-93d5-458a96a9e21a,2026-09-10T02:22:01.708085,Neha,neha@demo,1962.32,0.3013,0,2,3,0.051,0,0,0,0,1946,0,genuine,
e1309cd0-ec45-4407-9d09-cd650c28df54,2026-09-09T23:55:01.560918,Rahul,rahul@demo,3393.35,1.9562,0,1,11,0.2817,0,0,0,1,2260,0,genuine,
e8071996-8366-4d49-8abb-a1e6ad69d6f0,2026-09-12T03:04:01.608121,RewardDesk,rewarddesk@demo,3076.32,1.428,0,0,18,0.1994,0,0,0,0,743,1,new_mule_fraud,0.9209
a8e531d0-647f-4ea1-83df-dc58c2251fbb,2026-09-11T02:19:01.757865,Rahul,rahul@demo,972.39,2.0364,0,4,12,0.3848,0,0,0,0,871,0,genuine,
31b8d6f7-45d1-4012-9fff-a81e1ed26e44,2026-09-10T12:41:01.661932,QuickCash,quickcash@demo,1368.81,1.1729,0,1,15,0.134,0,0,0,1,756,0,genuine,
4079f7ac-080e-42c9-bd78-3a0b244ea34c,2026-09-11T01:47:01.736201,RewardDesk,rewarddesk@demo,484.92,0.3224,0,0,15,0.0646,0,0,1,0,430,0,genuine,
e9bff8ec-f912-4a51-982d-54aabb68943a,2026-09-10T16:57:01.562411,RewardDesk,rewarddesk@demo,1175.26,1.3747,1,3,13,0.1741,0,0,0,1,1144,0,genuine,
8854bc29-fd2c-49df-a4c5-540f8a7705e7,2026-09-12T08:57:01.560570,Rahul,rahul@demo,594.89,1.187,0,1,4,0.5331,0,0,0,0,2434,0,genuine,
ed78875f-bc38-4ed9-9e08-c19382164c4e,2026-09-11T03:33:01.760139,RewardDesk,rewarddesk@demo,686.09,1.422,1,2,21,0.1496,0,0,0,0,652,0,genuine,
abbb76eb-5420-45eb-b311-14e4def3326b,2026-09-09T14:40:01.600684,QuickCash,quickcash@demo,1890.67,1.7982,0,3,24,0.3699,0,0,0,0,1943,0,genuine,
413a79e7-0082-4f1e-a4c2-1ef13df23dd2,2026-09-12T03:59:01.720356,Neha,neha@demo,850.36,1.341,0,1,1,0.4813,1,0,0,0,1590,0,genuine,
bfdcdc51-a9d0-49c9-b5c0-f2580316af18,2026-09-12T02:56:01.528129,RewardDesk,rewarddesk@demo,844.53,1.5295,0,0,20,0.3887,0,0,0,0,2127,0,genuine,
aa31ae96-9816-45e8-93c0-48f9f35886e1,2026-09-10T15:44:01.529061,Rahul,rahul@demo,6396.49,1.6613,0,1,12,0.1822,0,0,0,1,691,0,genuine,
79b82db2-2896-4ba1-868b-bf5b4497b23d,2026-09-11T11:18:01.718600,RewardDesk,rewarddesk@demo,1823.42,1.8467,1,0,14,0.2713,0,0,0,0,1862,0,genuine,
f2de011c-88d4-412e-bd89-4c1a40257465,2026-09-11T11:51:01.543184,Rahul,rahul@demo,718.23,0.7421,0,1,2,0.4026,0,0,0,0,477,0,genuine,
d45d6098-5800-4178-a041-02044147cdc9,2026-09-11T01:10:01.755507,QuickCash,quickcash@demo,1982.88,1.3453,1,2,17,0.3084,0,0,0,0,1462,0,genuine,
eea9bb5a-c172-4c47-ad0d-a865aa77577f,2026-09-09T22:47:01.709332,Rahul,rahul@demo,314.21,1.3096,1,0,4,0.4697,0,0,0,0,2447,0,genuine,
275d673c-a2ae-404c-b9a6-55cf1654b79f,2026-09-09T15:30:01.712870,RewardDesk,rewarddesk@demo,1412.83,1.0083,1,2,13,0.2142,0,0,1,0,2064,0,genuine,
ceab83c3-3b44-487b-bd51-a2ca6e43b51c,2026-09-09T13:14:01.666760,RewardDesk,rewarddesk@demo,563.95,0.8436,0,1,8,0.5211,0,0,0,0,2310,0,genuine,
6b414b26-df9b-4fea-80fa-53d6fbb60d42,2026-09-09T16:28:01.634235,RewardDesk,rewarddesk@demo,1886.48,1.1257,0,0,22,0.1216,0,0,0,0,1607,1,new_mule_fraud,0.8844
21cb6c7f-fb83-450a-9644-957aab2cc956,2026-09-12T07:26:01.593900,Rahul,rahul@demo,509.99,1.9154,0,1,15,0.1774,1,0,0,0,386,0,genuine,
ce86259a-d0d2-4165-84c5-e4afe0433122,2026-09-10T11:34:01.630062,Neha,neha@demo,1998.8,1.2285,0,2,20,0.5192,0,0,0,0,1973,0,genuine,
24abad4b-0e62-4704-bfdb-6d58383a3fb9,2026-09-10T10:30:01.674068,Neha,neha@demo,1658.32,1.122,0,1,17,0.2822,0,0,0,0,1322,1,new_mule_fraud,0.9679
395ffc57-0746-41c5-8533-06acbcdd4d1a,2026-09-11T05:21:01.528461,Rahul,rahul@demo,838.27,0.7776,0,3,21,0.195,0,1,0,0,1221,0,genuine,
6b50fc04-bdc4-40ec-b022-aae28860ca09,2026-09-11T10:29:01.616179,QuickCash,quickcash@demo,625.02,0.3596,0,3,24,0.3181,0,0,0,0,424,0,genuine,
2a6d25fc-d2f8-4efe-b8ea-b05adaa94a7e,2026-09-11T06:15:01.606128,Rahul,rahul@demo,567.11,1.1112,0,0,2,0.0903,0,0,0,0,563,0,genuine,
9ffca131-52a9-4f8f-8b48-effeb34c5ee8,2026-09-09T19:55:01.731511,QuickCash,quickcash@demo,2167.67,1.0828,0,1,19,0.4027,0,1,0,0,270,0,genuine,
51ae4af8-4455-479a-addd-402a5e1aecd9,2026-09-10T23:21:01.728916,Neha,neha@demo,2898.69,1.7726,0,1,19,0.2044,0,0,0,0,885,0,genuine,
baf74bba-c8d3-47b0-bf3d-2de1320348e9,2026-09-10T02:06:01.560461,Neha,neha@demo,34307.61,2.3562,0,3,49,0.951,2,0,2,0,90,1,old_fraud,
4e766405-dc07-44f8-8354-7f24af4728d5,2026-09-10T10:50:01.656403,Rahul,rahul@demo,1496.72,1.6811,0,0,16,0.4591,0,0,0,0,1949,0,genuine,
6ebf6b08-c2dd-4778-b9a7-f22ce4cf2439,2026-09-10T20:49:01.651820,Rahul,rahul@demo,1764.95,2.0902,0,2,12,0.1134,0,0,0,0,159,0,genuine,
26cf142b-8272-425e-a338-c48af88ab2af,2026-09-12T07:14:01.641484,RewardDesk,rewarddesk@demo,4652.59,0.6297,0,1,13,0.1085,0,0,0,0,1519,0,genuine,
4559c73a-d4cf-47c7-840a-249f038448d5,2026-09-10T16:06:01.552511,RewardDesk,rewarddesk@demo,1180.25,0.5854,0,1,12,0.0591,0,0,0,0,2056,0,genuine,
3d3f6b40-8a13-4334-a962-9787ee2af5e9,2026-09-11T16:11:01.738684,RewardDesk,rewarddesk@demo,1204.71,1.1188,0,3,2,0.3392,0,0,0,0,2498,0,genuine,
bbac8945-569a-4a9c-9d06-6b5753a295c9,2026-09-10T12:18:01.664866,Neha,neha@demo,1463.55,0.762,0,0,8,0.1714,0,0,0,0,1976,0,genuine,
56ef4f34-be62-43ea-9563-3c8101d2f70d,2026-09-09T15:06:01.746733,Neha,neha@demo,357.18,0.251,0,0,23,0.117,0,0,0,0,1403,0,genuine,
c8522bb0-1434-4785-bf8b-e15dff76acfd,2026-09-10T00:07:01.569088,Neha,neha@demo,1402.98,1.1883,1,2,23,0.2869,0,0,0,0,2110,0,genuine,
74396279-0730-4953-9d09-6ff759f288a6,2026-09-10T05:32:01.723216,RewardDesk,rewarddesk@demo,1980.03,1.845,0,1,6,0.1785,0,1,0,0,1342,0,genuine,
787bdfdc-e846-4dd8-a57d-4bbbe17af2ad,2026-09-11T06:42:01.570112,Neha,neha@demo,442.73,0.2197,0,0,5,0.1761,0,0,0,0,1450,0,genuine,
d4daac95-6845-4975-af69-7256c8aa31cf,2026-09-09T15:26:01.554707,RewardDesk,rewarddesk@demo,1335.6,0.3292,1,2,7,0.3349,0,0,0,0,181,0,genuine,
f04d6fc6-a929-4c27-aa22-f9bca2eb6f92,2026-09-09T21:56:01.771258,Neha,neha@demo,543.52,0.8378,0,1,10,0.5332,0,0,0,0,2321,0,genuine,
e923bc1c-c6c8-41f6-8369-2ef85eab177f,2026-09-10T04:38:01.610092,Neha,neha@demo,332.47,1.7873,1,0,15,0.3363,0,0,0,0,1099,0,genuine,
3333e7ee-86c8-47d0-aa47-168d07076b39,2026-09-11T22:12:01.781365,Rahul,rahul@demo,1851.78,1.1825,0,4,19,0.4237,0,0,0,0,2138,0,genuine,
3abd8f8d-03d4-42cb-bbcd-61d8a2ccbdb9,2026-09-11T15:49:01.693497,Rahul,rahul@demo,4067.25,0.5589,0,2,14,0.3587,0,0,1,0,1880,0,genuine,
e09d1651-070c-41e7-b145-aa55a6a7434a,2026-09-09T16:23:01.690180,Neha,neha@demo,2336.33,1.1696,0,1,11,0.1091,0,0,1,0,373,0,genuine,
a10d690d-ae22-4d57-9057-915ae45cc359,2026-09-10T11:03:01.719453,RewardDesk,rewarddesk@demo,919.93,1.8774,0,3,12,0.0878,0,0,0,0,734,0,genuine,
36d90ff2-4352-462a-958a-ec3357dd2992,2026-09-12T06:25:01.773134,Neha,neha@demo,316.52,0.4909,1,1,11,0.2964,1,0,0,0,502,0,genuine,
13364f3f-6874-4466-973a-439bb1e11034,2026-09-09T19:27:01.720013,QuickCash,quickcash@demo,1484.34,1.4068,0,2,24,0.5119,0,0,0,0,1624,0,genuine,
b2683bb2-7114-4940-a078-3bcba34267a6,2026-09-10T22:21:01.781311,RewardDesk,rewarddesk@demo,995.25,1.0514,1,3,7,0.4914,0,0,1,0,609,0,genuine,
9e0ac98d-dca4-433e-95fe-4de9119bd929,2026-09-10T11:19:01.760192,Rahul,rahul@demo,385.69,0.2273,1,2,15,0.0889,0,0,0,0,2147,0,genuine,
ded91626-e93c-4177-96df-b1e4f7076bd0,2026-09-12T09:19:01.684830,RewardDesk,rewarddesk@demo,1298.83,2.0136,0,2,5,0.1433,0,0,0,0,1285,0,genuine,
5d7820a3-a679-4c8c-84ac-4b8c2d0d9a47,2026-09-12T04:43:01.627070,Rahul,rahul@demo,1528.11,1.724,0,2,24,0.2708,0,0,1,1,1895,0,genuine,
20d33064-b16d-47cf-9d54-bda0930a7fb0,2026-09-12T11:18:01.691810,Rahul,rahul@demo,1191.69,2.0108,0,2,21,0.2635,0,0,0,0,439,0,genuine,
fba52d5d-a165-491e-ae6b-ac8ab54f2951,2026-09-09T17:31:01.596413,RewardDesk,rewarddesk@demo,1920.28,1.9433,0,2,22,0.0817,0,1,0,0,209,0,genuine,
44a236b4-236c-4454-83d5-14de5cc023d5,2026-09-12T13:36:01.643132,RewardDesk,rewarddesk@demo,635.25,0.5531,0,1,18,0.1889,0,0,1,0,598,0,genuine,
8294114b-2d4d-4928-87ea-33b1e8b253c4,2026-09-11T03:49:01.724747,Rahul,rahul@demo,3239.39,2.1201,0,0,14,0.2337,0,0,1,0,1356,0,genuine,
cb342641-ab67-4883-b39c-7cadae83d622,2026-09-10T15:26:01.647755,RewardDesk,rewarddesk@demo,1444.25,1.017,1,3,17,0.3357,0,0,0,0,1281,0,genuine,
b1726856-8416-44e3-86ec-e4a2f60ab62d,2026-09-09T18:46:01.693888,Neha,neha@demo,3370.2,1.415,0,1,6,0.0942,0,0,0,0,175,0,genuine,
5604337c-9464-4cc0-8f91-84817a59aa77,2026-09-11T12:16:01.708727,Rahul,rahul@demo,795.96,0.2318,0,1,20,0.3339,0,1,0,0,1451,0,genuine,
fa532134-f0d5-4a5d-b3a5-aea6bf5ae825,2026-09-12T12:29:01.679062,Neha,neha@demo,4409.6,1.3297,0,2,5,0.0598,0,0,1,0,2118,0,genuine,
89ff9229-2d82-4b16-8cfe-c7e7acc4ca49,2026-09-09T16:09:01.707802,RewardDesk,rewarddesk@demo,1485.52,1.914,0,2,6,0.3287,0,0,0,0,2093,0,genuine,
200d7746-b506-465f-b2e4-671d91b2b6b0,2026-09-09T18:00:01.598360,RewardDesk,rewarddesk@demo,1172.8,0.3112,1,2,21,0.1009,0,0,0,0,1788,0,genuine,
a27c3b34-4960-4c15-baba-fc14b2bf2d75,2026-09-10T10:51:01.696723,Rahul,rahul@demo,1765.07,1.3686,0,1,19,0.2517,0,0,0,1,886,0,genuine,
efec2f91-4efc-4c07-8b4f-c022bb0c83b4,2026-09-10T21:58:01.591460,Rahul,rahul@demo,2740.45,0.2927,0,0,24,0.3624,0,0,0,0,554,0,genuine,
6ffef724-4ab2-419f-85b7-e4d15f7ba0ad,2026-09-12T03:32:01.656919,RewardDesk,rewarddesk@demo,2930.18,1.8817,0,1,24,0.1804,0,0,1,1,1031,0,genuine,
dd5b642e-716b-4443-b01e-258c663c6973,2026-09-09T23:45:01.534150,Rahul,rahul@demo,3603.38,0.2045,0,1,16,0.2398,1,0,1,0,887,0,genuine,
d6ca2612-0385-459d-a627-454c98aa3e5c,2026-09-12T01:13:01.631802,RewardDesk,rewarddesk@demo,686.12,0.5006,1,1,24,0.121,0,0,0,0,983,0,genuine,
c78f7fc4-da08-42f1-b37b-977ce85c21c2,2026-09-11T01:44:01.673330,QuickCash,quickcash@demo,1566.15,1.9447,0,1,14,0.4788,0,0,0,0,2031,0,genuine,
745bcb8a-cb60-405d-a1a4-8bfc9330bfa3,2026-09-11T18:07:01.660763,Rahul,rahul@demo,5065.56,0.2218,0,1,21,0.21,1,0,0,0,1334,0,genuine,
81150ad5-036f-427c-8b8f-e44696d12437,2026-09-11T03:51:01.730049,RewardDesk,rewarddesk@demo,2160.12,1.3158,0,1,12,0.3722,0,1,0,0,479,1,new_mule_fraud,0.956
2ebb82d8-e01e-4f65-bb94-baa3039dac9d,2026-09-12T05:37:01.605208,QuickCash,quickcash@demo,1049.96,2.0477,0,1,11,0.29,0,0,0,0,1330,0,genuine,
718da4d9-7553-4824-a774-330af411f91c,2026-09-09T22:18:01.730004,Rahul,rahul@demo,2555.94,0.8024,0,1,4,0.3864,0,1,0,0,1978,0,genuine,
054f9e78-9668-4319-a0e7-561541eaf690,2026-09-10T03:12:01.660921,Neha,neha@demo,800.48,0.645,1,5,3,0.2401,0,0,0,0,1334,0,genuine,
ef628394-a195-4028-bbc9-c8cb3da08b67,2026-09-11T22:31:01.760796,RewardDesk,rewarddesk@demo,2735.28,1.4092,0,1,12,0.4287,0,0,0,0,490,0,genuine,
a43e2891-565c-4f55-b633-3ae75184573d,2026-09-10T18:32:01.628827,QuickCash,quickcash@demo,1399.55,0.5711,1,1,16,0.3158,0,0,0,0,169,0,genuine,
176c8481-12f2-4b44-8b6f-4637964fb260,2026-09-10T17:14:01.658695,QuickCash,quickcash@demo,1149.78,1.287,0,2,6,0.2547,0,0,0,0,1883,0,genuine,
9e0387cb-344c-4cf9-8969-9b4ac1676208,2026-09-11T14:25:01.583791,RewardDesk,rewarddesk@demo,3481.06,0.4797,0,0,18,0.2032,0,0,0,0,1654,1,new_mule_fraud,0.9233
22af2a05-6f07-414a-8aee-6eb0c9868824,2026-09-11T13:45:01.713318,Neha,neha@demo,4350.19,1.076,0,0,8,0.5322,0,1,0,0,1417,0,genuine,
508b6698-0981-4b41-9c96-654f261cfe8d,2026-09-10T11:54:01.708835,Rahul,rahul@demo,353.29,1.1561,0,0,21,0.489,0,0,0,0,1989,0,genuine,
43288aad-40d2-43a4-8003-83f7fe36af20,2026-09-11T17:10:01.708402,Rahul,rahul@demo,705.66,1.9083,1,0,7,0.2981,0,0,0,0,1334,0,genuine,
54c1f277-1546-4213-ba52-5e9772aa0f29,2026-09-11T07:23:01.647245,Neha,neha@demo,2137.54,2.0329,0,2,15,0.1403,0,0,0,0,927,0,genuine,
2236482a-7e38-489f-a074-c6f67afe122a,2026-09-09T13:47:01.681628,Rahul,rahul@demo,5426.82,1.1834,0,1,6,0.4978,0,0,0,0,1188,0,genuine,
e167d237-31de-4c01-a1d5-569695010be3,2026-09-11T05:53:01.757970,RewardDesk,rewarddesk@demo,972.44,1.7652,0,1,4,0.4531,0,0,0,0,1019,0,genuine,
f3d8aa38-87a2-42f9-b72f-00ef65ad2080,2026-09-11T09:21:01.622666,Rahul,rahul@demo,525.89,0.5463,0,1,22,0.2664,0,0,0,0,2429,0,genuine,
d9bbe082-508c-49e4-92e4-3298a89acdb7,2026-09-12T12:45:01.629404,RewardDesk,rewarddesk@demo,697.98,1.7735,1,1,16,0.2325,0,0,0,0,444,0,genuine,
f5b035bf-efb9-420a-a1a8-bc76b54b5e5d,2026-09-09T22:33:01.690394,RewardDesk,rewarddesk@demo,6325.66,1.541,0,1,1,0.2834,0,0,1,1,2208,0,genuine,
33011607-a24b-4afe-abfe-1505e4e2ea92,2026-09-09T23:57:01.621194,RewardDesk,rewarddesk@demo,1808.54,1.705,1,0,23,0.2049,0,0,0,0,1870,0,genuine,
1df60b05-caa9-4049-bb79-06a059090e69,2026-09-11T23:00:01.698822,Rahul,rahul@demo,3228.05,1.982,0,0,16,0.0684,0,0,1,1,1282,0,genuine,
577042bf-7567-436b-b93a-38dcc89cdd03,2026-09-09T16:18:01.685768,Rahul,rahul@demo,1475.97,1.6501,0,3,1,0.3108,0,0,0,1,223,0,genuine,
ee0c32f9-5bff-4a58-8732-362282a6ce5c,2026-09-10T00:40:01.692660,Neha,neha@demo,31944.18,3.906,1,3,23,0.9517,1,1,2,1,160,1,old_fraud,
d0f04fe3-1a48-4476-bffa-9f16fbb77ee4,2026-09-10T09:02:01.667720,QuickCash,quickcash@demo,260.67,1.2215,1,0,7,0.0553,0,0,1,0,670,0,genuine,
93c123c6-85c9-47c5-9ef8-4695f05ea3ff,2026-09-09T20:26:01.613210,Rahul,rahul@demo,348.73,1.5354,1,2,6,0.2402,0,0,0,0,1300,0,genuine,
4746ce0e-b899-402b-8218-3a7ce1505b97,2026-09-10T01:25:01.618040,Rahul,rahul@demo,4520.35,0.4381,1,2,13,0.472,0,0,0,0,988,0,genuine,
810e5c2f-e666-40ff-b98a-e120ddce5ea2,2026-09-10T18:44:01.644423,Rahul,rahul@demo,3978.34,2.0815,0,0,19,0.0939,0,0,0,0,334,0,genuine,
c511f45e-8cdd-4d39-aed3-5c847b4a03c6,2026-09-10T05:02:01.591738,Neha,neha@demo,267.49,1.7049,0,0,9,0.3121,0,0,0,0,1301,0,genuine,
71f50fbd-63b5-410a-957e-934cba4e01a9,2026-09-11T03:45:01.777071,RewardDesk,rewarddesk@demo,535.56,0.3235,0,1,17,0.0796,0,0,1,0,1058,0,genuine,
f09d0ea3-361d-4b22-90b0-f369c2a55ce3,2026-09-12T06:27:01.688647,Neha,neha@demo,3169.04,1.9432,0,2,2,0.0583,0,0,0,0,1641,0,genuine,
412589b1-e07a-49e2-9982-f631c77b2443,2026-09-09T17:05:01.600272,QuickCash,quickcash@demo,3090.82,1.9396,1,2,16,0.167,0,0,0,0,920,0,genuine,
90ec7687-2447-499c-82a5-a41b7682ffe3,2026-09-10T16:18:01.614102,Rahul,rahul@demo,669.54,1.8845,0,1,13,0.4828,0,0,1,0,1507,0,genuine,
fb00afab-0e48-4a5b-9ea5-c4bf58768651,2026-09-11T19:55:01.652384,QuickCash,quickcash@demo,3824.24,0.4895,0,1,4,0.4815,0,1,0,0,708,0,genuine,
c78823a1-6db7-4da9-81d4-ecde104dcbf7,2026-09-09T17:29:01.616117,RewardDesk,rewarddesk@demo,1465.16,1.1846,0,2,20,0.5207,0,0,0,0,1812,0,genuine,
67c421e9-6c7c-453d-bcb1-71d2226b8ac8,2026-09-10T16:46:01.629457,RewardDesk,rewarddesk@demo,1180.37,2.0888,0,0,7,0.4222,1,0,0,0,2276,0,genuine,
f7579b4f-1281-46cd-a6fc-cd74511b20ff,2026-09-10T12:41:01.742663,RewardDesk,rewarddesk@demo,1342.08,2.0341,0,0,14,0.4089,0,0,0,0,1918,0,genuine,
2bc13a88-6c2e-4f45-9466-d32a59f276ae,2026-09-11T20:31:01.570996,Neha,neha@demo,2482.11,1.2317,0,1,20,0.3778,0,0,0,0,170,0,genuine,
be580802-bd91-4e41-af39-8217f18d203c,2026-09-11T21:16:01.666652,Rahul,rahul@demo,1654.61,0.5113,0,1,17,0.5427,0,0,0,0,273,0,genuine,
925aff15-5036-472d-9e5d-f22919a5b0d2,2026-09-11T20:04:01.707952,RewardDesk,rewarddesk@demo,2412.27,1.2906,1,1,16,0.0714,0,0,0,0,1832,0,genuine,
f198d5a5-59c6-4882-b566-6b2b7b457a5c,2026-09-12T09:22:01.723543,Neha,neha@demo,222.64,1.8902,0,1,24,0.0525,0,1,1,0,2471,0,genuine,
f42ddb93-87cc-4ca5-9e3e-7e19b7e75d40,2026-09-10T05:10:01.650470,RewardDesk,rewarddesk@demo,7341.44,0.5338,0,2,16,0.5147,0,0,0,0,250,0,genuine,
c736daed-c5c0-4f71-a0b9-1a5942a4c11c,2026-09-10T05:56:01.565495,Rahul,rahul@demo,3823.07,1.1114,0,1,5,0.5482,0,0,0,0,957,0,genuine,
4f501d4e-7bb8-45e5-a119-369b8627d327,2026-09-11T04:02:01.770729,QuickCash,quickcash@demo,1171.09,1.8483,1,0,19,0.4801,0,0,0,0,1515,0,genuine,
4e023334-5d68-48fc-9e8d-cf0317a62091,2026-09-10T22:39:01.627930,Neha,neha@demo,427.0,1.2965,0,0,7,0.3162,0,0,0,0,2340,0,genuine,
6f78317f-b144-46be-bdbd-ab542dc38530,2026-09-12T05:58:01.762326,RewardDesk,rewarddesk@demo,1200.72,1.6698,0,1,20,0.094,0,0,0,0,351,0,genuine,
24d65b86-f26e-41a1-8336-661a6ba0b725,2026-09-10T03:32:01.674896,Rahul,rahul@demo,2989.41,2.1116,0,1,2,0.204,0,0,0,0,2232,0,genuine,
0108359f-15a1-40ae-89c6-45f24f691fd7,2026-09-11T07:53:01.716546,Rahul,rahul@demo,752.5,1.6001,1,1,4,0.156,0,0,0,0,1247,0,genuine,
5ee57fd0-9667-47e6-8923-a5ea49507812,2026-09-11T17:34:01.534948,QuickCash,quickcash@demo,2806.87,2.1575,0,2,4,0.0915,0,0,0,0,1194,0,genuine,
b7ede0e4-be32-40f4-b0c0-3fc2e2c1c8b1,2026-09-11T06:10:01.571871,Rahul,rahul@demo,316.57,1.3931,0,0,10,0.3621,0,0,0,1,783,0,genuine,
e143897f-58aa-4718-a195-82b0b2dc375c,2026-09-11T01:33:01.761960,Neha,neha@demo,409.43,1.9336,0,2,18,0.2948,0,0,0,0,465,0,genuine,
2de5f1be-4689-4e43-bf15-5f59fc8db520,2026-09-11T13:36:01.688434,Rahul,rahul@demo,3617.02,1.2081,0,0,21,0.3652,0,0,1,0,855,0,genuine,
87b6b90f-576f-4867-8b37-3b195e428142,2026-09-11T04:58:01.719139,Rahul,rahul@demo,2301.55,1.4071,0,2,20,0.5486,0,0,0,0,2150,0,genuine,
010bfe7c-eb06-4de3-9042-f564cc96a889,2026-09-10T11:02:01.652092,RewardDesk,rewarddesk@demo,1557.42,0.7457,0,1,14,0.2057,0,0,0,0,1578,1,new_mule_fraud,0.9083
447f74a7-c534-4897-bf02-0b3224bbfb24,2026-09-10T11:55:01.781472,Neha,neha@demo,1446.26,1.6841,0,1,5,0.2765,0,0,0,0,1095,0,genuine,
f96e4bcc-4f3b-4946-94f1-2df4a974867e,2026-09-09T18:36:01.669689,QuickCash,quickcash@demo,726.35,1.9758,0,1,11,0.3545,0,0,0,0,1337,0,genuine,
bdb7aea7-636a-4b38-9d6f-96aa6b81106f,2026-09-10T23:51:01.631731,Neha,neha@demo,723.79,1.2384,1,0,20,0.3529,0,0,0,0,753,0,genuine,
c8ee03bc-4856-4218-82bb-606aa9b79f4d,2026-09-10T00:42:01.544867,Rahul,rahul@demo,4976.42,1.0826,0,0,3,0.3975,0,0,0,0,1465,0,genuine,
adad2195-5cce-4791-a5ef-472e9be5aedb,2026-09-11T05:35:01.535713,Neha,neha@demo,1074.2,0.6755,1,2,11,0.4167,0,0,0,0,381,0,genuine,
8b0e8973-cd83-44be-895c-f326028faf20,2026-09-11T17:51:01.688051,RewardDesk,rewarddesk@demo,1056.54,0.2462,0,0,12,0.118,0,0,0,0,1489,0,genuine,
4175d68d-93a9-4b25-89cb-71c050637cc7,2026-09-10T15:27:01.637074,Rahul,rahul@demo,595.95,0.9092,0,0,6,0.5461,0,0,0,0,2261,0,genuine,
cd43588c-8cd5-4342-b01f-f26d6ca936db,2026-09-11T16:52:01.709632,Rahul,rahul@demo,1905.71,1.4639,1,3,14,0.3561,0,0,0,1,521,0,genuine,
40baa08d-0b61-4014-afbd-81d46d550828,2026-09-11T22:43:01.616245,Rahul,rahul@demo,4526.97,0.6598,0,2,20,0.5147,0,0,0,1,1960,0,genuine,
d4a121bf-2954-444d-ae30-dae43314a1ea,2026-09-11T23:13:01.769178,Neha,neha@demo,1292.27,0.9149,0,1,21,0.3815,0,0,0,0,2377,0,genuine,
f5f2d335-3c9f-4ec4-9333-f620fd70ad8c,2026-09-10T13:10:01.750562,RewardDesk,rewarddesk@demo,1356.72,2.1742,1,2,17,0.4363,0,0,0,0,1304,0,genuine,
ef5f7929-3085-45a9-9105-c0eda0bab4cb,2026-09-12T09:53:01.738292,Rahul,rahul@demo,1757.82,0.6284,0,2,12,0.1646,0,0,1,0,223,0,genuine,
6882cbad-acf0-481f-a553-0b69794a2384,2026-09-10T09:40:01.661654,Neha,neha@demo,788.41,1.9112,0,2,10,0.4892,0,0,0,0,332,0,genuine,
d109a3ce-a7b0-4f55-b044-7976ef71f67f,2026-09-11T05:47:01.640066,RewardDesk,rewarddesk@demo,705.63,0.9532,0,0,22,0.2356,0,0,0,0,1497,1,new_mule_fraud,0.9573
7cb1646a-7c2f-48fc-b0df-7a1556c867e0,2026-09-10T09:19:01.753236,Rahul,rahul@demo,3948.26,0.6748,0,5,2,0.5087,0,0,0,0,1836,0,genuine,
736dbde0-a359-454a-8d83-46ec5f0ee9e1,2026-09-10T21:07:01.779042,RewardDesk,rewarddesk@demo,4248.75,0.4033,1,1,17,0.0714,0,0,0,0,649,0,genuine,
af771028-a607-443f-a987-b0c233dfec74,2026-09-11T06:43:01.760602,Neha,neha@demo,3553.87,0.3072,0,2,1,0.3562,0,0,0,0,1761,0,genuine,
0b320768-af0d-4390-b319-97b3350d020c,2026-09-11T08:20:01.741021,Rahul,rahul@demo,797.23,1.7399,1,0,7,0.3779,0,0,1,0,937,0,genuine,
aa908b46-a6e9-4c7d-b7fd-b487f3af4d35,2026-09-11T05:12:01.783914,Neha,neha@demo,1691.94,0.2587,1,2,3,0.3049,0,0,0,0,1118,0,genuine,
4d3d2367-f7a6-4c36-a709-02496efd8f45,2026-09-12T02:35:01.638087,RewardDesk,rewarddesk@demo,789.09,0.3218,0,0,5,0.3253,0,0,0,0,316,1,new_mule_fraud,0.8959
1406aac3-7a87-4f07-be8c-1d34f2c23b06,2026-09-11T00:45:01.533918,Rahul,rahul@demo,2710.51,0.9323,0,3,8,0.5263,0,1,0,0,711,0,genuine,
1f7b2bb7-cd1c-4bb0-a9b4-819c5bf5c8ee,2026-09-12T01:58:01.579551,Neha,neha@demo,1621.75,0.3266,0,2,15,0.1294,0,0,0,0,108,0,genuine,
b9ba59dd-e805-468d-84f5-d99060b53a5d,2026-09-12T06:42:01.616747,RewardDesk,rewarddesk@demo,1110.18,2.0857,0,1,5,0.4268,0,0,0,0,1515,0,genuine,
9abd748b-b619-4356-959d-3c4ff851e904,2026-09-11T03:19:01.575260,Rahul,rahul@demo,814.38,1.7202,1,1,19,0.2259,0,0,0,0,735,0,genuine,
55e25a98-4133-4448-a39d-3908f5e72e0b,2026-09-09T19:24:01.679116,RewardDesk,rewarddesk@demo,2146.27,2.0182,0,0,19,0.1931,0,0,0,0,949,0,genuine,
883c8aaa-cc74-45cb-a465-20f467b4dcc0,2026-09-10T15:41:01.642555,Rahul,rahul@demo,412.41,1.4378,0,2,3,0.3112,0,0,0,0,2323,0,genuine,
3edacdf3-6115-4673-972d-f6436679b159,2026-09-11T06:38:01.744656,Neha,neha@demo,3490.64,1.2941,0,2,9,0.1521,0,0,0,0,574,0,genuine,
101bed34-ae9f-4c2d-9e29-a9475ec20ace,2026-09-12T03:19:01.683964,Neha,neha@demo,57.68,0.3003,0,2,4,0.1187,1,0,0,0,2366,0,genuine,
57f62eb6-e9f9-4943-b681-dc88caa39aa7,2026-09-12T07:23:01.762012,Neha,neha@demo,889.24,1.9213,1,0,16,0.3044,0,0,0,0,362,0,genuine,
a1f3c75c-7d2b-4ef7-8867-8480f847cfb2,2026-09-12T07:25:01.599853,QuickCash,quickcash@demo,1450.62,0.2187,1,1,5,0.2311,0,0,0,0,1081,0,genuine,
78ca7e9d-c063-4472-ac97-6d7677f7a719,2026-09-10T13:39:01.773450,QuickCash,quickcash@demo,2706.95,0.6661,1,0,6,0.1824,0,0,1,0,1044,0,genuine,
449873f1-9a21-4ead-b500-eba68db6fe55,2026-09-11T12:58:01.650841,RewardDesk,rewarddesk@demo,2972.76,1.1092,0,0,24,0.3539,0,0,0,0,225,0,genuine,
4ec39954-1323-42af-afbd-d3cab2cbfc43,2026-09-09T20:21:01.672627,Neha,neha@demo,709.92,0.7504,1,1,20,0.2495,0,0,0,0,2057,0,genuine,
b2aa06b8-0986-47b5-ae19-9147ba945c1c,2026-09-10T08:11:01.718142,QuickCash,quickcash@demo,300.32,1.653,0,2,2,0.5313,0,0,0,0,592,0,genuine,
582807d8-5639-4867-8e9c-67d39d54de0f,2026-09-12T13:50:01.778125,QuickCash,quickcash@demo,476.57,1.5069,0,1,14,0.4699,0,0,0,0,670,0,genuine,
571d7a47-7fe0-4f05-b06f-d2daba84c24c,2026-09-09T20:24:01.686662,Rahul,rahul@demo,476.59,1.8946,0,0,21,0.0689,0,0,0,0,1318,0,genuine,
76b4e4a6-e017-4e55-938f-b3e99b3c758f,2026-09-10T23:09:01.758521,Neha,neha@demo,535.33,1.4693,0,2,2,0.2469,0,0,0,0,2278,0,genuine,
8d059923-b8ad-420e-bd5a-752ce45111c7,2026-09-11T04:31:01.563890,RewardDesk,rewarddesk@demo,200.32,0.3434,0,1,3,0.1222,0,0,0,0,1476,0,genuine,
eda71d92-562a-4532-85a5-e8853bdd00c0,2026-09-11T09:41:01.695975,Neha,neha@demo,2468.31,1.598,1,0,3,0.2499,0,0,1,0,373,0,genuine,
06a8bd6d-a61d-41f0-b8ef-b538c4f0587c,2026-09-10T17:37:01.648443,Neha,neha@demo,981.39,0.8258,0,2,2,0.2958,0,0,1,0,1599,0,genuine,
69a4a7ac-6030-4d80-a785-121becab8ab2,2026-09-10T21:14:01.634397,RewardDesk,rewarddesk@demo,1348.34,1.6254,0,1,7,0.2876,0,0,0,0,196,0,genuine,
069ae272-813d-43b4-8e3b-2a4f5b31928e,2026-09-10T20:38:01.697930,Neha,neha@demo,1393.32,1.0868,0,1,19,0.4092,0,0,0,0,712,0,genuine,
61ff10c1-acec-4c81-af55-af2a8a221de5,2026-09-10T02:56:01.654302,Rahul,rahul@demo,2353.97,0.2911,0,1,4,0.2395,0,0,1,0,683,0,genuine,
f022731b-791a-4c6a-b7f9-1c64274d49ad,2026-09-11T05:31:01.768314,Rahul,rahul@demo,11493.37,0.8786,0,0,22,0.3867,0,0,1,0,242,0,genuine,
1ad086ce-9066-426e-b804-72e2039eefc6,2026-09-11T04:42:01.698769,QuickCash,quickcash@demo,9521.35,1.7085,1,2,23,0.0968,0,0,0,0,1376,0,genuine,
3540077d-a3d6-4de7-8fc6-5a53274d5bce,2026-09-10T22:56:01.774741,RewardDesk,rewarddesk@demo,1743.49,1.8149,0,1,8,0.3439,0,0,0,0,2224,0,genuine,
811730e4-a0fb-4489-ab5f-685dddfe9b93,2026-09-12T11:33:01.607241,QuickCash,quickcash@demo,952.12,0.726,0,1,20,0.1438,0,0,0,0,1207,0,genuine,
e6b7dd42-8619-4bf8-90d9-f8b0920d933f,2026-09-09T16:33:01.750347,RewardDesk,rewarddesk@demo,1901.57,0.5573,0,0,17,0.433,0,0,0,0,1200,1,new_mule_fraud,0.9778
60516aeb-c1b7-46a2-bc79-5c6b3a7adc21,2026-09-11T09:31:01.715765,Neha,neha@demo,591.38,0.8935,0,0,19,0.2214,0,0,0,0,1303,0,genuine,
8f996e71-cf14-4a02-84f9-af0766565547,2026-09-11T09:49:01.753562,RewardDesk,rewarddesk@demo,39520.13,3.1979,1,7,65,0.844,3,0,1,1,239,1,old_fraud,
f3e9c092-a6b4-4ce7-b92b-23eea85719d6,2026-09-12T11:14:01.597265,Neha,neha@demo,1806.74,0.5934,0,0,6,0.5483,0,0,1,0,1437,0,genuine,
6d0d41c6-4ae9-4581-9f37-77ae2b08541d,2026-09-10T00:13:01.664245,Neha,neha@demo,1280.03,1.3282,0,1,24,0.077,0,0,0,0,1038,0,genuine,
0a35270b-c8fa-4fe3-9d43-702f3d3a5260,2026-09-10T16:30:01.684464,RewardDesk,rewarddesk@demo,9632.56,4.5195,0,6,21,0.6723,3,0,1,0,197,1,old_fraud,
dbb1bb34-ab46-49c7-98d6-ec3cf20603fb,2026-09-10T21:13:01.632162,Neha,neha@demo,474.33,1.835,0,3,20,0.2861,0,0,0,0,797,0,genuine,
7e8b5f3c-cabe-468c-9fae-d30d3163d9a5,2026-09-11T17:21:01.745518,QuickCash,quickcash@demo,932.84,1.8618,0,2,16,0.0644,0,0,1,1,899,0,genuine,
be44ce6c-7e81-4b46-aaa6-f97eba7b750d,2026-09-09T20:08:01.569796,QuickCash,quickcash@demo,393.98,1.0317,0,0,21,0.1113,0,1,0,0,746,0,genuine,
fb987712-3f7c-4432-93a1-55c8666f1406,2026-09-12T06:59:01.765177,RewardDesk,rewarddesk@demo,1935.64,0.9877,0,1,4,0.0628,0,1,0,0,1047,0,genuine,
fe691ebd-6a81-4c3b-89cd-d1093fc8dd77,2026-09-11T00:39:01.620595,Neha,neha@demo,750.7,1.7133,0,5,14,0.3545,1,0,0,0,1109,0,genuine,
66c6b1ec-b3d4-402c-b885-a58aad240478,2026-09-10T21:18:01.620540,QuickCash,quickcash@demo,414.51,2.0373,1,2,20,0.2431,0,0,0,1,1234,0,genuine,
29d56f50-700c-4ad9-8083-b2ff0300ec71,2026-09-12T12:02:01.600753,Rahul,rahul@demo,404.4,0.5167,1,2,8,0.3857,0,0,0,1,1582,0,genuine,
41b1d0ea-14dc-4920-a4e8-88f6e6f78b8a,2026-09-10T00:23:01.721845,RewardDesk,rewarddesk@demo,667.34,0.9715,0,2,24,0.4574,0,0,0,0,2334,0,genuine,
00cf0551-6c28-49d5-9ade-d2cd27f2e495,2026-09-10T16:21:01.721094,Rahul,rahul@demo,1844.78,1.9606,0,1,10,0.156,0,0,0,0,1519,0,genuine,
7d08c545-d6e5-4a10-9d33-e3bd50b88027,2026-09-10T15:21:01.645134,RewardDesk,rewarddesk@demo,2658.22,1.1145,0,1,17,0.4458,0,0,0,0,1776,1,new_mule_fraud,0.9614
5326202f-a640-41db-80fa-645cb428e622,2026-09-11T18:03:01.571169,Neha,neha@demo,136.63,0.5217,0,1,3,0.4576,0,0,0,1,2109,0,genuine,
072d4372-5c87-4357-8766-d7fea1b2d988,2026-09-10T14:16:01.683157,RewardDesk,rewarddesk@demo,11891.29,5.3977,1,3,36,0.9049,4,1,2,1,63,1,old_fraud,
ef6a0182-3526-4e6d-a9dc-1e9030a5e6f3,2026-09-11T01:21:01.659809,Neha,neha@demo,1317.33,0.7253,1,1,1,0.1572,0,1,0,0,1239,0,genuine,
40e514f8-2e33-4a25-927d-b44de6d43ab7,2026-09-12T09:25:01.731896,Rahul,rahul@demo,1882.65,1.8689,0,1,14,0.1755,0,0,0,0,2154,0,genuine,
4fcd4bc4-1846-46d4-a6e3-337dd96f7cd1,2026-09-10T21:55:01.696130,Neha,neha@demo,1607.44,1.9455,0,2,14,0.1747,0,0,0,0,562,0,genuine,
6000bc96-cdf6-4278-8f6d-cffaded05155,2026-09-12T01:07:01.682367,Neha,neha@demo,3307.91,0.3211,0,0,22,0.3434,0,0,0,0,1123,1,new_mule_fraud,0.8502
0180056a-75b6-4d69-97fd-a62015af7008,2026-09-09T21:06:01.724284,RewardDesk,rewarddesk@demo,4936.78,2.0247,0,0,20,0.0709,0,0,1,0,1251,0,genuine,
5de55873-d9be-458f-a866-39497df2b98e,2026-09-12T13:24:01.583518,Rahul,rahul@demo,932.07,1.5818,0,0,3,0.4539,0,0,0,0,1476,0,genuine,
5f08db23-122c-48c1-8202-7f61595f7baa,2026-09-11T09:47:01.742607,RewardDesk,rewarddesk@demo,1573.91,0.8789,1,1,6,0.4208,0,0,0,1,408,1,new_mule_fraud,0.894
e633b41b-67bc-4cff-af89-ab7fb4d58998,2026-09-12T09:51:01.585033,RewardDesk,rewarddesk@demo,509.7,1.9647,0,2,16,0.545,0,0,0,0,581,0,genuine,
503b88f9-4b9e-4979-b537-60bb934663ee,2026-09-11T11:03:01.782324,Neha,neha@demo,676.79,0.8041,0,1,24,0.3166,0,0,0,0,727,0,genuine,
7873458d-0853-41a8-85bb-4fdc23221378,2026-09-11T03:43:01.740413,Neha,neha@demo,2090.54,1.0613,0,2,20,0.325,0,0,0,0,268,0,genuine,
f64f8b22-7e7f-4abb-8d29-e8d9859d2d2a,2026-09-12T09:31:01.536304,RewardDesk,rewarddesk@demo,2183.96,1.3088,0,1,12,0.3023,0,0,0,0,1635,1,new_mule_fraud,0.8918
a57df88f-39ca-4053-8dc9-a9e19e9300a2,2026-09-09T23:46:01.572702,Neha,neha@demo,435.86,0.903,0,1,7,0.4753,0,0,0,0,151,0,genuine,
433e2230-de01-42be-a20c-d382142749ec,2026-09-12T00:53:01.749003,QuickCash,quickcash@demo,1517.26,1.6814,1,0,18,0.2573,0,0,0,0,1753,0,genuine,
9eba2598-d8da-43d8-bbb1-5b2b6f02d7ce,2026-09-12T10:14:01.732487,RewardDesk,rewarddesk@demo,931.49,0.2059,0,4,18,0.3381,0,0,0,0,1263,0,genuine,
16412c90-48aa-468a-b59d-92ac4ef50a5b,2026-09-11T20:28:01.776473,Rahul,rahul@demo,4245.56,0.9313,0,2,14,0.0659,0,0,0,0,2325,0,genuine,
a65fa42b-fdfb-4773-bab0-1b1aac39088a,2026-09-12T00:42:01.620184,RewardDesk,rewarddesk@demo,3152.09,0.4067,0,0,11,0.1174,0,0,0,0,505,1,new_mule_fraud,0.9292
6b05e11e-b533-40c4-9ed8-d48b161f5d43,2026-09-12T02:53:01.753928,Rahul,rahul@demo,1181.19,1.633,0,0,6,0.2762,0,0,0,0,1131,0,genuine,
3d542ad3-aafb-4e15-9a24-e9bbd3d11e98,2026-09-10T04:13:01.670099,Rahul,rahul@demo,6069.13,0.9914,0,2,10,0.1544,1,0,0,1,2198,0,genuine,
e9a3d41e-2c22-498c-ba27-19e269f43310,2026-09-12T01:51:01.718832,QuickCash,quickcash@demo,2504.44,1.6641,1,1,14,0.2661,0,0,0,1,996,0,genuine,
183cd78c-39eb-48e6-80c2-c664abd63320,2026-09-12T08:07:01.782911,Rahul,rahul@demo,1991.82,0.8395,0,1,21,0.4438,0,0,0,0,2416,0,genuine,
1f793a8e-e7cf-4eae-82c7-4aa7a8cc8013,2026-09-09T14:19:01.643340,QuickCash,quickcash@demo,877.49,0.6077,1,3,9,0.4461,0,0,1,0,261,0,genuine,
9e83b8ca-4969-4f29-bfef-aa5a5d2d7f13,2026-09-12T09:52:01.531897,Neha,neha@demo,1316.82,1.4152,1,3,14,0.2817,0,0,0,1,2269,0,genuine,
39e6e6b6-275c-488c-9b34-dacd450a5104,2026-09-11T07:40:01.677985,Neha,neha@demo,1587.18,2.0548,0,1,6,0.0523,0,0,0,0,115,0,genuine,
c598bd99-4095-4dc9-93a1-915239974ef4,2026-09-11T11:19:01.641536,RewardDesk,rewarddesk@demo,2032.24,2.1309,0,2,22,0.3375,0,0,0,0,1644,0,genuine,
878b3b28-8a6b-4c8d-bacf-e713c82924a4,2026-09-11T01:41:01.685380,Neha,neha@demo,643.92,0.3285,0,2,9,0.5199,0,1,0,0,746,0,genuine,
68c7c2bc-d395-4f47-8984-b3672850d440,2026-09-10T11:54:01.535805,Neha,neha@demo,850.71,0.2214,0,2,22,0.3391,1,0,0,0,326,0,genuine,
5d02bb81-f658-40eb-91b4-87a279286d52,2026-09-10T19:16:01.658012,QuickCash,quickcash@demo,315.58,1.9402,0,2,18,0.2918,0,0,1,1,2467,0,genuine,
cc2614e8-c441-4afb-b9f4-175e65778f4b,2026-09-09T22:55:01.636238,Rahul,rahul@demo,2634.72,0.873,0,1,22,0.1798,0,0,0,0,849,1,new_mule_fraud,0.866
c1fefbc3-8569-44f4-b620-237a03227c67,2026-09-11T12:15:01.700975,RewardDesk,rewarddesk@demo,8615.87,1.5627,0,1,13,0.0668,0,0,1,1,1583,0,genuine,
cacf394b-91ab-4442-8c70-345de45c50a4,2026-09-12T03:28:01.617225,Rahul,rahul@demo,3452.66,1.9563,0,3,24,0.3943,0,0,0,1,312,0,genuine,
a2620601-d6b4-4402-be99-045ffaeafbaa,2026-09-09T13:40:01.627279,Neha,neha@demo,1967.56,1.575,0,1,24,0.3394,0,0,1,0,829,0,genuine,
1b6b5d6d-1926-40bf-a5bc-930661f255ac,2026-09-10T07:29:01.649278,RewardDesk,rewarddesk@demo,2850.27,1.1182,0,0,20,0.544,0,0,0,0,1768,0,genuine,
030f9d16-40b4-48ef-944c-66d8fc03a223,2026-09-11T20:20:01.716392,RewardDesk,rewarddesk@demo,762.35,1.7584,1,2,5,0.3803,0,0,0,1,1693,0,genuine,
6d264f1a-565e-4161-893a-f3915d152e39,2026-09-09T20:26:01.731092,Neha,neha@demo,1163.68,0.928,0,0,6,0.5042,0,0,0,0,608,0,genuine,
bfced6e0-5a60-415a-a852-313646f7777d,2026-09-12T13:38:01.752165,RewardDesk,rewarddesk@demo,13012.82,4.1516,0,3,33,0.9499,4,1,1,0,36,1,old_fraud,
3b0ecda4-0621-4562-8881-4469a55ceade,2026-09-10T06:25:01.666130,Rahul,rahul@demo,1273.35,1.3556,0,2,13,0.094,0,0,0,0,170,0,genuine,
da2179f4-89e7-4d6b-94e2-9628d15ff5ee,2026-09-09T19:48:01.645096,Rahul,rahul@demo,273.68,1.2251,0,3,21,0.4378,0,0,0,0,462,0,genuine,
6a6c4694-16d7-445b-bbb8-6feee4e6f06f,2026-09-10T05:52:01.637827,Neha,neha@demo,975.12,0.8643,0,1,15,0.5076,0,0,0,0,424,0,genuine,
69e5406d-c691-4a11-bdc8-76026c9e9f55,2026-09-09T23:53:01.679665,Rahul,rahul@demo,3375.25,0.9378,0,0,13,0.252,0,0,0,1,435,1,new_mule_fraud,0.9796
b30f3662-1bdf-4ff9-9253-cfad297ba830,2026-09-11T01:42:01.698251,RewardDesk,rewarddesk@demo,918.37,2.0048,0,1,20,0.3449,0,0,1,0,1945,0,genuine,
8b17b2d0-9aa2-44ed-924d-5ed9ca27240e,2026-09-09T13:18:01.693656,Neha,neha@demo,597.77,0.8065,1,1,9,0.3481,0,0,1,0,2445,0,genuine,
c7ca3f5b-2f69-43a1-bf81-0fe6da74709a,2026-09-12T11:41:01.670816,Rahul,rahul@demo,550.88,0.5835,0,0,6,0.1928,0,0,0,0,2299,0,genuine,
a622771d-a095-49d2-af3c-b215cd0ff207,2026-09-12T10:25:01.705542,QuickCash,quickcash@demo,40667.97,4.4209,1,6,57,0.6599,3,0,3,1,115,1,old_fraud,
d57b7b9c-da81-450c-a89f-da96107a1bd7,2026-09-11T01:22:01.709152,QuickCash,quickcash@demo,873.08,0.5542,0,2,15,0.3524,0,0,0,1,789,0,genuine,
fc820344-c3a1-4a3a-a0fa-c6fe4346fe04,2026-09-11T10:47:01.690944,QuickCash,quickcash@demo,1488.96,1.39,0,1,15,0.5499,0,0,0,0,730,0,genuine,
dc6117ce-7db6-4cc7-82ee-e97d984b227a,2026-09-11T06:41:01.610216,Rahul,rahul@demo,2308.4,0.3457,0,3,24,0.4607,0,0,0,0,409,0,genuine,
97773557-2b40-4e4b-82d7-3fac8c3ba47f,2026-09-10T17:56:01.735937,Rahul,rahul@demo,1074.22,1.5709,0,0,13,0.3536,0,0,0,0,554,0,genuine,
b4228dd7-d085-4670-8ce5-d12fe1ed9646,2026-09-12T05:49:01.698715,RewardDesk,rewarddesk@demo,1259.02,0.6565,0,0,24,0.1926,0,0,0,0,1593,1,new_mule_fraud,0.8885
25d251c9-1dd0-41d6-bb34-343be49a90a9,2026-09-12T00:11:01.689665,RewardDesk,rewarddesk@demo,464.11,1.2104,1,0,3,0.0711,0,0,0,0,1037,0,genuine,
40d6b289-870c-4e58-abe9-767971472510,2026-09-12T03:54:01.780872,RewardDesk,rewarddesk@demo,9460.41,1.9704,1,1,17,0.15,0,0,0,0,344,0,genuine,
10b2f23b-e1a2-4577-ac09-f469c2a0b8fd,2026-09-11T22:18:01.740847,QuickCash,quickcash@demo,5249.1,0.4412,0,1,13,0.5382,0,0,0,0,1052,0,genuine,
12843cd6-9844-403a-81e3-0c080a8addfc,2026-09-11T13:35:01.697292,Neha,neha@demo,394.87,0.7489,0,3,8,0.4159,0,0,0,0,1482,0,genuine,
8823819d-5bb7-4f7a-93d8-ae3b1139b4c8,2026-09-10T01:57:01.747223,Neha,neha@demo,766.17,1.809,0,0,20,0.5108,0,1,0,0,2342,0,genuine,
9ccaae61-4c9f-4222-a715-0c4480f2e152,2026-09-12T06:17:01.725460,Rahul,rahul@demo,7411.07,2.0551,0,1,13,0.3488,0,1,0,0,497,0,genuine,
b19f8f3c-0ba9-4c4a-8e80-cd28a6ba1832,2026-09-10T07:58:01.753824,Rahul,rahul@demo,462.13,0.2839,0,1,10,0.4799,0,0,0,0,215,0,genuine,
08cd8507-3031-4027-a7f7-7d5fdfe9874c,2026-09-10T12:45:01.558414,RewardDesk,rewarddesk@demo,1328.06,0.6738,1,1,15,0.1283,0,0,0,0,1730,1,new_mule_fraud,0.9784
828a26d6-49c7-44b7-a06b-321b9bec19fe,2026-09-09T21:36:01.544976,RewardDesk,rewarddesk@demo,2471.64,1.3683,0,2,17,0.3165,0,0,1,0,1670,0,genuine,
7d2bbbe1-991f-47a3-bd55-a2bfa334b45f,2026-09-11T15:32:01.532857,Neha,neha@demo,2330.21,1.0186,0,0,21,0.3241,1,0,0,0,2279,0,genuine,
f0e82925-81d6-4d09-a861-fa2f31bd05b6,2026-09-12T04:48:01.632737,Rahul,rahul@demo,965.29,1.6937,0,0,8,0.4617,0,0,0,0,1600,0,genuine,
135a7dfc-57d4-4160-aea7-0c8c1a9e2a20,2026-09-12T08:56:01.529466,Rahul,rahul@demo,1337.77,2.0681,0,1,3,0.5396,0,0,0,0,1675,0,genuine,
f2590119-f4ef-409f-9ac7-07b671c84077,2026-09-09T15:49:01.595255,Neha,neha@demo,18590.72,0.3631,0,1,15,0.2176,0,0,0,1,2139,0,genuine,
db2409c7-61df-4dfd-bcbe-d47476643a86,2026-09-11T21:13:01.584842,RewardDesk,rewarddesk@demo,1528.17,0.6105,0,0,24,0.4788,0,0,0,1,1791,1,new_mule_fraud,0.9989
c146e721-7729-408c-922e-ea269d16549d,2026-09-12T02:59:01.535530,Neha,neha@demo,3020.46,2.1084,0,2,14,0.4517,0,0,0,0,1977,0,genuine,
edb4950e-b695-4f8c-8da3-e0b27e804d8a,2026-09-12T09:21:01.653764,RewardDesk,rewarddesk@demo,492.92,1.9434,0,5,6,0.3258,0,0,0,0,549,0,genuine,
62befd74-8f3b-4fb3-874c-2738595be1f4,2026-09-11T10:41:01.541426,Rahul,rahul@demo,1227.49,1.3228,0,2,20,0.4786,0,0,0,0,1225,0,genuine,
e6930f99-e220-4b10-8689-fb4a3e710627,2026-09-12T01:35:01.660392,RewardDesk,rewarddesk@demo,2606.83,0.5062,0,1,16,0.3562,0,0,0,0,1068,1,new_mule_fraud,0.8969
235eb1e4-ff70-413a-bb7c-b8fcc7f07256,2026-09-11T05:15:01.630886,QuickCash,quickcash@demo,5807.4,1.5069,0,1,24,0.4009,0,0,0,0,2050,0,genuine,
1f338386-de26-4737-882f-1bbf0228fb1b,2026-09-10T00:02:01.645698,Rahul,rahul@demo,4691.54,1.5146,0,2,11,0.3482,0,0,0,1,1113,0,genuine,
93d31b7d-51a2-4be6-9003-9e7c97bb9ae8,2026-09-09T23:38:01.721155,RewardDesk,rewarddesk@demo,3804.09,0.8954,1,1,24,0.323,0,0,1,0,1190,0,genuine,
a50a0552-7da3-46d0-94f1-1ab7f49f2a54,2026-09-09T16:30:01.658334,Neha,neha@demo,763.32,1.0616,1,1,12,0.3686,0,0,0,0,1028,0,genuine,
e302c33d-dcb8-4e04-99ff-4f9f270950f7,2026-09-12T11:58:01.673693,Rahul,rahul@demo,1403.26,0.2569,0,0,16,0.292,0,0,1,0,926,0,genuine,
5d42d807-edf4-45ed-9f68-afe30ce26d46,2026-09-11T16:16:01.727713,Rahul,rahul@demo,4543.49,1.7093,0,0,2,0.1175,0,1,0,0,200,0,genuine,
bcf8e7c6-fa9d-42ad-a461-4117c0431783,2026-09-11T18:30:01.622561,Rahul,rahul@demo,1863.73,1.4842,1,1,20,0.4815,0,0,0,0,325,0,genuine,
529aea85-b194-44b7-8d77-82456849c326,2026-09-09T17:16:01.712051,QuickCash,quickcash@demo,667.68,1.0456,0,0,12,0.1962,0,0,0,0,1120,0,genuine,
895e3452-0df0-4f88-99ce-ceaf5533c0b6,2026-09-12T05:57:01.683409,QuickCash,quickcash@demo,1333.18,0.7341,1,2,14,0.4829,0,0,0,0,1268,0,genuine,
0f10a172-badd-49b4-96fd-962ebe021efa,2026-09-10T10:03:01.598137,Rahul,rahul@demo,3858.4,2.1146,1,0,18,0.5276,0,0,0,0,688,0,genuine,
f10567a2-a498-45f9-bb2f-ac5f8fedfdd3,2026-09-10T14:21:01.747169,QuickCash,quickcash@demo,1038.36,1.3315,0,1,4,0.1664,0,1,0,0,606,0,genuine,
86bbc616-0d4c-4390-83b6-6cce56a3998d,2026-09-10T05:41:01.761361,RewardDesk,rewarddesk@demo,1195.73,0.3376,0,0,12,0.1044,0,0,0,0,2251,0,genuine,
3cc423eb-080b-4b2c-868f-0b711bbf4a2f,2026-09-09T18:46:01.751684,Neha,neha@demo,1868.15,0.7161,0,0,12,0.538,0,0,0,0,940,0,genuine,
5d4fd414-b956-445f-a65b-b03de24cd774,2026-09-11T15:57:01.636438,Neha,neha@demo,2487.87,0.464,1,1,13,0.3562,0,0,0,0,324,1,new_mule_fraud,0.9852
2bc8245e-7e8e-4e95-acfa-9f9a903aeaeb,2026-09-11T02:03:01.701833,Rahul,rahul@demo,528.41,0.9385,1,3,4,0.3003,0,0,0,0,1792,0,genuine,
a273a2e7-8b5a-4a09-a179-8a0181a60ab0,2026-09-11T11:04:01.775641,RewardDesk,rewarddesk@demo,3484.81,1.1128,0,3,4,0.0648,0,0,0,0,1777,0,genuine,
a698af39-201f-429a-8fa5-20af3ea8b82e,2026-09-11T01:26:01.628879,Neha,neha@demo,3857.55,0.2729,0,3,7,0.4183,0,0,0,0,239,0,genuine,
b81c6fd6-a690-4e20-b812-fd395b0cad2a,2026-09-09T16:18:01.767508,Rahul,rahul@demo,543.39,1.8943,0,2,14,0.0832,0,0,1,0,1027,0,genuine,
526c20ed-b25d-4fc5-8b43-699e10f3cb77,2026-09-11T10:18:01.703444,RewardDesk,rewarddesk@demo,1459.45,0.3628,1,0,4,0.3324,0,0,0,1,120,0,genuine,
6e888869-6568-48fd-be56-936e351e7954,2026-09-10T11:56:01.742288,QuickCash,quickcash@demo,999.07,2.1936,0,0,12,0.2323,0,0,0,0,1933,0,genuine,
6873291e-7deb-4c5c-8e73-14d26b041489,2026-09-10T17:22:01.724229,RewardDesk,rewarddesk@demo,1363.39,1.513,1,0,1,0.3401,0,0,0,0,2015,0,genuine,
afa93f02-8f48-4747-8df2-e26deb21601a,2026-09-11T09:32:01.732791,Rahul,rahul@demo,2024.75,0.7985,1,2,11,0.0929,0,0,0,0,1633,0,genuine,
29c3874f-def3-4527-bb9a-5fe5b00afd0b,2026-09-11T19:17:01.674790,QuickCash,quickcash@demo,20395.67,1.3393,0,1,11,0.1863,0,0,0,0,1168,0,genuine,
76756e5b-8165-4879-a176-74e3af1b3f9d,2026-09-11T10:04:01.562766,RewardDesk,rewarddesk@demo,1953.23,2.029,0,1,14,0.2361,0,0,0,0,1647,0,genuine,
19400fa7-5be9-4b70-a4d2-989a20baec45,2026-09-10T04:44:01.774882,RewardDesk,rewarddesk@demo,2331.88,1.9322,0,1,16,0.2634,0,1,1,0,148,0,genuine,
54a63a6c-ccf0-483f-ad3a-d0a7e47ad7f3,2026-09-10T03:30:01.586038,Rahul,rahul@demo,591.17,2.1846,1,1,19,0.5231,0,0,0,0,1735,0,genuine,
70e4c53f-e275-48d7-bad5-e10581aabb7b,2026-09-12T13:45:01.594982,RewardDesk,rewarddesk@demo,2818.37,0.6698,0,0,18,0.4092,0,0,0,0,1122,1,new_mule_fraud,0.9705
fdacee4b-f5e4-4b0b-917d-a0255cb32fe7,2026-09-09T15:06:01.708157,QuickCash,quickcash@demo,4257.28,2.1396,0,2,20,0.3227,0,0,0,0,2062,0,genuine,
2b0d705b-6cab-4b44-9f04-6551665c08d3,2026-09-09T20:57:01.539619,QuickCash,quickcash@demo,556.52,0.7426,1,0,14,0.1057,0,0,0,0,1055,0,genuine,
d113130a-0366-4490-9d1a-980426147511,2026-09-10T04:31:01.740146,RewardDesk,rewarddesk@demo,1291.48,2.0575,0,2,13,0.4475,0,1,0,0,2262,0,genuine,
861dd5fa-8609-47d6-959c-1c6b4f4a2854,2026-09-10T08:43:01.754292,Neha,neha@demo,6127.77,0.4213,0,4,2,0.428,0,0,0,0,1359,0,genuine,
aa572dac-0557-41f4-8391-04cb6fe066e0,2026-09-09T15:50:01.648695,RewardDesk,rewarddesk@demo,1269.94,0.8534,0,2,15,0.0898,0,0,0,0,227,0,genuine,
1b340e96-7741-4601-a213-ca8a98af66d6,2026-09-11T23:15:01.611321,RewardDesk,rewarddesk@demo,1484.37,0.6972,0,2,20,0.152,1,0,0,0,155,0,genuine,
ac97f0c1-8ad2-4bc0-86bf-ef4ff02b03af,2026-09-11T07:27:01.651552,QuickCash,quickcash@demo,437.97,0.3928,0,0,17,0.3011,0,0,1,0,1717,0,genuine,
035192b9-b45b-4d73-8e4e-d003fee239e4,2026-09-12T01:15:01.645275,QuickCash,quickcash@demo,5068.94,1.0312,1,2,12,0.5231,0,0,0,0,1550,0,genuine,
72c65218-3660-4dbc-83c9-e95d19e15b93,2026-09-09T14:37:01.549593,Neha,neha@demo,2751.23,0.4106,0,4,1,0.4502,0,0,1,0,1579,0,genuine,
e37f5678-cf9f-4c34-9190-c8b29dc2a30e,2026-09-10T05:52:01.748324,RewardDesk,rewarddesk@demo,2183.27,1.1453,0,1,13,0.13,0,0,0,0,1571,1,new_mule_fraud,0.9155
ea1840fd-ced0-409a-aeb1-22b1e1b0d6d9,2026-09-10T10:59:01.760691,RewardDesk,rewarddesk@demo,1873.52,1.0742,0,0,8,0.2808,0,0,0,0,1452,1,new_mule_fraud,0.8547
94d16b47-2101-44d2-b49d-58446158a3cb,2026-09-10T13:44:01.533011,Neha,neha@demo,34970.66,5.2327,1,4,66,0.93,4,1,3,1,133,1,old_fraud,
3e11d0b5-aaed-4d6f-af08-fbcec34146c9,2026-09-10T01:12:01.745823,QuickCash,quickcash@demo,3546.19,2.0198,0,3,10,0.4802,0,0,0,1,1543,0,genuine,
1a2c9bd9-ce34-4e2a-8b75-9c66e890abbd,2026-09-11T15:20:01.549680,RewardDesk,rewarddesk@demo,1170.05,1.7094,1,1,24,0.1292,0,0,0,1,311,0,genuine,
5391d32f-8a0e-4870-9ce8-5c72abd3c30c,2026-09-11T11:43:01.636200,Rahul,rahul@demo,1518.2,1.005,0,2,3,0.1323,0,0,0,0,431,0,genuine,
c025a0eb-2b21-409a-a3f9-ec7dc1d1f459,2026-09-12T09:47:01.552118,RewardDesk,rewarddesk@demo,286.16,0.9287,0,3,18,0.1213,0,1,0,0,1284,0,genuine,
1051f8fd-686d-45f3-9622-70dc48d39cb5,2026-09-12T02:49:01.772654,RewardDesk,rewarddesk@demo,2661.87,0.4533,0,1,12,0.1186,0,0,0,0,1625,1,new_mule_fraud,0.9736
5540a365-655f-4f8f-bd9e-c0529aab9f98,2026-09-10T10:03:01.737745,Rahul,rahul@demo,6509.1,0.5605,0,1,10,0.5187,0,0,0,0,1312,0,genuine,
d75b6fa5-cf93-4b82-bcae-8ab74e6a23a7,2026-09-10T09:52:01.602537,RewardDesk,rewarddesk@demo,2542.01,2.1436,0,1,22,0.4199,0,0,0,0,1606,0,genuine,
e7c0355e-9192-4e27-8505-848092761ad0,2026-09-12T09:17:01.694764,Rahul,rahul@demo,953.71,0.4004,0,1,22,0.3169,0,0,0,0,2040,0,genuine,
6a5ac49c-3645-4b50-bb3e-ecd24bae90f9,2026-09-10T15:03:01.618594,RewardDesk,rewarddesk@demo,1937.87,2.0204,0,2,24,0.4972,0,0,0,1,2327,0,genuine,
6e0b06ce-73e0-4d98-9aaa-15496f4de485,2026-09-11T23:45:01.540709,RewardDesk,rewarddesk@demo,2536.43,0.8901,0,1,18,0.451,0,0,0,1,1169,1,new_mule_fraud,0.9319
b69ef83f-8bce-4022-a702-9d3dce65f1dc,2026-09-10T03:27:01.736143,Rahul,rahul@demo,1393.64,1.8902,0,1,5,0.4286,0,0,0,0,2266,0,genuine,
bda02767-419b-4954-99ca-b6c69dd0aa76,2026-09-11T10:59:01.718660,Rahul,rahul@demo,449.2,2.1008,0,0,7,0.5262,0,0,0,1,581,0,genuine,
fcc8677f-85a2-461d-9069-903069a32597,2026-09-11T06:30:01.629147,RewardDesk,rewarddesk@demo,1858.4,1.0917,0,1,24,0.3003,0,0,0,0,730,0,genuine,
988f09b0-2427-4f97-b53f-a831f77f3319,2026-09-10T01:22:01.760446,Rahul,rahul@demo,1212.04,0.6547,0,1,8,0.5412,0,0,1,0,596,0,genuine,
6edbfe7c-f119-43e3-aa6f-411dccbe92d8,2026-09-09T15:15:01.657836,Rahul,rahul@demo,1311.39,1.5723,0,2,11,0.2109,0,1,1,0,962,0,genuine,
a753f4bc-41a3-43c7-9e29-59a7bc2b6434,2026-09-09T16:20:01.673857,Rahul,rahul@demo,896.98,2.0674,0,1,12,0.2446,0,0,0,0,659,0,genuine,
2bd04e39-6166-4bfc-8009-93c518ff6a7a,2026-09-11T02:34:01.758624,Neha,neha@demo,561.16,2.0568,0,3,19,0.5493,0,0,0,0,1355,0,genuine,
94c14599-173d-4388-8457-5357bba8e646,2026-09-10T14:50:01.672519,Rahul,rahul@demo,717.57,0.6014,0,0,11,0.3359,0,0,0,0,530,0,genuine,
399de72d-9832-471e-80a1-675c696f1e0d,2026-09-12T01:18:01.678861,Neha,neha@demo,1235.26,0.4781,1,3,15,0.1937,1,0,1,0,1694,0,genuine,
e0801e20-83e2-4aba-9c6d-d18af6a729ea,2026-09-12T04:33:01.567569,Neha,neha@demo,917.22,1.1263,1,1,16,0.3811,0,1,1,0,1994,0,genuine,
d136e65e-ab8b-4e94-b6f5-8328f0aa9339,2026-09-12T05:39:01.756176,Neha,neha@demo,2542.41,0.4531,1,2,2,0.5251,0,0,0,0,1568,0,genuine,
e8b259a0-6721-4faf-a866-7750e878e918,2026-09-10T16:03:01.629562,Neha,neha@demo,994.34,1.6673,0,1,18,0.4764,0,0,0,1,377,0,genuine,
e3ea5a8f-1fc5-4a9c-a0c8-ee41f3e12e86,2026-09-11T12:17:01.773787,QuickCash,quickcash@demo,2283.77,1.0348,0,1,15,0.0973,0,0,0,0,802,0,genuine,
5dab657d-8467-4916-8cfa-74e33c27879c,2026-09-11T03:17:01.660711,RewardDesk,rewarddesk@demo,2174.97,0.6787,0,3,8,0.3077,0,0,0,0,2252,0,genuine,
a39eb2ce-f667-48e9-a6ec-d2b1d0d93ec8,2026-09-11T07:00:01.629617,Neha,neha@demo,494.32,0.9407,0,1,9,0.1128,0,1,0,0,1222,0,genuine,
523f1252-36d3-4333-8671-ab358aad8c9d,2026-09-11T20:04:01.769270,RewardDesk,rewarddesk@demo,1759.53,1.3931,0,0,23,0.1343,0,1,0,0,1384,1,new_mule_fraud,0.9817
9d5590b3-c37b-4887-9cff-225a4d7f02c4,2026-09-10T05:52:01.612142,Neha,neha@demo,477.98,1.7966,0,3,19,0.0829,0,0,1,0,1994,0,genuine,
51ec809a-dbf4-4a30-9aa1-d2b0441e4530,2026-09-10T10:06:01.571406,QuickCash,quickcash@demo,1453.46,0.9219,1,1,13,0.2037,0,1,0,0,176,0,genuine,
dbb7dc64-da25-460d-92b8-94864ddac1a2,2026-09-11T21:10:01.633701,Neha,neha@demo,1824.43,2.1589,0,0,7,0.2466,0,0,0,0,2072,0,genuine,
167829ca-2ab5-4e45-8cdf-75cc20435f6f,2026-09-10T05:22:01.542473,Neha,neha@demo,695.56,0.4967,1,1,15,0.4249,0,1,0,0,153,0,genuine,
29298e82-111c-4c4e-b8e8-a7c4a015a368,2026-09-11T06:47:01.526636,Rahul,rahul@demo,1289.05,2.0579,0,2,6,0.2135,0,0,0,0,269,0,genuine,
22f359b7-7f04-4dd3-a24f-a6af4a54116f,2026-09-10T07:20:01.693695,RewardDesk,rewarddesk@demo,28313.72,4.7793,1,3,55,0.7164,2,0,2,1,9,1,old_fraud,
d405280c-5f30-45b5-9bd4-b946c5683f2b,2026-09-11T12:34:01.710566,RewardDesk,rewarddesk@demo,24150.03,4.5587,1,3,57,0.7469,4,0,3,1,183,1,old_fraud,
e8499d7b-082c-4c8a-a9c5-13ec9876482c,2026-09-11T01:29:01.626663,Neha,neha@demo,2830.45,1.2789,0,0,17,0.4316,0,0,0,0,1789,0,genuine,
660230bc-9774-4dd6-9a02-7eadb0f8a125,2026-09-11T17:59:01.782982,QuickCash,quickcash@demo,1898.34,1.7921,0,1,1,0.1643,0,0,0,1,1128,0,genuine,
ec13c1ee-2dac-4ca5-99da-8e60f8b5c97c,2026-09-10T12:56:01.724982,Rahul,rahul@demo,439.97,1.0776,0,0,8,0.3175,0,0,0,0,292,0,genuine,
53489695-d979-4432-85ba-af619de72fb5,2026-09-11T00:46:01.613337,QuickCash,quickcash@demo,480.25,2.1146,1,0,19,0.497,0,0,0,0,1246,0,genuine,
daa49fd6-8fc8-482c-aaa1-9f709c71302d,2026-09-12T04:29:01.772899,Neha,neha@demo,2540.07,1.674,0,1,5,0.2939,0,0,0,0,1905,0,genuine,
770fd3ce-ea15-4fb8-ada9-074f9ef25c49,2026-09-10T18:05:01.670189,Rahul,rahul@demo,1079.39,1.2102,1,0,23,0.4697,0,0,0,0,675,0,genuine,
6e6d3cda-0c7e-4443-8654-398c491e9cfa,2026-09-10T17:35:01.664193,Neha,neha@demo,450.47,0.6652,0,2,14,0.1076,0,0,0,0,1863,0,genuine,
79b7da0c-0ac5-4091-98a7-b4db609f0a1c,2026-09-10T09:53:01.600548,QuickCash,quickcash@demo,2170.4,1.6015,0,3,11,0.27,0,0,0,1,659,0,genuine,
03bfca04-d3ae-4bc5-a306-90c6e0bafbf8,2026-09-11T18:47:01.623984,Neha,neha@demo,275.76,0.9821,1,0,20,0.0732,0,0,0,0,1143,0,genuine,
31a3f04b-e849-4591-90a7-e9dc52e75eb0,2026-09-09T18:52:01.745414,QuickCash,quickcash@demo,2999.38,0.4349,0,1,19,0.2249,0,0,0,1,1743,0,genuine,
7f6082d0-24bc-4c67-b228-9919f1216ae9,2026-09-10T21:14:01.680289,Rahul,rahul@demo,2634.44,2.1683,0,1,18,0.3202,0,0,0,1,501,0,genuine,
f9444e70-54b1-4e68-a67d-d2768e403b28,2026-09-10T20:37:01.699034,Rahul,rahul@demo,2025.32,0.4545,0,2,8,0.5287,0,0,0,0,2235,0,genuine,
b73c87a8-24ba-404e-8ae1-04bffe5b275b,2026-09-11T02:08:01.776524,Neha,neha@demo,189.66,1.0114,0,0,2,0.5295,1,0,0,0,213,0,genuine,
18f4d44f-93eb-4575-a8bc-28a433be5941,2026-09-12T12:44:01.761165,QuickCash,quickcash@demo,6131.57,0.8207,0,5,6,0.3855,0,1,0,0,370,0,genuine,
b0ee8bc3-cf6a-40f8-b7f1-bb41b88a438c,2026-09-11T07:51:01.628616,Neha,neha@demo,509.38,0.5664,1,0,6,0.2317,0,0,0,0,223,0,genuine,
be113a8c-7a08-46e3-83f8-5e04d6cc5446,2026-09-11T21:46:01.569873,Rahul,rahul@demo,1935.09,0.2767,1,1,14,0.0638,0,0,1,0,766,0,genuine,
64668d0a-5c91-4063-8bc2-1d6825ea8d8f,2026-09-09T21:54:01.746905,QuickCash,quickcash@demo,905.41,0.4274,0,1,24,0.5052,0,0,0,0,636,0,genuine,
9a5b6330-b6d9-4d58-b857-76303bc30482,2026-09-10T04:55:01.692299,RewardDesk,rewarddesk@demo,2475.68,1.973,0,3,9,0.0667,0,0,0,0,892,0,genuine,
1c2f2b9f-9db7-43ba-9281-00196d9c1784,2026-09-10T02:33:01.583735,RewardDesk,rewarddesk@demo,3082.63,1.0979,0,2,9,0.5399,0,0,1,0,362,0,genuine,
27050ac1-3564-4e45-8d0a-e481e955fa5c,2026-09-10T18:19:01.579702,Neha,neha@demo,1136.24,0.2374,0,0,10,0.4944,0,0,0,0,2139,0,genuine,
6f8ec801-d522-4597-afaf-5efd39037f0c,2026-09-11T15:52:01.660606,Neha,neha@demo,1177.73,0.5957,0,0,10,0.102,0,0,0,0,1641,0,genuine,
12de64d9-25c1-4d20-9293-5aecbafa206e,2026-09-12T08:02:01.779781,QuickCash,quickcash@demo,2329.68,2.0938,0,0,5,0.3886,0,0,0,0,1222,0,genuine,
111bc0f4-ee75-4617-9235-63ce2a73f158,2026-09-10T18:01:01.738053,Rahul,rahul@demo,3006.11,0.3733,0,2,21,0.5435,0,1,0,0,2160,0,genuine,
ec574bf7-43a4-4773-8c1d-6cdb5965432b,2026-09-09T23:00:01.752128,RewardDesk,rewarddesk@demo,1884.0,1.4177,0,0,5,0.4017,0,0,0,0,849,1,new_mule_fraud,0.939
7bb79ef4-9949-48ee-8e95-b7dd82c01aaa,2026-09-11T10:37:01.592975,QuickCash,quickcash@demo,1838.52,0.9946,0,2,4,0.1916,0,0,1,1,296,0,genuine,
79535822-a16d-4fa1-9cf9-2cc761498975,2026-09-11T12:35:01.733399,RewardDesk,rewarddesk@demo,997.43,2.0849,1,5,6,0.3197,0,0,0,0,367,0,genuine,
2e249b14-3aae-4c69-8249-51d02862d4e8,2026-09-11T10:26:01.645538,RewardDesk,rewarddesk@demo,664.89,2.1762,0,1,19,0.2811,0,0,0,0,1667,0,genuine,
b72a7a8d-05e9-4fbe-b667-579968ca59e2,2026-09-11T16:30:01.687751,QuickCash,quickcash@demo,788.15,1.4859,0,1,19,0.1801,0,0,0,0,1355,0,genuine,
a7badf3b-fbd2-4b1c-baff-2b93aee51581,2026-09-12T07:51:01.579626,Rahul,rahul@demo,1091.64,0.202,0,2,10,0.4958,0,0,0,0,1001,0,genuine,
a9dbe888-2584-4a5b-8bf6-e4d59732b2e8,2026-09-10T02:37:01.733488,Rahul,rahul@demo,608.64,1.4801,1,0,14,0.3968,0,0,1,0,320,0,genuine,
129d3f09-18bc-4cab-b931-19747de262b1,2026-09-10T14:36:01.765650,Neha,neha@demo,1203.51,2.1389,0,0,24,0.2194,0,1,0,0,1254,0,genuine,
a1dbeb56-4a4c-4161-ac70-572e7e005931,2026-09-10T07:43:01.635925,RewardDesk,rewarddesk@demo,2812.53,1.0384,0,0,12,0.4854,0,0,0,0,766,1,new_mule_fraud,0.8596
307b6097-c47c-4681-b37f-1648741a2df5,2026-09-11T22:00:01.609309,Neha,neha@demo,2052.89,2.0844,0,1,23,0.5241,0,0,0,0,2459,0,genuine,
e77d6622-03b5-4774-9627-30f9b289ff0d,2026-09-12T08:13:01.679896,Rahul,rahul@demo,509.15,1.0108,1,2,17,0.376,0,1,0,0,1577,0,genuine,
41acab1e-e555-4a36-9c75-bdb67ab949f8,2026-09-10T18:04:01.535010,RewardDesk,rewarddesk@demo,2547.39,0.7244,0,0,14,0.3819,0,0,0,0,1014,1,new_mule_fraud,0.9286
33ab9f36-a3cd-4db0-9266-463e340b21a0,2026-09-11T00:43:01.532056,QuickCash,quickcash@demo,2040.82,0.2755,0,1,1,0.4817,0,0,0,0,1605,0,genuine,
814b718e-d8ef-4adc-8978-dcbc032ee264,2026-09-12T08:15:01.567723,RewardDesk,rewarddesk@demo,1446.83,1.9682,0,2,12,0.2472,0,0,0,0,855,0,genuine,
cc4c8d69-a6e3-4b87-8a17-18354c736a25,2026-09-10T16:15:01.659654,QuickCash,quickcash@demo,1084.55,1.9623,0,0,18,0.3183,0,0,0,0,827,0,genuine,
071d5f4d-9e14-4003-afbf-4599cb3fc724,2026-09-10T00:55:01.592625,Rahul,rahul@demo,2674.21,1.2327,0,1,1,0.1567,0,0,0,0,861,0,genuine,
238ff40b-8d0a-45a6-8b39-1d44902c7f2b,2026-09-10T20:54:01.741064,RewardDesk,rewarddesk@demo,2439.16,1.1886,0,1,10,0.4067,0,0,0,0,915,1,new_mule_fraud,0.8774
4d3ff5cc-a881-4d0c-bc4a-2da26219a3fe,2026-09-09T19:11:01.596487,Neha,neha@demo,1363.28,1.8956,1,0,10,0.0632,0,0,0,0,1529,0,genuine,
70ced659-199d-4672-87da-c6ebde87e3da,2026-09-11T17:17:01.744098,Neha,neha@demo,2199.37,0.2651,0,0,9,0.0862,0,1,0,1,2384,0,genuine,
54592244-8e8f-45ff-bc3c-c829fbbadce1,2026-09-11T15:35:01.667483,Neha,neha@demo,1308.0,1.6646,0,1,14,0.4851,1,0,0,0,1658,0,genuine,
1c2a1978-6fd3-49f1-858b-c232df3126dd,2026-09-10T22:39:01.648791,RewardDesk,rewarddesk@demo,38681.86,3.6973,1,7,65,0.9828,1,0,3,1,197,1,old_fraud,
dc00edda-53ee-4e7c-8759-7848ab423b7d,2026-09-12T08:17:01.740957,RewardDesk,rewarddesk@demo,17189.59,3.3239,0,5,67,0.9974,2,1,2,0,94,1,old_fraud,
1c8bebcc-b8fb-4c28-8ac3-bc318b361df7,2026-09-11T14:12:01.663021,QuickCash,quickcash@demo,1208.12,1.3069,0,2,24,0.1497,0,0,1,0,346,0,genuine,
26b07ef6-75da-4511-91bf-1d0c8847354c,2026-09-12T10:00:01.645909,Rahul,rahul@demo,1737.6,1.3849,0,1,10,0.1739,0,0,0,0,2135,0,genuine,
9702a40b-c52c-4144-8863-9c04045ea3ab,2026-09-10T09:49:01.706403,QuickCash,quickcash@demo,1810.18,1.2489,0,1,10,0.3521,0,0,0,0,1298,0,genuine,
ea6bf3c0-3d07-4e8c-9866-9588a890cb90,2026-09-10T11:43:01.657958,RewardDesk,rewarddesk@demo,1326.11,1.7599,1,0,1,0.1565,0,0,1,0,2104,0,genuine,
e3513a99-1225-465d-b16a-0df881fe1e9a,2026-09-10T01:45:01.626610,Neha,neha@demo,3142.54,0.269,0,1,15,0.4868,0,1,0,0,1783,0,genuine,
dc1e0489-7673-44f2-80d2-b2d505312a06,2026-09-12T13:25:01.684317,Rahul,rahul@demo,1740.17,1.8614,0,3,18,0.1677,0,0,0,0,1198,0,genuine,
8ac006ee-0861-43d8-9605-b1bd0994e0fd,2026-09-10T15:47:01.619604,RewardDesk,rewarddesk@demo,3915.04,2.177,0,2,17,0.1001,0,0,1,0,2452,0,genuine,
25872e04-7ca1-41e6-a74b-b1e8ab7e5321,2026-09-09T16:45:01.637179,Neha,neha@demo,1644.94,0.4165,0,2,1,0.2812,0,0,0,0,2095,0,genuine,
122a25aa-8081-427a-99c4-c77675afac59,2026-09-11T02:33:01.756627,QuickCash,quickcash@demo,7989.59,2.0818,0,1,9,0.5117,0,0,0,0,1288,0,genuine,
b93946d2-8e4a-499a-99ca-a4788b17f3aa,2026-09-10T21:35:01.695699,RewardDesk,rewarddesk@demo,4120.66,0.7034,0,1,16,0.4725,0,0,0,0,809,0,genuine,
040b2c74-602b-4be4-8100-5aa04c5e2fcd,2026-09-11T15:09:01.594864,Neha,neha@demo,563.54,1.5831,0,0,16,0.2581,0,0,0,0,1688,0,genuine,
2047df3a-333b-4a58-9902-dff2082254e2,2026-09-09T18:21:01.627545,Neha,neha@demo,1232.09,2.0949,0,1,15,0.4089,0,0,0,0,1303,0,genuine,
33badb61-2ee3-49ab-864b-498c0257c0da,2026-09-09T18:51:01.611258,Rahul,rahul@demo,1984.07,1.7672,0,3,6,0.4521,0,0,0,0,1518,0,genuine,
0ce38845-667a-456f-b091-5b726b7a9dd6,2026-09-11T03:05:01.606635,RewardDesk,rewarddesk@demo,21378.91,4.8599,0,7,70,0.7885,1,1,1,1,192,1,old_fraud,
d1593f31-174f-4e61-bdf6-0dbf2b048132,2026-09-10T20:42:01.543801,Rahul,rahul@demo,1573.5,1.6066,0,0,11,0.1188,0,0,0,0,1263,0,genuine,
cb701a40-2d14-409f-88ac-2f2975c0ff75,2026-09-10T11:29:01.610260,RewardDesk,rewarddesk@demo,1091.69,1.2219,0,0,16,0.4188,0,0,0,0,1458,1,new_mule_fraud,0.8889
6f4d94d6-897d-441f-9d6e-ea3f29d3c18f,2026-09-10T03:32:01.617081,Rahul,rahul@demo,1395.17,1.117,0,0,2,0.355,1,0,1,0,2197,0,genuine,
ca03c0c5-12e4-475c-877b-b9a5c507a156,2026-09-11T09:40:01.720471,Neha,neha@demo,4921.76,1.5673,0,1,15,0.152,0,0,0,0,2449,0,genuine,
03784277-3956-4ca8-8aff-45a1583057b5,2026-09-11T02:59:01.542302,QuickCash,quickcash@demo,1043.16,2.1205,0,1,21,0.4731,0,0,0,0,2335,0,genuine,
00afa795-bdc0-44ff-9b23-8632e28c83bb,2026-09-10T18:25:01.632107,Rahul,rahul@demo,35681.1,3.8041,1,7,58,0.6667,4,1,2,0,102,1,old_fraud,
81a4111e-c631-48a5-87ae-febbcc32e99e,2026-09-11T15:32:01.686042,RewardDesk,rewarddesk@demo,4510.19,1.5461,0,4,2,0.2142,0,0,1,0,809,0,genuine,
174bd948-3b82-4ece-9fc6-37780c077f5c,2026-09-09T19:29:01.631042,RewardDesk,rewarddesk@demo,2766.65,1.1585,0,1,4,0.2853,0,0,0,0,1375,0,genuine,
25876abe-e974-429f-a17d-f6e39bbc04f1,2026-09-09T19:51:01.545380,QuickCash,quickcash@demo,1963.64,0.3363,0,1,13,0.3209,0,0,0,0,633,0,genuine,
bc0db77c-b1bb-41c4-95a1-00d35b87ee39,2026-09-09T21:13:01.660355,Rahul,rahul@demo,2972.63,1.0551,0,0,9,0.3257,0,1,0,0,1646,0,genuine,
eaa07bee-2cc9-4939-863f-7cfb7aaeb5ff,2026-09-10T09:07:01.667248,Rahul,rahul@demo,869.6,1.9209,0,0,6,0.2316,0,0,1,0,842,0,genuine,
529bda96-a765-4efc-9cb4-bc54365a08d6,2026-09-11T07:56:01.648748,QuickCash,quickcash@demo,2658.16,1.2449,0,3,2,0.1524,0,0,1,1,273,0,genuine,
0713e64c-7f46-4b04-9fcb-9016811cf87f,2026-09-10T20:14:01.658229,Neha,neha@demo,493.74,1.9411,0,3,4,0.3551,0,0,0,0,1646,0,genuine,
8409def5-5e86-4fb7-8306-a1f22df5ec98,2026-09-12T00:02:01.634450,QuickCash,quickcash@demo,3046.83,1.1689,0,2,4,0.341,0,0,1,0,2482,0,genuine,
7e5b1d5d-ad5e-4798-8ce6-1296982ea58d,2026-09-11T05:17:01.712580,Rahul,rahul@demo,965.83,1.9257,1,1,24,0.379,0,0,1,0,1334,0,genuine,
13c97037-b47d-4db6-9247-e4f16caee0d3,2026-09-11T01:14:01.565236,Rahul,rahul@demo,1960.91,1.4872,0,1,6,0.2852,0,0,0,0,113,0,genuine,
929dc996-3e84-4fa5-bda3-37ecc0fbe40d,2026-09-09T22:07:01.542741,Rahul,rahul@demo,1603.64,1.1555,0,2,1,0.5122,0,0,0,0,354,0,genuine,
4a862b63-224a-494c-bf3b-fb9fb5e494e4,2026-09-10T17:24:01.633542,Rahul,rahul@demo,1142.15,0.3949,1,1,12,0.5314,0,0,0,0,886,0,genuine,
c6b9d666-ce31-418e-99ec-f17c45c7109d,2026-09-11T17:38:01.605137,Rahul,rahul@demo,921.84,1.6623,0,3,23,0.2157,0,0,0,1,2017,0,genuine,
7ae57405-c371-44ba-b911-2499a87c46be,2026-09-10T06:17:01.715670,Rahul,rahul@demo,751.67,1.5856,0,0,21,0.0919,0,0,0,0,1077,0,genuine,
bb4d02ba-52c9-4dc5-bc59-32d1a9344d18,2026-09-11T08:12:01.609171,Neha,neha@demo,1966.56,2.1097,0,3,23,0.0765,1,0,0,1,363,0,genuine,
bba379de-d908-40f5-9b1c-752986393f86,2026-09-11T04:13:01.752034,Neha,neha@demo,28702.36,4.4951,0,6,50,0.9378,4,0,3,0,73,1,old_fraud,
f6b36abb-f6ee-473f-80ef-4667f0834d76,2026-09-12T05:51:01.713782,Neha,neha@demo,2017.75,0.3407,0,0,19,0.4318,0,0,0,0,892,0,genuine,
16957522-e078-4a95-b960-b8c1a6ecbe80,2026-09-12T02:06:01.720986,Neha,neha@demo,595.99,1.4153,0,2,21,0.16,0,0,0,0,526,0,genuine,
298754f8-57c1-4e28-bc38-be8fc9c81c1c,2026-09-11T23:41:01.598713,Neha,neha@demo,530.41,1.5988,0,1,24,0.3454,0,0,0,0,2253,0,genuine,
83d45fb3-86d0-4b1c-91d1-163d42a8308a,2026-09-11T05:04:01.635027,Rahul,rahul@demo,1379.62,1.6599,0,4,9,0.4866,0,0,0,0,2160,0,genuine,
d9a20928-b395-48cd-811a-7ba9cbfd09ee,2026-09-10T03:44:01.604476,RewardDesk,rewarddesk@demo,3196.68,1.4304,0,0,15,0.1326,0,0,0,0,860,0,genuine,
d7a26e38-6f38-4eb2-a302-01a03236a553,2026-09-09T16:14:01.708289,QuickCash,quickcash@demo,1223.57,2.0085,0,2,17,0.1139,0,0,0,0,1731,0,genuine,
05c98a96-b48b-4cc0-a5e3-af9fbf0a5285,2026-09-10T03:13:01.703044,Rahul,rahul@demo,1584.36,2.1414,0,0,24,0.2396,0,0,0,0,1668,0,genuine,
aa18d528-b540-48bf-9adf-d93a8cd08f40,2026-09-10T12:06:01.705212,RewardDesk,rewarddesk@demo,1650.3,0.6666,0,0,17,0.2918,0,0,0,0,1402,1,new_mule_fraud,0.9712
8207905a-6308-46c1-a444-3305a92bb1ba,2026-09-12T08:03:01.743889,RewardDesk,rewarddesk@demo,642.26,1.9311,0,1,5,0.4946,0,0,0,0,439,0,genuine,
1d134c7e-7c7a-4f1e-8b61-3a8ec997abfd,2026-09-11T18:08:01.622307,Neha,neha@demo,620.67,1.8973,0,1,6,0.3707,0,0,1,0,1227,0,genuine,
6b29dc3f-f0db-416b-95d9-988c77246e42,2026-09-11T03:22:01.745665,QuickCash,quickcash@demo,1302.29,1.7735,0,2,12,0.4145,0,0,0,0,2465,0,genuine,
96178df2-c898-42db-b0c1-0f6cf25aea3b,2026-09-11T11:26:01.599382,RewardDesk,rewarddesk@demo,947.67,0.3312,0,1,20,0.2161,0,0,0,0,1125,0,genuine,
7d630f7f-2baf-483e-93a8-5f8f25728777,2026-09-12T06:56:01.640465,Rahul,rahul@demo,398.66,1.1436,0,3,10,0.3752,0,0,1,1,110,0,genuine,
db202b09-2d44-497d-b6c3-17f203f04e20,2026-09-11T10:53:01.582232,Neha,neha@demo,1819.73,1.4614,0,1,5,0.0967,0,0,0,0,2418,0,genuine,
7c9d1422-20ab-420d-87a8-8d03975f787a,2026-09-10T04:55:01.742471,QuickCash,quickcash@demo,590.36,1.6256,0,1,11,0.3863,0,0,0,0,1972,0,genuine,
2342de04-86d7-4762-9a6a-d0f04ec2a66d,2026-09-11T05:25:01.548548,Neha,neha@demo,15776.72,3.6375,1,4,35,0.7184,4,1,3,1,191,1,old_fraud,
80b21fa9-e5ac-4eba-826c-e63d8056a24a,2026-09-09T19:40:01.669110,Rahul,rahul@demo,3375.85,1.65,0,1,21,0.1821,0,1,0,0,2433,0,genuine,
c7c53914-13a5-42e0-a890-9f0ccbf72a25,2026-09-10T23:57:01.697180,RewardDesk,rewarddesk@demo,2073.74,1.5042,0,2,17,0.381,0,0,0,0,1283,0,genuine,
50181acf-9668-409a-93a9-82300cb03db2,2026-09-09T23:43:01.755559,Rahul,rahul@demo,2990.81,0.3328,0,2,18,0.4739,0,0,0,0,2046,0,genuine,
dad0131a-23b2-46e4-b08f-2c3758bdc4eb,2026-09-11T11:11:01.723716,Rahul,rahul@demo,813.16,0.78,1,1,19,0.082,0,0,0,0,1051,0,genuine,
52e7a896-0137-461c-8696-0e88b5f72253,2026-09-10T19:04:01.687804,Rahul,rahul@demo,656.78,1.6026,0,1,14,0.0606,0,1,0,0,2183,0,genuine,
b1f431a7-aefb-4fed-8ce6-fb75ade7ca45,2026-09-09T19:18:01.663701,Rahul,rahul@demo,1912.96,1.0732,1,0,15,0.2467,0,0,0,0,2495,0,genuine,
4d55a6a0-6860-43dc-879c-8170115ee58d,2026-09-09T17:57:01.682238,Rahul,rahul@demo,1734.35,0.3091,0,1,9,0.2888,0,0,1,0,1853,0,genuine,
8c7bf9b8-bad8-4b4f-9a3e-f3921e565bb3,2026-09-10T13:18:01.760087,Rahul,rahul@demo,1180.24,0.237,0,0,19,0.2873,0,0,0,0,1865,0,genuine,
7090be50-141c-47d5-b090-fde69e5830d2,2026-09-11T12:07:01.600617,Neha,neha@demo,630.13,2.1273,0,2,13,0.2355,0,1,0,0,1053,0,genuine,
ab9062d7-5696-4cca-b021-68c8fec1ded3,2026-09-09T18:31:01.602799,Rahul,rahul@demo,3159.83,1.8976,0,3,23,0.1438,0,0,0,0,830,0,genuine,
36a4782d-1165-427b-b5dc-7356ca0791f6,2026-09-09T20:49:01.571248,Rahul,rahul@demo,1331.52,1.2391,0,1,10,0.0948,1,0,0,0,559,0,genuine,
3094a9aa-2d65-4154-9c77-70b3bf38ad8c,2026-09-10T15:13:01.762537,QuickCash,quickcash@demo,2203.84,1.354,0,0,22,0.2752,0,0,0,0,2271,0,genuine,
a9f94e08-8453-4117-8ca4-f5d1933abf55,2026-09-10T16:32:01.775746,Rahul,rahul@demo,2760.35,1.5513,1,2,23,0.4818,1,0,0,0,714,0,genuine,
753b36f4-05c0-44d4-bb21-791046f480c4,2026-09-10T16:42:01.744497,Rahul,rahul@demo,1107.64,2.0519,0,2,22,0.2191,0,0,0,0,2489,0,genuine,
ef8c46e0-186e-4836-9033-8575ace91ad6,2026-09-10T16:00:01.765123,Rahul,rahul@demo,1085.66,1.8663,0,1,21,0.1327,0,0,1,1,455,0,genuine,
fbfa1393-7225-43da-a6f0-f5f721bff3dc,2026-09-10T04:30:01.696828,Neha,neha@demo,2805.89,0.575,0,0,10,0.118,1,0,0,0,312,0,genuine,
fa61a11f-67f3-46a2-abed-0e8ade7fcf93,2026-09-11T12:12:01.586801,Rahul,rahul@demo,1100.58,2.1976,0,1,2,0.1323,0,0,0,1,1479,0,genuine,
dd4e7198-d356-43a3-9b6c-4d643d44d493,2026-09-10T00:33:01.569957,QuickCash,quickcash@demo,1212.58,2.0703,0,1,16,0.24,0,0,0,0,479,0,genuine,
37336b22-f675-4ba2-ad9e-076605b55f5d,2026-09-10T02:22:01.731455,Rahul,rahul@demo,718.32,0.9001,0,3,4,0.4252,0,0,0,0,494,0,genuine,
0bc49204-bcf9-4cd1-8b51-f05b0d381521,2026-09-11T08:44:01.536743,RewardDesk,rewarddesk@demo,971.63,1.5308,0,0,7,0.2687,0,0,0,0,116,0,genuine,
8983715e-534d-4f39-802f-32818c0d74f4,2026-09-10T15:15:01.583197,Rahul,rahul@demo,522.61,1.5377,0,2,10,0.3732,0,0,0,0,126,0,genuine,
2ccd0e48-50b4-4480-9ff8-c0e64cd4eee0,2026-09-12T04:44:01.638233,RewardDesk,rewarddesk@demo,1111.38,0.3872,0,1,11,0.3614,0,0,0,0,1773,1,new_mule_fraud,0.9984
97e0ab19-5cb8-486d-b01d-0cf46bcdea8b,2026-09-11T05:38:01.575919,RewardDesk,rewarddesk@demo,2722.51,0.582,0,1,19,0.4465,0,0,0,0,1665,1,new_mule_fraud,0.9259
1ee6d92c-3c05-4372-a76f-005ccb671f31,2026-09-12T04:51:01.603884,RewardDesk,rewarddesk@demo,1783.54,1.1528,0,0,8,0.5074,0,0,1,0,1608,0,genuine,
abe784e3-7059-4e44-8e58-0e7c8cc69ab4,2026-09-12T09:12:01.554981,RewardDesk,rewarddesk@demo,1632.17,0.6286,1,1,20,0.4074,0,0,0,0,716,1,new_mule_fraud,0.8801
e6488ccc-4eeb-4723-bde1-8c07de5148bb,2026-09-11T16:36:01.586192,Neha,neha@demo,993.21,0.2116,0,0,12,0.4863,0,0,0,1,2306,0,genuine,
7e5adca1-eb0c-4568-b497-1a79e0bd3d90,2026-09-09T17:27:01.730746,Neha,neha@demo,1267.21,0.9531,0,0,20,0.2109,0,0,0,0,2272,0,genuine,
5321aa68-33df-4922-b62c-07cfcf4d52b5,2026-09-09T18:03:01.744708,QuickCash,quickcash@demo,1244.78,1.3646,0,3,5,0.4033,0,0,0,0,1511,0,genuine,
ebf3d7cc-2d7b-4e06-ad7e-33f6cd9eda03,2026-09-09T13:12:01.533534,QuickCash,quickcash@demo,2133.88,0.4093,1,3,18,0.518,0,0,0,0,1600,0,genuine,
7f6aa2bb-2e15-4e4b-92f9-17fd2f45bfcb,2026-09-12T11:35:01.705114,Neha,neha@demo,702.11,0.8724,0,3,7,0.4263,0,1,1,0,1478,0,genuine,
b80778f4-9c00-45f8-85c6-f90d3000a43a,2026-09-10T21:19:01.610927,Rahul,rahul@demo,1336.01,1.2872,1,1,12,0.1002,0,0,0,0,702,1,new_mule_fraud,0.9818
e494c728-17ee-4509-9a56-5b4c99b2f830,2026-09-11T01:47:01.654356,QuickCash,quickcash@demo,1853.41,1.6243,0,0,11,0.2703,0,0,0,0,351,0,genuine,
0962ab6a-6cd6-4ad2-be61-b058cfb88e10,2026-09-10T08:34:01.591382,Rahul,rahul@demo,777.69,1.8195,0,2,17,0.1945,0,0,0,1,628,0,genuine,
6ff1bc69-0a88-4420-b20f-78c86f53066e,2026-09-12T02:39:01.771003,QuickCash,quickcash@demo,1803.15,1.456,0,1,10,0.1122,1,0,0,0,2307,0,genuine,
e146eb91-ec38-47ad-8568-39e8d7b36263,2026-09-10T19:31:01.601232,Neha,neha@demo,10390.36,5.0528,1,3,52,0.7222,2,0,3,0,52,1,old_fraud,
9dc21815-9d67-461e-a511-dd1ec21b3da5,2026-09-11T11:23:01.677634,RewardDesk,rewarddesk@demo,825.98,1.4819,0,1,6,0.172,0,0,0,0,466,0,genuine,
3d15c86c-7362-4d64-93a5-aaaa68f6bc2c,2026-09-12T08:28:01.732680,QuickCash,quickcash@demo,477.55,1.8709,0,1,12,0.1346,0,0,1,0,654,0,genuine,
abf03e02-c332-4fd3-a743-efd7d2035f40,2026-09-10T12:22:01.697754,QuickCash,quickcash@demo,3013.96,0.4313,0,0,19,0.2025,0,0,0,0,1797,1,new_mule_fraud,0.8915
b32077a1-aa43-43e4-bbdf-4b9374a1b588,2026-09-09T13:17:01.654725,Neha,neha@demo,1579.22,1.1096,0,1,16,0.5011,0,0,0,0,660,0,genuine,
3dcce7c6-84a1-428b-885c-8431acc269c8,2026-09-10T04:13:01.623821,Neha,neha@demo,2104.97,1.1506,0,1,19,0.1625,0,0,0,1,1738,0,genuine,
b95ebba7-d869-4321-9a8a-bfb8d7be2e6e,2026-09-09T21:11:01.708930,RewardDesk,rewarddesk@demo,1207.27,2.1916,0,1,5,0.105,0,1,0,1,1645,0,genuine,
7308387e-3a8c-42e2-9998-46fff8afd6db,2026-09-10T17:10:01.705058,Neha,neha@demo,1368.89,1.3551,0,0,4,0.2382,0,0,0,0,1069,0,genuine,
d9d09ffa-01ee-4b9c-8fce-f5705b9e2661,2026-09-12T04:45:01.778770,RewardDesk,rewarddesk@demo,1809.46,0.3885,0,1,13,0.1891,0,0,0,0,1627,1,new_mule_fraud,0.8667
9ee32629-1532-4b69-a9cb-1c4ab9fdedec,2026-09-10T12:57:01.720297,RewardDesk,rewarddesk@demo,168.03,1.9729,1,1,24,0.1075,0,0,0,0,1757,0,genuine,
e2971848-5c1e-4977-82e0-f05c0bd9781d,2026-09-10T01:02:01.668633,Neha,neha@demo,1258.58,1.8416,0,1,20,0.4458,0,0,0,0,2063,0,genuine,
da51a6b9-dc28-4751-b4e1-06c893da1a23,2026-09-12T02:32:01.767246,Rahul,rahul@demo,270.94,1.9473,0,2,5,0.3739,0,0,0,0,916,0,genuine,
64d7e390-4b75-4987-a243-54fd7a7e93bc,2026-09-11T18:50:01.680709,Neha,neha@demo,1102.92,1.8917,0,2,20,0.4055,0,0,0,0,1678,0,genuine,
45f05d23-e6f6-44d3-8206-ace5d38ca869,2026-09-09T23:53:01.754500,QuickCash,quickcash@demo,1065.17,0.4788,0,2,13,0.3418,0,0,0,0,1530,0,genuine,
771e9d38-ae56-444e-83a8-f0c21f8d4997,2026-09-10T03:12:01.770365,QuickCash,quickcash@demo,1081.47,1.4635,0,2,8,0.1617,0,0,0,0,164,0,genuine,
16814e90-0543-4c36-96a7-037d80edef2a,2026-09-11T03:24:01.778928,Rahul,rahul@demo,3255.31,1.7449,0,1,16,0.1195,0,0,0,0,1947,0,genuine,
3c44bd90-4028-4ef3-a2d4-58092cbf5675,2026-09-09T17:38:01.762168,QuickCash,quickcash@demo,1250.39,0.7362,0,1,16,0.3028,0,0,0,0,262,0,genuine,
f6843188-0c8c-4a7a-b32a-12499904bc9b,2026-09-10T18:38:01.686244,RewardDesk,rewarddesk@demo,2989.75,1.3889,0,0,16,0.1287,0,0,0,0,1372,1,new_mule_fraud,0.9202
1003161d-9c8c-49d0-b462-00a673a84ca0,2026-09-11T22:38:01.613783,RewardDesk,rewarddesk@demo,3341.61,0.2587,0,4,21,0.1066,0,0,0,0,1527,0,genuine,
04186886-53e5-4bc7-bf5c-2cf9006445fc,2026-09-11T12:48:01.602930,Neha,neha@demo,422.88,0.2227,0,0,15,0.2949,0,0,1,0,877,0,genuine,
53826de3-06cd-44c6-8fd6-63c12bd298e3,2026-09-12T13:45:01.640610,RewardDesk,rewarddesk@demo,2966.33,1.3972,0,0,14,0.127,0,0,0,0,1249,1,new_mule_fraud,0.8681
0d5dbdb1-ee0b-4228-ab1c-df065595089c,2026-09-10T08:34:01.667611,RewardDesk,rewarddesk@demo,1520.4,0.7296,0,0,22,0.2238,0,0,0,0,1647,1,new_mule_fraud,0.9225
4b97d6da-b0c5-4236-b526-df03149c18c1,2026-09-09T23:37:01.745571,Rahul,rahul@demo,1092.26,1.3562,0,2,16,0.0789,0,0,0,0,529,0,genuine,
3d74ff6e-f104-489c-a640-05891fe6f0c3,2026-09-11T05:18:01.595607,Neha,neha@demo,1339.28,0.5135,0,1,21,0.3459,0,0,0,0,1400,1,new_mule_fraud,0.9334
48d1cbf0-904f-4c3b-818f-cc5039d4bcc8,2026-09-12T01:05:01.535370,RewardDesk,rewarddesk@demo,2059.32,1.4824,0,1,10,0.1005,0,0,0,1,541,1,new_mule_fraud,0.8586
f8c088fa-1321-4edf-849f-60635df53b3b,2026-09-09T16:03:01.677400,Rahul,rahul@demo,2522.66,0.529,0,0,10,0.2965,0,0,0,1,354,0,genuine,
346a8d7a-035e-4042-b794-1b8e88c0894b,2026-09-11T14:00:01.602472,QuickCash,quickcash@demo,5720.12,0.6372,1,1,22,0.4357,0,0,0,0,1899,0,genuine,
fbc8aad3-4618-4628-9226-a2630d971269,2026-09-09T13:35:01.591941,Rahul,rahul@demo,26754.57,4.8765,1,6,67,0.9018,1,1,1,0,82,1,old_fraud,
27d9f8a8-dcfc-48dd-9b0b-5050dee0f89e,2026-09-10T05:38:01.728091,RewardDesk,rewarddesk@demo,2680.23,0.2209,0,4,7,0.2973,0,0,0,1,254,0,genuine,
85e452e0-8523-40b7-a724-0babb98ff037,2026-09-10T14:21:01.529398,Neha,neha@demo,843.57,0.7718,0,0,6,0.1684,0,0,0,0,1601,0,genuine,
085d544c-c02c-42c5-bfbc-9ea2ad7c8a08,2026-09-10T19:52:01.622998,RewardDesk,rewarddesk@demo,2838.98,0.6696,0,0,18,0.2397,0,0,0,0,652,1,new_mule_fraud,0.986
fd824404-26cd-4bbf-a896-e5de18965ea9,2026-09-12T10:55:01.749648,RewardDesk,rewarddesk@demo,906.31,1.0773,1,2,24,0.2842,0,0,0,0,1551,0,genuine,
232362db-4914-4036-988a-7787d9a53a5f,2026-09-11T19:56:01.656192,RewardDesk,rewarddesk@demo,2344.61,1.1654,0,1,10,0.2073,0,0,1,0,2053,0,genuine,
260bb288-c040-4104-a6a2-83ed80b620db,2026-09-12T09:02:01.649596,Neha,neha@demo,294.26,2.1553,0,0,13,0.3679,0,0,0,0,1016,0,genuine,
af3157c0-db57-4aa3-95d4-c7b990ca541e,2026-09-12T00:04:01.713493,Neha,neha@demo,727.71,0.5823,0,1,5,0.2027,0,0,0,0,2271,0,genuine,
2bd06374-6b8a-4227-adca-a6c3ec0deba2,2026-09-12T04:29:01.597571,QuickCash,quickcash@demo,1233.84,0.9257,0,2,11,0.3352,0,0,0,0,149,0,genuine,
e7775c96-92aa-459d-a8bd-a484bdd066cb,2026-09-10T06:45:01.607813,QuickCash,quickcash@demo,604.5,1.612,0,2,23,0.3627,0,0,0,0,1644,0,genuine,
15e04ecb-7fd4-4e4e-851b-43a49d0cdb8d,2026-09-09T17:49:01.601750,QuickCash,quickcash@demo,941.8,0.8102,1,0,4,0.281,0,0,1,0,165,0,genuine,
eaaf3520-797c-491c-8984-8c5596c02ceb,2026-09-11T19:13:01.779421,RewardDesk,rewarddesk@demo,2930.89,1.2024,0,0,21,0.2541,0,0,0,0,2082,0,genuine,
17bc8192-3cca-462a-94c9-d52331f0d4d9,2026-09-10T23:11:01.652791,Rahul,rahul@demo,5367.68,1.3937,0,0,4,0.2544,0,0,0,0,1763,0,genuine,
2c517152-a8ed-4172-99e2-a16c74f5b4a6,2026-09-11T22:23:01.651144,Neha,neha@demo,1316.42,1.8812,1,1,15,0.4445,0,0,0,0,1710,0,genuine,
5b1a8d0a-1d76-4538-a470-86fff431ad3d,2026-09-11T20:02:01.656614,Rahul,rahul@demo,1467.99,1.2995,1,1,6,0.1153,0,0,0,1,1787,0,genuine,
2ad57c23-02c6-4867-aef6-ec8b13ce0f48,2026-09-11T19:07:01.756678,Neha,neha@demo,2188.0,0.2836,0,0,10,0.4261,0,0,0,0,2293,0,genuine,
38c91ce6-1715-47c7-9b40-9d6c3e1ba43e,2026-09-11T04:02:01.699139,QuickCash,quickcash@demo,397.92,1.3662,0,2,3,0.3439,0,0,0,0,1866,0,genuine,
0066b91d-a951-4c9a-ba28-f84a6d7c2efb,2026-09-12T04:53:01.726959,RewardDesk,rewarddesk@demo,679.89,2.1648,0,1,21,0.2769,0,0,0,0,787,0,genuine,
98d6d784-97c3-446c-8a56-f630ff21b258,2026-09-10T17:37:01.618181,QuickCash,quickcash@demo,1032.31,0.64,0,2,5,0.1635,0,0,0,0,181,0,genuine,
b3b26aaa-492e-45e9-9a1e-a41de67a75c9,2026-09-11T15:08:01.734065,RewardDesk,rewarddesk@demo,3421.01,0.948,1,0,5,0.3082,0,0,0,1,1252,1,new_mule_fraud,0.8566
d24b7d62-4317-4d37-962b-c0d0fb91a3f3,2026-09-11T02:14:01.767404,RewardDesk,rewarddesk@demo,2704.85,1.133,0,0,1,0.3519,0,0,0,0,879,0,genuine,
1683e0ee-1323-4d77-9e8d-480b3cc3a3e8,2026-09-11T04:21:01.651444,Neha,neha@demo,23534.94,5.1982,1,3,63,0.9839,1,1,3,1,213,1,old_fraud,
1f6f5751-ac38-4722-b201-dd5a93c03545,2026-09-10T13:01:01.619761,Rahul,rahul@demo,808.11,2.0177,1,0,14,0.1654,0,0,0,0,1838,0,genuine,
ffece3ee-a72e-4c47-ae9c-a9eb4326a928,2026-09-09T17:35:01.557965,RewardDesk,rewarddesk@demo,1979.5,2.179,0,2,5,0.0764,0,0,0,0,1636,0,genuine,
6d658957-e8d8-40f9-aceb-9bad834be7a3,2026-09-11T19:35:01.649384,Neha,neha@demo,1034.01,0.7157,0,0,11,0.5116,1,0,0,0,1849,0,genuine,
5007971e-49f3-4840-8785-555317ec4599,2026-09-11T06:31:01.529825,RewardDesk,rewarddesk@demo,1139.08,1.7849,0,2,8,0.2753,0,0,0,0,1951,0,genuine,
a1c6493a-46c4-419f-9394-d52b6e08e616,2026-09-10T10:31:01.529332,RewardDesk,rewarddesk@demo,6999.72,0.9191,0,1,8,0.2705,1,0,1,0,2197,0,genuine,
d6b9cb92-9206-4dbd-b6b2-cef9aac61cd5,2026-09-12T07:42:01.637590,Neha,neha@demo,29146.72,3.0665,1,6,46,0.6856,4,1,1,0,232,1,old_fraud,
16b140e3-c5c7-45a3-8c55-fe7440d933b2,2026-09-10T02:49:01.764051,Rahul,rahul@demo,11371.99,4.6354,0,6,72,0.9021,2,1,3,1,102,1,old_fraud,
fb38628b-8cdd-4df2-9a4c-144a5245082f,2026-09-12T12:30:01.603949,RewardDesk,rewarddesk@demo,2511.66,2.1299,0,2,23,0.43,0,0,0,0,2184,0,genuine,
aeeb7986-7733-4574-8833-cf8315960868,2026-09-10T16:49:01.646777,Neha,neha@demo,419.37,1.3278,0,3,21,0.2522,0,0,0,0,1174,0,genuine,
a4e827e1-a623-44ab-9d47-2b47a8431344,2026-09-09T14:35:01.528919,RewardDesk,rewarddesk@demo,2164.48,0.3742,0,0,11,0.195,0,1,0,0,1256,1,new_mule_fraud,0.8765
f2cb0918-632f-4758-8fe8-3520ac995569,2026-09-10T10:15:01.675673,Neha,neha@demo,22779.29,3.405,1,5,78,0.7753,2,1,3,1,50,1,old_fraud,
9d8d75ca-3d34-4db3-b06a-b12c7be54092,2026-09-09T19:13:01.669269,QuickCash,quickcash@demo,2212.73,2.077,0,0,16,0.3753,1,0,0,0,1005,0,genuine,
c8ebe84d-b02d-434b-87a5-07f5b5e4e342,2026-09-10T02:38:01.679772,Rahul,rahul@demo,2707.64,1.0952,1,2,15,0.5382,0,0,0,0,1936,0,genuine,
0e55b616-593a-4701-a350-b910f817e183,2026-09-11T00:13:01.629708,Neha,neha@demo,7052.03,1.9987,0,0,14,0.4175,0,0,0,0,201,0,genuine,
5639bba5-a309-4d9d-8b87-cdd6c217810f,2026-09-12T04:38:01.544316,QuickCash,quickcash@demo,1065.9,1.697,0,5,2,0.5142,0,0,0,0,1652,0,genuine,
696cfd85-eda5-4df3-8fa5-e5b4a6b0f181,2026-09-11T05:23:01.545060,RewardDesk,rewarddesk@demo,198.15,0.9082,0,1,11,0.4717,0,0,1,0,1491,0,genuine,
c02f3039-2df4-4950-8c01-07a924707706,2026-09-11T18:05:01.557666,Neha,neha@demo,886.29,1.4663,0,0,3,0.1164,1,1,0,0,646,0,genuine,
faf86483-fda2-4b8c-a50f-931a1e07ea66,2026-09-12T12:54:01.608002,RewardDesk,rewarddesk@demo,1393.21,0.2027,1,0,10,0.2804,0,0,0,0,1299,0,genuine,
181efd7b-1824-4f1d-ab1c-6ebcb3ba2894,2026-09-11T17:47:01.535887,Neha,neha@demo,1368.34,1.7047,0,2,15,0.4145,0,0,0,0,1583,0,genuine,
c32eaeb3-7711-4e2c-87fa-d4b8328cfd35,2026-09-09T13:47:01.634710,RewardDesk,rewarddesk@demo,1499.85,0.6776,0,2,15,0.5435,0,0,0,0,175,0,genuine,
4e4257e5-ca79-4fab-8514-d977f87ba516,2026-09-11T11:15:01.710307,Neha,neha@demo,732.0,2.0942,0,2,19,0.4956,0,0,0,0,1328,0,genuine,
0475e680-55c3-49ac-a601-6b93869e9344,2026-09-10T13:40:01.761909,RewardDesk,rewarddesk@demo,2557.58,1.0935,0,0,11,0.5329,0,0,0,0,459,0,genuine,
be3122a3-20d2-49d5-9b08-97e76a6082ef,2026-09-12T12:09:01.753876,Rahul,rahul@demo,2109.99,0.6667,0,0,4,0.5446,0,0,0,0,1329,0,genuine,
5873a8fa-2a7b-4f95-bfab-d9299f9d69ca,2026-09-10T23:31:01.696883,RewardDesk,rewarddesk@demo,812.78,2.122,0,1,19,0.5276,0,0,0,0,697,0,genuine,
50dba955-70dc-4329-923e-9c4f866e2f15,2026-09-10T15:32:01.669374,Rahul,rahul@demo,766.36,2.0649,0,0,14,0.5477,0,0,1,0,1319,0,genuine,
014ac37a-be31-4d2a-8044-9c0d86ed40a3,2026-09-09T21:31:01.736357,Rahul,rahul@demo,44929.03,2.2493,0,4,24,0.9123,2,1,1,1,158,1,old_fraud,
8a4443c7-6039-40e3-819d-e88ef044d558,2026-09-09T23:43:01.526896,RewardDesk,rewarddesk@demo,1772.27,0.9547,0,4,12,0.0895,0,0,1,0,2377,0,genuine,
efaaf16d-bc36-4529-97db-71ee4af6457c,2026-09-11T04:51:01.542555,Rahul,rahul@demo,2810.58,0.8508,0,2,6,0.3802,0,0,0,0,1369,0,genuine,
30ed8881-b523-41e9-87b6-4d5da3c82413,2026-09-10T14:59:01.569642,Neha,neha@demo,2148.35,2.0733,0,3,10,0.4294,0,0,0,0,1299,0,genuine,
3b9f2745-2edc-4e1f-88be-ecf0dd52fde1,2026-09-10T07:44:01.741550,Rahul,rahul@demo,2617.17,2.1916,0,1,5,0.4229,0,0,0,0,1070,0,genuine,
a2ff5bbc-55f7-4485-bab5-68cf8abfc0ed,2026-09-09T23:55:01.735154,Neha,neha@demo,1193.14,1.4322,1,3,7,0.4874,0,0,1,0,700,0,genuine,
70db01c3-e3b7-411c-a347-95787db45574,2026-09-09T19:30:01.528328,Neha,neha@demo,235.03,0.9538,0,2,12,0.466,0,0,0,0,1709,0,genuine,
609b79f0-8931-42b1-8ab9-c99214456f2f,2026-09-11T15:17:01.783377,Neha,neha@demo,403.14,1.493,0,1,15,0.1454,0,0,1,0,418,0,genuine,
10239616-2af3-4c28-9ea4-d868d4a67749,2026-09-10T23:10:01.636648,Neha,neha@demo,476.38,1.0532,0,1,6,0.2011,1,0,1,0,228,0,genuine,
5eae4d59-9e5d-410b-9722-61c2854450e7,2026-09-09T14:45:01.692928,Neha,neha@demo,1300.84,1.3531,1,2,13,0.221,0,0,0,0,721,0,genuine,
8d521b90-b822-40ee-84c3-fb226b6d7898,2026-09-10T11:53:01.738601,RewardDesk,rewarddesk@demo,2755.27,0.4892,0,1,15,0.1911,0,0,0,0,1084,1,new_mule_fraud,0.9933
320e1aca-f308-44fb-9db1-630fa49764ae,2026-09-11T11:03:01.766709,RewardDesk,rewarddesk@demo,1702.42,1.7491,0,2,10,0.2102,0,0,0,0,555,0,genuine,
8b91ceba-dcb3-420a-b962-b100e2b5ae58,2026-09-09T20:44:01.767299,RewardDesk,rewarddesk@demo,664.48,0.4759,1,1,4,0.393,0,0,0,0,1939,0,genuine,
e5a20baf-1a57-4c8e-bbbb-f415a90dc2a8,2026-09-11T21:33:01.528533,Neha,neha@demo,1993.34,0.2208,0,1,5,0.3833,1,0,0,0,290,0,genuine,
47678039-2adb-425b-8583-12923cbd009a,2026-09-12T00:09:01.570290,QuickCash,quickcash@demo,4056.04,1.2856,0,0,21,0.5232,0,0,0,0,1655,0,genuine,
a8ede779-3fb3-49e3-9837-1656614abc8c,2026-09-10T05:00:01.611069,QuickCash,quickcash@demo,555.8,1.698,0,0,24,0.0799,0,0,0,0,787,0,genuine,
b8a0a53d-5e8b-4b3d-9bfc-d40b8982e515,2026-09-12T05:35:01.585224,Neha,neha@demo,2163.7,0.4317,0,1,9,0.3329,0,0,0,0,723,0,genuine,
931c8dc2-18f9-400f-9fab-b1e7c15c9830,2026-09-12T06:34:01.707414,Neha,neha@demo,5383.02,0.6961,0,0,23,0.3645,0,0,0,0,1460,0,genuine,
e6fa2c5d-ca7e-4fc0-8098-08df6a9ee3bb,2026-09-12T08:22:01.708781,RewardDesk,rewarddesk@demo,968.55,0.996,1,2,20,0.1287,0,0,0,1,1766,0,genuine,
0489dd4a-e203-4961-bcf2-3b2bae81d90f,2026-09-12T00:35:01.577937,RewardDesk,rewarddesk@demo,2684.36,0.2403,0,0,2,0.5253,0,1,0,0,1606,0,genuine,
87dc89d8-1381-42fe-90d6-3e5ede0d39b0,2026-09-11T07:34:01.775065,RewardDesk,rewarddesk@demo,252.14,1.9898,0,1,12,0.378,0,0,0,1,805,0,genuine,
ef619d82-9e3b-47db-ad7a-68eecf933a65,2026-09-10T12:44:01.735401,Rahul,rahul@demo,1590.83,0.5578,0,1,8,0.1841,0,0,0,0,509,0,genuine,
92934c4a-1453-4c64-b6cf-d3b8e6640d77,2026-09-11T03:35:01.761676,Rahul,rahul@demo,1450.08,2.1389,0,4,14,0.0896,0,0,0,0,824,0,genuine,
438347d8-28d6-4540-8759-8936bfb09672,2026-09-10T14:14:01.700476,Neha,neha@demo,2340.61,0.4876,0,1,4,0.1602,0,0,0,0,281,0,genuine,
12b7438f-ef55-4abf-be52-0ece5d9fb254,2026-09-11T08:11:01.644988,QuickCash,quickcash@demo,1264.77,1.6611,1,3,23,0.129,0,0,0,0,1255,0,genuine,
e19ca339-6c9a-4fbd-bd40-5713ffc75315,2026-09-11T23:53:01.621247,QuickCash,quickcash@demo,2100.02,0.5826,0,0,6,0.1149,0,0,0,0,2439,0,genuine,
3850aa11-ce56-420a-92f4-c45cfeaeef8e,2026-09-11T09:58:01.643844,Rahul,rahul@demo,620.97,0.3535,1,1,24,0.3594,0,0,0,0,1195,0,genuine,
5bb61439-51ab-40f6-98ea-2300c94528e3,2026-09-09T21:24:01.758164,RewardDesk,rewarddesk@demo,876.17,1.7547,0,1,20,0.4352,0,0,0,0,1853,0,genuine,
cacb6a80-e8e0-4f90-8abf-aab63e288429,2026-09-11T14:02:01.583657,Neha,neha@demo,960.4,0.8714,1,2,22,0.3009,0,0,0,0,884,0,genuine,
b5a91b34-e8e4-4c95-8ef0-b124ab3b9ec5,2026-09-10T15:07:01.768368,Rahul,rahul@demo,143.44,0.9318,0,1,19,0.1042,0,0,0,0,1225,0,genuine,
45817011-2ecf-4078-857a-c7f756800f32,2026-09-09T23:59:01.697859,Rahul,rahul@demo,803.09,0.8987,0,1,5,0.1887,0,0,0,0,220,0,genuine,
213e65ee-c3bc-4a14-8094-739f9c5b3a2c,2026-09-09T16:29:01.770311,Neha,neha@demo,871.11,0.4668,0,4,9,0.1513,0,0,1,0,1804,0,genuine,
8865a682-8805-4e45-8276-b15d9ff50b4e,2026-09-11T03:13:01.619271,Rahul,rahul@demo,1447.96,1.6288,0,1,23,0.0847,1,0,0,0,1196,0,genuine,
ccf0c67e-a3ae-40e7-b946-63ecc6b7f688,2026-09-12T08:44:01.732134,RewardDesk,rewarddesk@demo,1560.19,0.8977,0,0,15,0.3056,0,1,0,0,307,1,new_mule_fraud,0.853
acdedb15-6179-4fb2-befb-9eec736b0041,2026-09-10T14:28:01.719720,Neha,neha@demo,771.12,1.7117,0,0,15,0.3697,0,0,0,0,1509,0,genuine,
7c716f06-b54d-447f-86d2-292f3b64259b,2026-09-10T13:04:01.686714,Neha,neha@demo,710.73,1.4073,0,2,24,0.4986,0,1,0,0,2493,0,genuine,
b5d5a7df-546b-4b37-8640-c9aecaa4fc25,2026-09-11T17:48:01.592556,Neha,neha@demo,1750.96,0.4662,0,1,24,0.2633,0,0,0,0,1975,0,genuine,
429706e1-e80a-4067-a27f-792f2b050129,2026-09-11T21:34:01.705326,Rahul,rahul@demo,1251.8,0.6145,0,2,12,0.3732,0,1,0,0,2173,0,genuine,
273367bb-7322-452d-bfc2-ef01456c061b,2026-09-09T22:47:01.703159,Rahul,rahul@demo,420.59,1.4939,0,0,23,0.2015,0,1,1,0,114,0,genuine,
f5be1d1b-f113-4938-ad2f-d4dbbbe32e88,2026-09-11T23:46:01.689271,Neha,neha@demo,1242.1,1.3253,0,1,10,0.1029,0,0,0,0,276,0,genuine,
8eadc205-fc11-4154-b416-c231979c2b51,2026-09-10T14:21:01.555914,Neha,neha@demo,1931.25,1.5356,0,1,4,0.1944,0,1,0,0,1576,0,genuine,
9839e079-01a0-48e4-a083-193663bb4fe6,2026-09-09T17:59:01.661398,Rahul,rahul@demo,1521.18,0.3005,0,1,13,0.2111,0,0,1,0,1027,0,genuine,
953a7744-ab05-40ea-9b93-111605cf3873,2026-09-10T19:05:01.533394,Rahul,rahul@demo,499.87,1.4221,1,1,8,0.0709,0,0,0,0,561,0,genuine,
814b3c6d-5d62-4870-9bb4-0c4ef25b647a,2026-09-09T16:50:01.687211,Rahul,rahul@demo,1301.54,1.8024,1,1,12,0.3042,0,0,1,0,1336,0,genuine,
123951d4-0f6b-43c5-9b82-827f8ced7555,2026-09-10T15:01:01.656350,RewardDesk,rewarddesk@demo,1629.43,1.6137,0,0,9,0.5135,0,0,0,0,1730,0,genuine,
78c9310d-8035-47c0-9810-8f5960c976a6,2026-09-10T18:22:01.576340,Neha,neha@demo,1076.32,1.1136,0,2,18,0.1967,1,0,0,0,242,0,genuine,
3540c10b-9a6c-43d7-bc66-4342e949e9b6,2026-09-09T21:11:01.671507,Neha,neha@demo,2668.4,0.2432,1,1,14,0.2192,0,0,0,0,1713,0,genuine,
f69953b0-b155-4e88-af12-afd8b77e66c0,2026-09-11T16:41:01.697450,RewardDesk,rewarddesk@demo,960.97,1.2667,0,2,3,0.1741,0,0,0,0,1183,0,genuine,
f6d1e9a9-0775-4623-9668-4460cbc55ef0,2026-09-09T23:34:01.728508,Rahul,rahul@demo,2731.11,2.1318,0,0,5,0.453,0,0,0,0,1086,0,genuine,
6ba1ce45-7f56-4255-b1c6-cf740b77c3f3,2026-09-10T09:56:01.674577,RewardDesk,rewarddesk@demo,1722.15,0.483,0,2,5,0.1934,0,0,0,1,2093,0,genuine,
ba464198-e47a-4b62-a19f-592a2c197d38,2026-09-11T09:40:01.658439,RewardDesk,rewarddesk@demo,3280.66,2.0829,0,1,1,0.5188,0,0,1,0,660,0,genuine,
7e7dd8ce-5cd2-42db-a1cc-8c96a4e8e05a,2026-09-12T09:59:01.626450,QuickCash,quickcash@demo,717.66,0.4082,0,1,7,0.3448,0,1,0,0,1353,0,genuine,
e9ea6fc0-bb6d-4ca5-9120-a5d10ba9319f,2026-09-11T21:52:01.784019,QuickCash,quickcash@demo,531.91,1.4239,1,0,6,0.3668,0,0,0,0,2023,0,genuine,
9b200f02-5c07-4a74-8129-cdbab7d2151e,2026-09-10T07:21:01.561585,RewardDesk,rewarddesk@demo,266.38,2.1368,0,0,4,0.2662,0,0,0,0,1620,0,genuine,
5fa35c5f-6710-41b7-bf99-9376a9ca4c49,2026-09-10T22:01:01.683727,RewardDesk,rewarddesk@demo,930.7,2.0688,0,3,16,0.3622,0,0,0,0,583,0,genuine,
f51f210e-723a-4fad-aedf-a56b1913f17c,2026-09-11T21:14:01.552370,Neha,neha@demo,3581.45,1.3235,0,1,18,0.2103,0,0,0,0,786,0,genuine,
78645f2b-7c27-43e5-bdb1-eb10d1425245,2026-09-11T13:52:01.631959,Rahul,rahul@demo,892.44,0.3356,0,2,21,0.1885,0,0,0,0,1411,0,genuine,
6110eaa6-d536-489c-9c1c-890484b0f633,2026-09-11T03:02:01.760956,Rahul,rahul@demo,38279.56,2.1192,1,3,78,0.9133,4,1,3,0,105,1,old_fraud,
87ff7fcd-e51f-4702-bd12-43dbb04146b2,2026-09-10T08:02:01.741121,RewardDesk,rewarddesk@demo,632.97,1.6949,0,1,4,0.051,0,0,0,1,1007,0,genuine,
f1f2ed34-fa67-4be8-bb5b-0a8a0fec9beb,2026-09-11T11:52:01.622961,RewardDesk,rewarddesk@demo,26983.21,2.9247,1,5,70,0.9036,4,0,1,1,159,1,old_fraud,
8cf1bc7b-d464-487c-8aef-0e5207879b78,2026-09-09T21:24:01.700105,Neha,neha@demo,1417.75,1.8835,0,0,5,0.2222,1,0,0,0,2013,0,genuine,
f4486b3e-7671-4086-bb5c-b6720160d575,2026-09-11T10:01:01.609406,Rahul,rahul@demo,21045.45,2.8953,0,5,68,0.9701,1,0,3,0,50,1,old_fraud,
647fea0c-ddef-4704-a236-df1638eb3750,2026-09-12T02:31:01.779629,Neha,neha@demo,3259.19,0.8911,0,0,15,0.5021,0,0,0,0,1526,0,genuine,
f9cc7387-3140-4be5-a19d-6151232ac2ae,2026-09-09T13:50:01.580724,Rahul,rahul@demo,4554.96,1.9323,0,1,8,0.0886,0,0,0,0,209,0,genuine,
f8ec6aaa-ac5f-42f2-a952-ba42c501d5a8,2026-09-12T12:51:01.677927,Neha,neha@demo,1391.25,0.9948,0,0,22,0.3914,0,0,0,0,1925,0,genuine,
182df95e-7242-45b2-ad12-3c68bcbb2cac,2026-09-09T23:54:01.763336,RewardDesk,rewarddesk@demo,280.44,0.6873,0,0,9,0.0635,0,0,0,0,1979,0,genuine,
e3f8f6f8-f8ef-48b6-b817-5b04bd39658f,2026-09-09T19:43:01.661562,Neha,neha@demo,1709.84,1.6082,1,3,24,0.5257,0,0,1,0,1146,0,genuine,
beaae4bd-3cc6-487b-b955-2780316428e8,2026-09-11T20:55:01.574290,RewardDesk,rewarddesk@demo,1701.05,1.199,0,0,9,0.2528,0,0,0,0,686,1,new_mule_fraud,0.9557
dbf55766-cc55-4016-abc4-a881cb99bc9a,2026-09-11T20:25:01.560031,Neha,neha@demo,734.18,1.0286,0,1,8,0.4201,0,0,1,1,439,0,genuine,
35a17786-bd1f-4120-a466-214a3e5f4c2b,2026-09-12T01:53:01.603411,Neha,neha@demo,312.0,1.1747,0,0,14,0.216,0,1,0,0,922,0,genuine,
862441d8-2c04-41e3-b0df-55e72c3afc28,2026-09-12T11:21:01.613401,Neha,neha@demo,963.09,1.6409,0,1,5,0.2655,0,0,0,0,823,0,genuine,
6579a0ba-ac37-4746-9efa-d911fb36fa3d,2026-09-11T23:07:01.646290,Neha,neha@demo,1031.5,1.7367,0,1,15,0.4749,0,0,0,0,2120,0,genuine,
e5f48b26-0967-40f9-8e8f-51113d8c0fb2,2026-09-10T18:22:01.664668,Rahul,rahul@demo,2689.88,1.2702,0,2,3,0.4949,1,0,0,0,1540,0,genuine,
a1403a7c-6434-43a1-b757-5d0583a237b0,2026-09-10T14:28:01.721411,Rahul,rahul@demo,10668.11,4.4908,1,4,74,0.7717,4,1,2,0,92,1,old_fraud,
ad75e5fb-9070-4952-9a4d-c24d956eef1b,2026-09-10T04:48:01.752779,QuickCash,quickcash@demo,416.69,1.7394,1,0,1,0.3213,0,0,0,0,1888,0,genuine,
c02e33ef-5e6e-42fa-b575-3e0e1a529f80,2026-09-10T12:07:01.710021,RewardDesk,rewarddesk@demo,28124.24,3.0917,1,5,49,0.9434,4,1,2,1,175,1,old_fraud,
bd39836f-b842-4315-82f6-e9e2aa305852,2026-09-11T16:16:01.559737,Rahul,rahul@demo,901.28,1.4759,0,3,15,0.4173,0,0,1,0,462,0,genuine,
c849af13-47aa-421a-9afb-d23132bf8e77,2026-09-10T02:07:01.606065,QuickCash,quickcash@demo,5679.72,0.9098,1,2,20,0.4673,0,0,0,0,1048,0,genuine,
a2651ed5-84ef-479a-a4cf-9f4f3282ba9a,2026-09-10T07:02:01.568334,Rahul,rahul@demo,1214.39,1.6074,0,1,10,0.0873,0,0,0,0,1431,0,genuine,
6f26e28b-24e4-47a6-a2cc-e638e09819b8,2026-09-09T17:19:01.610758,RewardDesk,rewarddesk@demo,2633.09,0.9349,0,2,15,0.2462,0,0,0,1,1231,0,genuine,
7bd510ac-f9e0-42d4-992e-5aff54d04468,2026-09-11T19:54:01.605276,QuickCash,quickcash@demo,2180.18,1.9684,0,2,23,0.3427,0,0,1,0,2359,0,genuine,
0a7c5653-00bc-48f5-a735-0774ab3fdd81,2026-09-12T05:23:01.756318,Neha,neha@demo,539.09,0.5103,0,1,3,0.5159,0,0,1,0,2121,0,genuine,
0f3f73db-5ac4-4c43-8fda-096829fd2ba3,2026-09-11T04:35:01.541962,Neha,neha@demo,2905.86,2.1771,0,1,17,0.5003,0,0,1,0,1839,0,genuine,
576fcfa3-8664-48e6-bb92-ecb8236bf752,2026-09-11T18:29:01.587065,Rahul,rahul@demo,1733.07,0.7271,0,3,12,0.0938,0,0,0,0,1220,0,genuine,
2e1dc848-c871-4b56-93e4-46202ebbcd3c,2026-09-11T09:18:01.699995,RewardDesk,rewarddesk@demo,895.67,1.5474,0,0,5,0.1913,0,0,0,0,1537,0,genuine,
aaddd1b2-e929-4ff3-b4e8-2d645b2fe8ec,2026-09-10T20:03:01.730205,RewardDesk,rewarddesk@demo,7901.96,1.7355,0,2,6,0.338,0,0,0,0,888,0,genuine,
ae47dabe-453d-4715-a276-2b44f2467464,2026-09-11T16:01:01.737906,QuickCash,quickcash@demo,2573.68,2.1433,0,1,16,0.1959,0,0,0,0,1387,0,genuine,
2a123d79-87da-42b3-8a04-f93e02c81a13,2026-09-12T11:15:01.692406,QuickCash,quickcash@demo,727.11,1.0184,0,2,21,0.4763,0,0,0,1,408,0,genuine,
eacb084b-9968-4d8d-849d-a2196976239c,2026-09-09T16:35:01.678807,Neha,neha@demo,3190.43,0.9868,0,2,3,0.2744,0,0,0,0,1422,0,genuine,
a6f57a60-bf4a-45d3-9010-d9ba0e41b8fa,2026-09-11T12:06:01.534304,Neha,neha@demo,2891.5,1.6554,0,0,7,0.1368,0,1,0,0,1100,0,genuine,
5a75b0ac-b73f-450c-95e8-929eb6967748,2026-09-10T23:12:01.766132,RewardDesk,rewarddesk@demo,3254.86,1.2427,1,1,21,0.1573,0,0,0,0,1246,1,new_mule_fraud,0.8835
97a1365c-4403-4b37-9f6f-10b39a7c3696,2026-09-11T09:56:01.755664,QuickCash,quickcash@demo,994.98,2.0556,0,3,4,0.2976,1,0,0,0,1939,0,genuine,
12d524e2-9297-4061-a196-045e47396f5b,2026-09-10T20:13:01.647592,Rahul,rahul@demo,878.33,1.9463,0,0,7,0.218,0,0,0,1,883,0,genuine,
6190de3b-a765-4e72-8ecb-a8db7941fa37,2026-09-09T22:13:01.772400,Neha,neha@demo,1600.77,0.817,0,0,19,0.0634,0,0,0,0,1828,0,genuine,
1352c825-4f0b-4de8-baef-c43fe39720b6,2026-09-11T15:38:01.769538,Rahul,rahul@demo,955.62,2.1409,0,0,21,0.0844,0,0,0,0,1563,0,genuine,
4bbceaba-6548-4f31-b509-979ea9a2f34e,2026-09-11T01:44:01.544063,RewardDesk,rewarddesk@demo,2376.75,0.4174,0,0,1,0.2743,0,0,0,0,1310,0,genuine,
e667af81-5f50-47cf-8de3-9e61b914e429,2026-09-12T05:13:01.648589,QuickCash,quickcash@demo,6998.2,0.5075,1,1,9,0.3996,0,0,0,0,2381,0,genuine,
2c946b29-6c6c-4bf5-a93e-3a7158290098,2026-09-11T07:52:01.565412,Neha,neha@demo,2571.41,1.3063,0,1,9,0.3487,0,0,0,1,1805,0,genuine,
1bf7e9b5-f10f-4506-9be2-df6fa7a411b6,2026-09-11T03:01:01.661760,Neha,neha@demo,5893.03,0.2969,0,0,8,0.4212,0,0,0,0,247,0,genuine,
d911be45-4321-4b73-a762-e6f2a2b3fcab,2026-09-11T14:21:01.571087,RewardDesk,rewarddesk@demo,1415.5,1.8762,0,1,4,0.3966,0,0,0,0,2183,0,genuine,
817a290e-b81c-4d35-9e38-a67a40ba76a0,2026-09-12T10:12:01.662905,Neha,neha@demo,2265.64,1.5408,1,1,17,0.3775,0,0,0,0,1008,0,genuine,
caeb97ff-c4a2-46f1-b088-dc2906edcfbc,2026-09-09T13:42:01.571950,Rahul,rahul@demo,872.02,2.0832,0,0,1,0.4764,1,0,0,1,1452,0,genuine,
c1ad1d5e-005a-4c37-8eb2-040a3587dc1b,2026-09-10T22:57:01.728269,QuickCash,quickcash@demo,368.63,0.4582,0,2,24,0.1071,1,0,1,0,588,0,genuine,
bb04480d-801a-48d4-a294-4a397731c779,2026-09-10T03:56:01.620146,Neha,neha@demo,805.73,1.0012,0,0,14,0.4008,0,0,0,0,424,0,genuine,
90de89c7-e756-4bd8-ae8e-9485efd3520a,2026-09-09T22:55:01.635440,RewardDesk,rewarddesk@demo,15834.77,5.0776,0,3,69,0.7949,2,0,2,1,15,1,old_fraud,
8bfed776-1ffd-4670-aabd-0d7ba7d74b44,2026-09-11T00:44:01.540434,Rahul,rahul@demo,2942.58,1.374,0,1,13,0.1714,0,0,0,0,1108,1,new_mule_fraud,0.8525
f3107962-b62d-4263-ada8-aa5408823046,2026-09-10T00:39:01.706568,QuickCash,quickcash@demo,584.86,1.9553,0,2,21,0.29,0,0,0,0,2310,0,genuine,
86c278fc-607f-411b-bfc6-2798c206a468,2026-09-10T00:47:01.773554,Neha,neha@demo,1194.11,1.4627,1,0,24,0.1902,0,1,0,0,1912,0,genuine,
000f04a6-0725-4e3d-90bd-7e1c010150da,2026-09-11T09:29:01.716693,Rahul,rahul@demo,1332.25,1.0098,0,0,2,0.3967,0,0,0,0,1344,0,genuine,
e0153e8d-9e05-4a5c-bbff-60d198d3b490,2026-09-12T00:37:01.751439,Rahul,rahul@demo,2719.02,1.5939,0,2,13,0.0663,0,0,0,1,2121,0,genuine,
94091fd6-7179-4ed8-ae79-802844ed3ac3,2026-09-11T01:56:01.657078,RewardDesk,rewarddesk@demo,303.81,1.3016,0,0,1,0.1335,0,0,0,1,801,0,genuine,
d2fceacf-386d-40dc-839d-db9dc11d5ff5,2026-09-10T01:46:01.565148,RewardDesk,rewarddesk@demo,1343.72,0.9502,0,0,10,0.1342,0,0,0,0,1265,1,new_mule_fraud,0.9624
4d788d5b-25fd-460e-b6dd-bf48f8f1e153,2026-09-12T02:58:01.783285,RewardDesk,rewarddesk@demo,43285.51,5.2155,1,4,60,0.7332,4,0,2,1,239,1,old_fraud,
1f83f331-1c4a-478b-85c0-765bf077ddd6,2026-09-11T08:02:01.635775,Neha,neha@demo,810.96,1.9189,1,0,21,0.3171,0,1,0,0,2087,0,genuine,
7b206fb9-2f86-4914-932f-4868ee1f0650,2026-09-10T12:31:01.665258,Neha,neha@demo,685.68,1.7706,0,3,10,0.3418,0,0,0,1,1710,0,genuine,
a0d8f873-f8d2-43f2-bd13-b57bcb69fb1a,2026-09-10T22:05:01.700665,QuickCash,quickcash@demo,4692.07,0.518,0,2,21,0.5234,0,0,1,0,1510,0,genuine,
93721864-d940-4199-bd5f-88f56c2313cc,2026-09-11T05:04:01.564513,Rahul,rahul@demo,853.09,1.501,0,0,20,0.441,0,0,0,0,1556,0,genuine,
95c86e28-f122-4e07-9edc-c92e8cf4a12e,2026-09-09T16:18:01.578428,Rahul,rahul@demo,1294.37,0.9082,0,3,12,0.1648,0,0,0,0,1934,0,genuine,
d743ccf2-cc1c-4fc3-bba9-a06b3a653b31,2026-09-10T23:53:01.609240,QuickCash,quickcash@demo,3882.37,1.4901,0,3,7,0.0838,0,0,0,0,2444,0,genuine,
6681084a-9636-441c-9577-3f33157b4a00,2026-09-12T06:18:01.664758,RewardDesk,rewarddesk@demo,2178.5,1.4575,0,1,6,0.3151,0,0,0,0,1741,1,new_mule_fraud,0.9918
0f758934-db77-4405-8a55-2c1f4f0bc6a0,2026-09-10T17:09:01.716272,Neha,neha@demo,2224.6,0.9821,0,0,13,0.2999,0,0,0,0,1063,0,genuine,
48c8b08a-37ff-496f-ae04-a2f61ad9bf64,2026-09-09T16:40:01.780619,RewardDesk,rewarddesk@demo,972.06,1.9039,0,0,9,0.5181,0,0,0,0,539,0,genuine,
8ad64414-697e-4b96-bc32-ece4516a25fb,2026-09-12T05:32:01.636035,Neha,neha@demo,768.54,1.8879,0,4,1,0.0757,0,0,0,0,1056,0,genuine,
7e585b22-d27f-4d22-9502-5e7b3bd2e08a,2026-09-12T12:11:01.635236,Neha,neha@demo,767.37,1.9588,0,1,15,0.5106,0,1,0,1,1997,0,genuine,
ac19fb78-15f9-4031-b103-55024ba6acd4,2026-09-09T16:53:01.679719,Rahul,rahul@demo,568.08,1.2695,0,1,5,0.1789,0,0,0,0,1165,0,genuine,
05fcd097-b4c8-454c-9b08-5619c535c254,2026-09-12T03:22:01.690680,Rahul,rahul@demo,3223.09,1.0838,0,1,22,0.1867,0,0,0,0,2142,0,genuine,
16dd1f7f-b200-424b-b3bf-193f415d1c0d,2026-09-10T10:14:01.630119,QuickCash,quickcash@demo,1092.85,0.2264,0,2,1,0.2004,0,0,1,0,855,0,genuine,
9f411b57-0b3e-4b11-b933-093a5a46c727,2026-09-11T16:11:01.744865,QuickCash,quickcash@demo,303.61,0.4549,0,0,18,0.4851,0,0,0,0,608,0,genuine,
b9138b8c-f056-4ce4-8d2e-2dc51777275f,2026-09-10T21:40:01.721201,Rahul,rahul@demo,44237.1,2.9356,0,5,64,0.9369,3,0,1,1,72,1,old_fraud,
3e67e467-c2e8-4bcc-a9c1-20402dc3d278,2026-09-09T13:39:01.700516,RewardDesk,rewarddesk@demo,2053.56,1.4425,1,1,6,0.329,0,0,0,0,1264,1,new_mule_fraud,0.9386
f2d12f34-840b-4bd4-902c-20745d6d82ef,2026-09-10T23:07:01.778538,Rahul,rahul@demo,3342.28,1.9788,0,1,21,0.135,0,0,0,0,2367,0,genuine,
55c70bc9-3fb8-49b2-b1d3-038e3b464330,2026-09-11T07:58:01.751996,Rahul,rahul@demo,2333.1,1.8274,1,1,8,0.398,0,0,0,0,1270,0,genuine,
faf260cb-4ea7-400f-819e-5648d330bec3,2026-09-12T02:01:01.648342,QuickCash,quickcash@demo,746.34,0.9099,1,1,19,0.2764,0,0,0,0,369,0,genuine,
9082c394-e66e-475a-870e-01308cda8667,2026-09-10T05:49:01.662852,Neha,neha@demo,17504.06,3.9363,1,4,63,0.8752,2,1,1,1,118,1,old_fraud,
ddbb8d17-56d4-4ae3-ab2b-56a87ebfaf77,2026-09-10T11:06:01.642921,RewardDesk,rewarddesk@demo,2770.68,0.9193,0,2,1,0.3209,0,0,0,0,676,0,genuine,
5aaafed5-2b77-478b-84ca-3c25a19e763e,2026-09-11T19:36:01.720869,QuickCash,quickcash@demo,371.47,1.9464,1,0,15,0.1865,0,0,0,0,1917,0,genuine,
9d1ed6d2-8a68-40dd-b717-9137028b3be8,2026-09-11T01:03:01.638287,RewardDesk,rewarddesk@demo,711.98,2.1612,0,2,2,0.4112,0,0,0,0,2022,0,genuine,
f83f83b1-1e75-4018-bf3a-2051b7247c99,2026-09-10T10:56:01.574565,Neha,neha@demo,342.92,1.141,0,2,11,0.5381,0,0,0,0,2163,0,genuine,
a5ab2bc7-2e15-470f-8013-3b9f136f5e0f,2026-09-11T03:08:01.641430,RewardDesk,rewarddesk@demo,4636.58,2.0886,0,2,2,0.3713,0,0,0,1,758,0,genuine,
f458c585-2762-4a27-b8eb-848714b8ee4c,2026-09-11T17:06:01.757316,Neha,neha@demo,292.96,1.0088,0,1,15,0.1192,0,0,0,1,1495,0,genuine,
dec63d3d-7827-45df-be89-71da96ec4c2c,2026-09-11T11:39:01.588352,RewardDesk,rewarddesk@demo,659.0,1.9067,0,2,13,0.1802,1,0,0,0,1833,0,genuine,
28dfd098-ce1a-48dd-bffb-4eb391476fae,2026-09-09T18:46:01.699763,Rahul,rahul@demo,960.02,0.2206,0,1,5,0.532,0,0,0,0,1954,0,genuine,
5d15f475-9f50-482f-9427-4de5d3ea7bf3,2026-09-11T22:51:01.567032,Rahul,rahul@demo,3576.72,1.1579,0,1,20,0.177,0,0,0,0,1771,0,genuine,
ddd61385-7907-48b9-a94f-03100d45a2cc,2026-09-11T02:26:01.543268,Neha,neha@demo,2491.85,0.6701,0,0,20,0.1994,0,0,1,0,117,0,genuine,
940984fe-4563-4b90-b76d-8c2fc152cd17,2026-09-10T01:09:01.663128,Rahul,rahul@demo,606.02,2.1932,0,0,3,0.3289,0,0,0,0,1613,0,genuine,
0e628398-1917-4e06-9218-1c3f2aea30b2,2026-09-10T08:24:01.702710,RewardDesk,rewarddesk@demo,3759.26,1.2547,1,2,24,0.2186,0,0,1,0,265,0,genuine,
e05ccd37-0bfb-43db-a6c4-ff5df5dc7997,2026-09-11T15:21:01.740576,Neha,neha@demo,1382.44,0.2436,0,0,21,0.221,0,0,0,1,408,0,genuine,
2a3b7434-f36a-4c9d-a19b-142350489bd7,2026-09-10T08:50:01.607103,RewardDesk,rewarddesk@demo,3233.33,0.9738,0,0,21,0.3514,0,0,0,0,2223,0,genuine,
1f05e883-3833-42d5-b77a-1925b52338da,2026-09-10T17:04:01.751081,QuickCash,quickcash@demo,341.02,1.9743,0,0,14,0.3003,0,0,0,0,1148,0,genuine,
a14e3912-eaa1-427a-ba18-b11da88e7c4c,2026-09-11T10:37:01.630679,Neha,neha@demo,1584.15,0.2677,0,0,4,0.5208,0,0,0,1,2307,0,genuine,
ca3d24d9-a7a2-412e-a55e-bbe20cbc553a,2026-09-10T13:57:01.672666,Neha,neha@demo,16792.41,2.2016,1,5,78,0.9147,1,0,3,0,75,1,old_fraud,
078f144c-579e-4ef4-9708-5123a5c0e1af,2026-09-09T20:39:01.556109,Rahul,rahul@demo,3677.88,0.795,0,1,16,0.4448,0,0,1,0,996,0,genuine,
4fced2f2-4b11-4532-a830-faf80ee10c8b,2026-09-12T10:28:01.751528,RewardDesk,rewarddesk@demo,455.92,1.3731,0,2,12,0.1145,0,0,0,0,438,0,genuine,
782b026e-7369-44b3-996c-596f47f625da,2026-09-10T06:31:01.616309,QuickCash,quickcash@demo,3269.29,0.705,0,0,7,0.3545,0,0,0,0,2128,0,genuine,
247968b4-c6e5-4602-afef-c9d62ac283ef,2026-09-12T09:40:01.717420,Neha,neha@demo,12587.87,5.4186,1,6,76,0.7462,4,0,2,0,166,1,old_fraud,
878405dd-e312-4f5b-a498-cf263538bd9f,2026-09-12T02:28:01.771151,Neha,neha@demo,1189.82,0.2063,0,0,13,0.1168,0,1,0,0,231,0,genuine,
24844e77-b479-41cd-bfe5-7a79da53f8bc,2026-09-10T14:23:01.539082,QuickCash,quickcash@demo,641.69,0.8107,1,0,12,0.1128,0,0,0,0,929,0,genuine,
9f5cfd39-9c62-4b2b-965d-be925a45ecbb,2026-09-11T03:34:01.777014,QuickCash,quickcash@demo,1044.32,1.9195,0,2,21,0.4767,0,0,0,1,1220,0,genuine,
9328b94f-2ea1-4a37-9436-8b6b3bd613dd,2026-09-11T08:00:01.649115,RewardDesk,rewarddesk@demo,2144.55,0.5206,0,3,7,0.3383,0,0,1,0,1142,0,genuine,
1b445537-ae77-4bd0-84d2-8580f76d8f27,2026-09-12T12:28:01.545876,RewardDesk,rewarddesk@demo,43520.09,4.1005,1,6,78,0.9554,2,1,1,0,55,1,old_fraud,
77a4feb1-a2cc-487a-a239-a6e6a5786500,2026-09-11T07:55:01.612550,Rahul,rahul@demo,707.18,0.4525,0,1,15,0.3864,0,0,0,0,258,0,genuine,
9e4e35f1-1d27-4180-b180-0aeeeeddb7be,2026-09-11T10:56:01.673921,QuickCash,quickcash@demo,4606.63,1.2982,0,2,11,0.1105,1,0,0,0,465,0,genuine,
6cfd3ecb-0c71-4273-aee7-4b69e3b60cc2,2026-09-12T02:34:01.563347,Rahul,rahul@demo,435.81,1.747,0,1,23,0.2114,0,0,0,0,443,0,genuine,
062ba68f-6db7-49ce-aaf6-3079228af0b6,2026-09-11T07:52:01.682185,RewardDesk,rewarddesk@demo,1839.14,0.3198,0,1,5,0.2649,0,0,0,0,961,0,genuine,
3237aeee-f373-4ab2-904c-8b80b5e54228,2026-09-11T02:01:01.727345,Rahul,rahul@demo,1904.73,1.4688,1,0,14,0.5365,0,0,0,0,1319,0,genuine,
b11503de-ef7f-46d2-a9b9-da500e9f068f,2026-09-12T05:19:01.771098,Rahul,rahul@demo,4046.66,1.8312,1,0,3,0.49,0,0,0,1,218,0,genuine,
e456b275-82d5-4665-b288-2c227a915d2f,2026-09-11T14:16:01.744813,RewardDesk,rewarddesk@demo,467.93,1.6468,0,3,18,0.295,0,0,0,0,1385,0,genuine,
5bc0dd6f-523a-4465-b7b9-d4ac328332c6,2026-09-12T06:15:01.679483,Neha,neha@demo,948.01,1.4643,0,1,6,0.3624,0,1,0,0,1373,0,genuine,
c0857828-d85a-480b-8b25-a8a4880c24fe,2026-09-10T00:38:01.767665,Neha,neha@demo,3556.22,0.9375,0,1,1,0.5253,0,0,1,0,1544,0,genuine,
caac8cf6-cd43-4414-a8b1-fcbe61498717,2026-09-10T00:16:01.724643,Neha,neha@demo,997.52,2.1662,1,0,11,0.1124,0,0,0,0,515,0,genuine,
b17c5455-f886-4174-a938-b8629c01672a,2026-09-09T22:24:01.692769,Rahul,rahul@demo,737.37,1.4937,0,1,8,0.2788,0,0,0,0,390,0,genuine,
291ae457-a2c4-4962-b7e6-8cf2960a46ca,2026-09-09T22:57:01.742190,RewardDesk,rewarddesk@demo,3872.64,1.1219,0,0,13,0.2847,0,0,0,0,1393,0,genuine,
be29023d-bc3e-470a-8ae3-52836b88f26a,2026-09-11T21:39:01.599713,Neha,neha@demo,5021.76,0.4154,0,2,4,0.0903,0,0,0,0,1438,0,genuine,
acd34e21-4d36-4dd5-8072-0586d162e7e7,2026-09-11T05:24:01.661182,Neha,neha@demo,2056.82,1.3432,1,2,2,0.128,0,0,1,0,1864,0,genuine,
2ec621f6-72cc-4bcc-8acf-53c34107fa7c,2026-09-09T19:29:01.675630,RewardDesk,rewarddesk@demo,1059.22,1.3352,1,0,19,0.3037,0,0,0,0,943,1,new_mule_fraud,0.9704
d98c5098-4070-4243-a099-683094d13c73,2026-09-11T10:04:01.771310,QuickCash,quickcash@demo,1105.93,1.1873,1,1,24,0.1054,0,1,0,0,241,0,genuine,
9743a31b-530f-47f1-bbc0-fa7c711279db,2026-09-09T12:57:01.646457,Neha,neha@demo,633.71,0.9933,0,0,22,0.2262,0,0,0,1,1735,0,genuine,
651b5d6b-5c6c-4547-a3c0-e3b77db49d43,2026-09-11T20:07:01.601947,RewardDesk,rewarddesk@demo,1207.74,1.8321,0,1,16,0.4303,0,1,1,0,1964,0,genuine,
15e7c55a-69ce-4451-a0cc-64c91e3f2088,2026-09-10T12:41:01.679536,Neha,neha@demo,868.87,0.8389,1,3,12,0.3085,0,1,0,0,597,0,genuine,
280e83f7-91f8-49b1-be8c-7fc07737aaeb,2026-09-11T05:55:01.612994,Rahul,rahul@demo,3507.79,0.4659,0,0,1,0.235,0,0,0,0,887,0,genuine,
405db134-baa1-48a9-890c-c10ef7408919,2026-09-11T13:56:01.703330,RewardDesk,rewarddesk@demo,2326.49,0.3206,0,1,23,0.1854,0,0,0,0,1012,0,genuine,
d2662972-74b7-440b-9a57-7a1f7aedcdc3,2026-09-12T02:10:01.601483,QuickCash,quickcash@demo,1437.95,0.304,0,0,14,0.4852,0,1,0,0,128,0,genuine,
53bb5fa0-8fe0-4edb-b8f6-9f69f32fcf92,2026-09-12T11:27:01.609662,RewardDesk,rewarddesk@demo,2582.86,1.2718,0,1,2,0.5229,0,0,0,0,2436,0,genuine,
ccbf3af5-1bae-47f5-8657-cbc521104f0b,2026-09-12T12:35:01.617917,RewardDesk,rewarddesk@demo,4240.61,1.4549,0,2,9,0.4392,0,0,1,0,1152,0,genuine,
c24a82b0-b1db-4a17-b1f6-e3fa4980221f,2026-09-12T10:44:01.715064,RewardDesk,rewarddesk@demo,3020.89,0.747,0,1,22,0.1468,0,0,0,0,1180,0,genuine,
60ed8246-e10e-4b61-b964-4d2f8aced226,2026-09-10T19:53:01.637022,RewardDesk,rewarddesk@demo,7134.55,1.4527,0,5,17,0.5137,1,0,0,0,587,0,genuine,
ea23b894-a648-44c4-9fe5-697ed5e83549,2026-09-09T19:04:01.614722,QuickCash,quickcash@demo,753.32,1.3376,0,1,14,0.1761,0,0,0,0,2491,0,genuine,
cf1fd4ef-04f2-4c4b-8fcd-f66bb6136dd3,2026-09-11T02:24:01.678596,RewardDesk,rewarddesk@demo,354.74,0.6496,0,0,19,0.2641,0,0,1,0,230,0,genuine,
9ad9b250-174e-4e61-b472-7668f959e8ea,2026-09-10T03:22:01.714020,Neha,neha@demo,578.97,2.1804,0,3,12,0.3003,0,0,0,0,1502,0,genuine,
d7b2cead-8879-4989-b47c-15449c34444b,2026-09-11T20:51:01.569245,RewardDesk,rewarddesk@demo,1784.03,2.0068,0,1,4,0.3882,0,0,0,1,846,0,genuine,
da0f8028-f96f-4063-8d12-23d697f41820,2026-09-11T08:25:01.707468,RewardDesk,rewarddesk@demo,684.77,0.5233,0,2,17,0.3118,0,1,0,0,2176,0,genuine,
ad82f901-bdfb-487a-ba22-768deffb9ab4,2026-09-11T16:51:01.756473,RewardDesk,rewarddesk@demo,1050.8,0.6207,1,0,24,0.3407,0,0,0,0,1331,0,genuine,
c84b74b0-6a0f-435c-abc4-13acc8cf0fb3,2026-09-10T04:49:01.562591,Rahul,rahul@demo,923.99,1.948,0,2,20,0.394,0,0,0,0,580,0,genuine,
edebb1e3-9d4f-477f-923e-24ac12705c92,2026-09-11T07:31:01.685987,QuickCash,quickcash@demo,1816.6,2.0406,0,3,4,0.336,0,0,0,0,166,0,genuine,
21e9888a-7ef2-4dde-945c-66c910e3c6ab,2026-09-09T17:32:01.683903,Rahul,rahul@demo,766.05,1.752,0,2,2,0.167,0,0,0,0,888,0,genuine,
bfbde9f0-8f1c-4e73-9b10-11a30ee9a075,2026-09-10T13:06:01.541877,Neha,neha@demo,817.43,2.1872,0,0,24,0.1195,0,1,0,0,1786,0,genuine,
0d464912-d6c8-4cd1-b76e-8c99e2ed9e4d,2026-09-12T08:14:01.764129,Rahul,rahul@demo,1846.84,1.6369,1,2,19,0.1627,0,0,0,0,1523,0,genuine,
db67667d-2c10-4083-9ccf-5ec7536fea6a,2026-09-12T05:51:01.653163,QuickCash,quickcash@demo,2309.89,0.7632,0,0,2,0.1828,0,0,0,0,1564,0,genuine,
a574a577-e706-4bc8-a388-03cd2871f58c,2026-09-11T10:10:01.558061,Neha,neha@demo,1545.69,1.4921,0,2,7,0.5302,0,0,1,0,2002,0,genuine,
6422f8f9-93af-4ebd-ad6e-846fa4824ef3,2026-09-11T02:43:01.627649,QuickCash,quickcash@demo,249.85,1.4463,0,1,16,0.2439,0,0,0,0,1997,0,genuine,
9c1f67a0-5aef-46cf-a221-910b5012a4c7,2026-09-11T23:51:01.583116,Neha,neha@demo,2050.53,0.8395,0,3,12,0.221,0,0,1,0,1074,0,genuine,
58e590d9-c940-49f3-9467-d551145138ef,2026-09-11T21:56:01.561430,RewardDesk,rewarddesk@demo,2002.89,1.3224,1,1,6,0.0554,0,0,0,0,1434,0,genuine,
37fdbf35-8fe8-4106-b464-b415c3337e62,2026-09-10T13:33:01.762484,Rahul,rahul@demo,823.63,0.517,1,1,18,0.0778,0,0,1,0,1556,0,genuine,
54d46ea1-4127-450c-9007-1bae8312d962,2026-09-12T12:43:01.667901,QuickCash,quickcash@demo,2661.43,0.6098,0,1,20,0.1132,0,0,0,0,2480,0,genuine,
2f63622e-1082-4aa2-a8fe-e95842dc8f28,2026-09-09T17:51:01.590005,RewardDesk,rewarddesk@demo,1248.9,0.9476,0,1,24,0.3604,0,0,0,0,503,1,new_mule_fraud,0.9782
38f11294-b659-4180-a37e-5b2aac9f6b8d,2026-09-12T03:43:01.626757,Neha,neha@demo,27611.59,4.4571,0,4,27,0.9081,1,0,3,0,36,1,old_fraud,
71c4b374-2450-4e1f-8a18-76ec26795e75,2026-09-10T20:53:01.722018,Neha,neha@demo,868.97,0.4001,1,0,23,0.0687,0,0,0,0,1227,0,genuine,
2072130b-9c3a-4f11-a196-136783aac969,2026-09-11T10:18:01.747420,Rahul,rahul@demo,3677.88,1.6174,0,1,19,0.4771,0,1,0,0,1684,0,genuine,
fdaed17c-fe02-4394-a9e5-81ddd8dbd0fb,2026-09-11T21:03:01.734345,RewardDesk,rewarddesk@demo,705.67,1.9906,0,1,5,0.2852,0,1,1,0,2389,0,genuine,
0a2e9dda-1cc6-47e1-95f5-21a07609379b,2026-09-12T04:20:01.775954,RewardDesk,rewarddesk@demo,1230.8,2.1817,0,1,17,0.0937,0,0,1,0,532,0,genuine,
4415cbb8-7b26-427f-85ae-f99258572ef9,2026-09-12T08:09:01.579926,Rahul,rahul@demo,687.24,1.3216,0,0,1,0.545,0,1,0,0,2257,0,genuine,
07ec155d-e2c9-4a09-a5ca-70877d26cd05,2026-09-11T05:39:01.661129,Rahul,rahul@demo,1654.57,0.4357,0,0,1,0.163,0,0,0,0,813,0,genuine,
814641ea-9a8f-44c8-a9aa-51fed70c2a7a,2026-09-12T08:03:01.562678,Rahul,rahul@demo,224.67,1.9495,0,1,1,0.2156,0,1,0,0,971,0,genuine,
00659ab6-bccf-4c0e-9040-25de7037b48b,2026-09-12T07:17:01.701168,RewardDesk,rewarddesk@demo,1913.54,1.3172,0,1,21,0.1558,0,0,0,0,2391,0,genuine,
689c6155-0caf-4a08-bf3e-056dbc2be0b3,2026-09-09T14:38:01.731241,RewardDesk,rewarddesk@demo,2752.74,1.4835,1,1,15,0.2725,0,0,0,0,1544,1,new_mule_fraud,0.8957
0bc1b2d1-43de-4872-a4e0-7a1d0700c8f4,2026-09-11T08:35:01.698979,Rahul,rahul@demo,753.55,1.802,1,2,23,0.3646,0,0,0,1,1047,0,genuine,
42a13f4a-0a4b-4f7c-b5aa-f9578adca3cc,2026-09-10T07:31:01.699658,QuickCash,quickcash@demo,5637.87,0.9741,0,0,20,0.3183,0,0,0,0,2166,0,genuine,
3b3194f0-2072-4b41-8616-12b9305f026b,2026-09-10T10:31:01.609725,Neha,neha@demo,440.6,1.3727,0,1,8,0.4466,0,0,0,0,533,0,genuine,
62069006-7e4e-4321-8953-9080f10af009,2026-09-11T01:09:01.723659,RewardDesk,rewarddesk@demo,494.22,2.0445,1,1,21,0.2134,0,0,1,0,793,0,genuine,
ef49bbdd-cce0-47f1-93fd-8fb8a4c4bdd5,2026-09-12T05:56:01.763906,QuickCash,quickcash@demo,6615.24,1.8017,0,2,18,0.1786,0,1,0,0,2257,0,genuine,
7713c894-8cf4-42cc-ab92-0a49feb27c57,2026-09-11T15:19:01.759086,Neha,neha@demo,882.16,1.3789,0,4,1,0.493,0,0,0,0,339,0,genuine,
3df3fc90-bf1c-44b6-b6ae-3e5d6c8d7a50,2026-09-09T23:00:01.578557,Rahul,rahul@demo,570.28,1.169,1,0,11,0.3928,0,0,1,0,843,0,genuine,
f7e186f8-5ceb-4383-9d82-1f5de9bde03a,2026-09-11T22:30:01.581914,RewardDesk,rewarddesk@demo,3990.51,0.201,0,2,1,0.2996,0,0,1,0,163,0,genuine,
ea5cf830-6528-4deb-9b8a-d4fefc5e4560,2026-09-11T02:40:01.772441,RewardDesk,rewarddesk@demo,1572.65,1.0736,1,0,5,0.1164,0,0,0,0,939,1,new_mule_fraud,0.9716
8cf906b3-80e1-464d-9545-374ea4409413,2026-09-11T11:32:01.698304,Neha,neha@demo,1376.68,1.7969,0,0,10,0.2437,0,0,0,0,2427,0,genuine,
8f84252b-6faf-402b-939d-22417749d1e8,2026-09-11T11:17:01.611143,RewardDesk,rewarddesk@demo,365.23,0.9353,0,1,19,0.4074,0,0,0,0,2279,0,genuine,
0ec134d7-d7f1-4113-9cd1-ebb918dab5c2,2026-09-11T08:35:01.622921,Neha,neha@demo,316.96,2.1415,1,1,13,0.2324,0,0,0,0,1792,0,genuine,
4c490546-ad2a-41bb-aaca-7b482728908a,2026-09-10T16:29:01.678649,QuickCash,quickcash@demo,490.75,2.1474,0,2,20,0.2986,0,0,1,0,1693,0,genuine,
49fd8b7d-4e85-43e8-859a-fddeeb91e742,2026-09-12T00:09:01.639972,Neha,neha@demo,4558.81,0.6481,0,1,12,0.538,0,0,0,0,1107,0,genuine,
06d7cbd2-85bc-41c8-b6e1-c7da26d873ef,2026-09-11T02:57:01.766971,RewardDesk,rewarddesk@demo,1220.53,1.0435,0,1,13,0.2483,0,0,0,0,973,1,new_mule_fraud,0.8632
b28ab637-5531-4f8b-b45c-98c855eb0079,2026-09-11T16:43:01.633873,Rahul,rahul@demo,416.53,1.2478,0,1,9,0.1728,0,0,0,0,2123,0,genuine,
610991a7-b49e-44ad-ac3e-cb2f5855bde6,2026-09-10T10:37:01.639912,Neha,neha@demo,2436.92,0.8303,1,0,13,0.517,0,0,0,0,1083,0,genuine,
7e2eba85-2561-4cfd-8419-d0549458309d,2026-09-10T05:41:01.653659,RewardDesk,rewarddesk@demo,1048.99,2.0694,1,1,8,0.2544,0,0,0,0,1551,0,genuine,
5b1edb7a-64b5-40bd-a8b3-643c0564d9a3,2026-09-11T17:08:01.527735,Rahul,rahul@demo,915.63,0.894,0,2,13,0.2634,0,0,0,0,2478,0,genuine,
f42bb7c4-1e3a-4152-b0ac-5dd950e52b2c,2026-09-10T23:38:01.703555,QuickCash,quickcash@demo,2275.37,0.6271,0,0,22,0.0863,0,1,0,0,2257,0,genuine,
86ce1b38-b188-4e72-abab-cd7c9e7a73e4,2026-09-12T12:24:01.707523,RewardDesk,rewarddesk@demo,687.74,0.3662,0,2,14,0.5112,0,0,0,0,1105,0,genuine,
22532c70-c858-4fd9-a1c6-4748861dec58,2026-09-12T10:12:01.765229,Neha,neha@demo,266.09,1.6838,0,1,9,0.2458,0,0,0,0,1177,0,genuine,
18a91b7e-ec0b-4eee-89d1-96bee4856994,2026-09-11T10:00:01.661456,RewardDesk,rewarddesk@demo,2987.05,1.9442,0,1,8,0.2056,0,0,0,0,1247,0,genuine,
a07793ea-7813-4637-b6ec-bd50bf07e983,2026-09-10T16:26:01.589653,Neha,neha@demo,1085.8,1.688,0,1,10,0.123,0,0,0,0,1274,0,genuine,
08126568-5882-4b72-a77e-7e139ecd504c,2026-09-11T06:53:01.767561,RewardDesk,rewarddesk@demo,456.41,2.0103,0,0,13,0.5282,0,0,0,0,343,0,genuine,
3e48c555-0b4e-4891-9ed6-a22cd5105ac6,2026-09-11T06:39:01.740522,Rahul,rahul@demo,283.7,0.7498,0,1,20,0.3855,0,0,0,0,2164,0,genuine,
b7fc0df5-39e0-472d-ba00-0dbc85085da4,2026-09-11T17:36:01.753015,QuickCash,quickcash@demo,1378.26,1.4944,0,1,14,0.4981,0,0,0,0,900,0,genuine,
3a4e6955-29f3-4166-a757-37164e7ea26e,2026-09-12T04:05:01.680955,RewardDesk,rewarddesk@demo,2429.42,0.7254,0,0,18,0.3771,0,0,0,0,1730,1,new_mule_fraud,0.8962
b75f852d-fa64-4a91-ac38-13c2c30b3009,2026-09-12T11:19:01.703101,Rahul,rahul@demo,246.16,0.3639,0,0,17,0.2579,0,1,0,0,171,0,genuine,
64da1ab5-781d-4f3b-9bc2-93612048ba86,2026-09-10T05:09:01.759458,Neha,neha@demo,1166.71,0.6478,1,2,24,0.3528,0,0,0,0,2418,0,genuine,
19fff1fd-8d2c-4672-a1a4-3a76cf1722e0,2026-09-12T08:36:01.679171,Rahul,rahul@demo,4193.3,0.4512,0,2,22,0.0719,1,0,0,0,2141,0,genuine,
df0a2117-9b00-4304-8b29-d2b3a9819ded,2026-09-10T17:18:01.638902,Rahul,rahul@demo,500.64,2.0109,1,1,6,0.1069,0,0,0,1,849,0,genuine,
e833ff7b-c415-4368-94c3-896477ace8b8,2026-09-11T02:32:01.648037,RewardDesk,rewarddesk@demo,2272.0,1.2648,0,3,20,0.1796,0,0,0,0,2020,0,genuine,
22643e15-0937-42c4-9778-28a5d008585c,2026-09-11T03:44:01.647700,Rahul,rahul@demo,3232.4,0.7193,0,3,18,0.3133,0,0,0,0,2298,0,genuine,
1bed8def-8ee5-4fb8-9859-b359045400b5,2026-09-11T14:21:01.768057,Neha,neha@demo,24313.74,3.252,1,4,29,0.6894,1,1,1,0,45,1,old_fraud,
7a096310-a046-4189-b2d2-fc3df08adbab,2026-09-12T07:50:01.677240,RewardDesk,rewarddesk@demo,700.91,1.2902,0,1,4,0.5014,0,0,0,0,781,0,genuine,
53472321-bd04-406e-8a16-b3c8db98b74c,2026-09-11T11:38:01.754240,Neha,neha@demo,4248.34,0.2708,1,0,24,0.0523,0,0,0,1,1157,0,genuine,
484dcb11-b986-4592-8fa9-cc151406aa01,2026-09-09T14:42:01.594573,RewardDesk,rewarddesk@demo,786.39,1.9144,1,0,21,0.15,0,0,0,0,632,0,genuine,
9baf571d-bb70-47ed-9add-7f54555f3750,2026-09-11T08:04:01.534073,RewardDesk,rewarddesk@demo,394.94,0.8041,0,2,19,0.1568,0,0,0,0,1646,0,genuine,
67349d0b-836c-4f84-8c3c-71ef494e19b7,2026-09-09T16:56:01.543012,RewardDesk,rewarddesk@demo,1248.51,0.3075,0,0,11,0.2009,0,0,0,0,2271,0,genuine,
5ba049a5-8f4a-4ddb-9959-5d02a679f691,2026-09-09T18:41:01.768475,QuickCash,quickcash@demo,1742.14,0.2431,0,2,3,0.2291,0,1,0,0,2473,0,genuine,
9ea71817-c5d9-470b-bc52-d509ec8546e1,2026-09-11T11:51:01.691049,QuickCash,quickcash@demo,1030.56,0.3961,1,0,17,0.1747,0,0,0,0,1725,0,genuine,
dae56335-ba94-440c-8ef0-d47ddd473eeb,2026-09-11T08:04:01.663075,Neha,neha@demo,1111.87,0.6763,1,0,17,0.361,0,0,0,0,956,0,genuine,
a7a5e15b-e97c-4e29-ac58-0509e7b04e02,2026-09-09T13:29:01.753616,Neha,neha@demo,1792.28,0.7862,0,2,18,0.1888,0,1,0,0,1100,0,genuine,
663db3bd-9c39-4359-8123-babd206d206a,2026-09-10T20:11:01.631847,RewardDesk,rewarddesk@demo,21487.55,5.3445,1,7,75,0.8315,4,1,3,0,153,1,old_fraud,
51e2cfbd-3c8a-45e4-90fc-3694c36bcceb,2026-09-10T20:55:01.741924,Rahul,rahul@demo,1275.18,1.1369,0,3,3,0.3339,0,0,0,0,919,0,genuine,
e7151a0c-895e-4bd0-84aa-e0e86f778178,2026-09-12T10:39:01.747575,Rahul,rahul@demo,5891.03,0.5666,0,1,13,0.3077,0,0,0,0,1272,0,genuine,
941d4a6e-0e69-4ba6-8b27-4f522dbba8ff,2026-09-10T23:50:01.719663,QuickCash,quickcash@demo,2555.53,0.2196,0,1,7,0.3823,0,0,0,0,1819,0,genuine,
e689f069-4ff4-41b5-aeb1-246812c6a595,2026-09-11T09:23:01.771469,QuickCash,quickcash@demo,1746.78,2.078,0,1,22,0.381,0,0,0,0,720,0,genuine,
66a8d27c-a24d-4828-b028-ac10a0222994,2026-09-10T07:12:01.581756,Rahul,rahul@demo,333.84,1.2274,0,2,23,0.2453,0,0,0,0,1518,0,genuine,
c20318bc-c1d6-4d83-9fb1-09b4aaaf9df4,2026-09-10T19:15:01.612805,RewardDesk,rewarddesk@demo,5239.78,1.9514,0,1,18,0.3463,0,0,0,0,2185,0,genuine,
9b1a762b-8a93-4145-85e0-dda8da1dd5ed,2026-09-12T07:42:01.739816,Neha,neha@demo,1827.31,2.0399,0,2,11,0.4847,0,0,0,0,411,0,genuine,
aa0bb792-9a65-49ce-bc81-bcb4f65536b0,2026-09-11T04:27:01.581458,RewardDesk,rewarddesk@demo,1040.75,0.8552,0,2,12,0.4186,0,0,0,0,2273,0,genuine,
8d550273-0ae3-4003-a7a6-32a2898771f8,2026-09-11T16:01:01.759406,Rahul,rahul@demo,2126.28,1.5564,0,0,4,0.2134,0,0,0,0,260,0,genuine,
8bdc3e0a-ea0d-4e0f-a816-e48510496bc6,2026-09-09T23:23:01.596051,Neha,neha@demo,1880.96,1.3233,0,0,9,0.4119,0,0,0,0,2004,0,genuine,
a239dbd7-43e8-4510-90b9-3ad459d81c5b,2026-09-10T18:38:01.748874,Rahul,rahul@demo,32166.17,3.9242,1,6,52,0.7396,1,1,1,0,79,1,old_fraud,
df7c11da-b847-4973-a730-3ac3693d165e,2026-09-11T01:28:01.776951,QuickCash,quickcash@demo,638.21,1.2832,0,1,1,0.15,0,0,0,0,913,0,genuine,
1c2314f5-73cb-4f97-9e72-8bac28c3ed04,2026-09-11T16:30:01.731731,RewardDesk,rewarddesk@demo,1254.9,1.6775,0,0,23,0.4823,0,0,0,0,153,0,genuine,
916fdb69-838b-49e0-8ff1-6eb626d1b319,2026-09-10T23:54:01.613145,QuickCash,quickcash@demo,1442.8,1.4301,0,3,9,0.4439,0,0,1,0,1507,0,genuine,
2080a0ca-567c-4a84-b4eb-560e36fe1032,2026-09-11T08:59:01.653607,RewardDesk,rewarddesk@demo,841.04,0.2823,0,2,20,0.351,0,0,0,0,1808,0,genuine,
e4847e22-8cae-4e03-904c-845f344849ef,2026-09-10T10:36:01.602342,RewardDesk,rewarddesk@demo,931.24,0.2784,0,2,20,0.1014,0,0,0,0,1155,0,genuine,
59205dcb-90fe-495a-b1b1-51bfb31c3f3f,2026-09-11T11:28:01.731786,Neha,neha@demo,1047.54,2.1479,1,1,20,0.1055,0,0,0,0,300,0,genuine,
87b53353-d701-47a1-8342-1d53c7489ba5,2026-09-11T08:51:01.675202,QuickCash,quickcash@demo,15980.4,5.3222,1,7,34,0.6522,3,0,3,1,126,1,old_fraud,
5c44f90f-6761-4cef-9426-23a05e9d105e,2026-09-10T05:24:01.653358,Neha,neha@demo,708.19,0.8065,0,0,18,0.1701,0,0,0,0,261,0,genuine,
4dcec5f3-ba4b-4a87-a154-363e438792cb,2026-09-09T13:21:01.644278,Rahul,rahul@demo,282.15,1.9909,0,2,14,0.174,0,0,0,0,789,0,genuine,
bdcbf0d2-9feb-457a-af18-561a6c69087e,2026-09-10T17:08:01.684883,RewardDesk,rewarddesk@demo,1587.9,1.6037,1,0,3,0.4115,0,0,1,0,380,0,genuine,
c6ac5fce-1b5b-4edf-90a5-2652f31b54cd,2026-09-10T00:00:01.628258,Neha,neha@demo,546.57,1.565,0,3,13,0.5131,0,0,0,0,2002,0,genuine,
b26f9edf-4c72-49fb-9d28-839ed0b28106,2026-09-11T15:17:01.766288,Rahul,rahul@demo,2746.11,1.9927,0,2,16,0.089,0,0,0,0,632,0,genuine,
ced8439c-697e-4b96-bdda-63f30f16c76b,2026-09-10T17:32:01.591813,Rahul,rahul@demo,5045.08,1.3639,0,2,20,0.283,0,0,0,0,1043,0,genuine,
fa15017c-6cc7-4954-b1b2-a0d10ad4bd46,2026-09-09T14:02:01.658583,QuickCash,quickcash@demo,549.95,1.012,0,5,13,0.242,1,0,0,0,2262,0,genuine,
ea89fffc-d983-41e9-a87e-60e15063fd33,2026-09-11T14:20:01.673640,RewardDesk,rewarddesk@demo,2055.76,1.21,0,0,11,0.4952,0,0,0,0,374,1,new_mule_fraud,0.8994
9ee96797-136c-4437-8fdd-c3d88a9e9352,2026-09-10T20:59:01.748571,Rahul,rahul@demo,2232.4,1.3836,1,3,21,0.303,0,0,0,0,235,0,genuine,
360856f8-8765-427f-9006-52c33364a903,2026-09-09T20:58:01.720756,Neha,neha@demo,658.56,1.915,0,2,1,0.2755,0,1,0,1,2191,0,genuine,
26932306-328c-4bf5-914a-79441ae98c2c,2026-09-11T08:45:01.659286,RewardDesk,rewarddesk@demo,2261.04,0.9793,0,1,3,0.1558,0,0,1,0,1165,0,genuine,
2ee9da9f-d543-4710-a663-0693695ebcf8,2026-09-11T17:32:01.756229,Rahul,rahul@demo,1090.73,1.9884,0,2,13,0.1001,0,0,0,0,563,0,genuine,
6c458bc5-4cd9-4352-bb91-8045cc2f7619,2026-09-09T22:54:01.698678,Neha,neha@demo,642.2,1.6881,0,5,3,0.5089,0,0,0,0,262,0,genuine,
ff406993-e26a-499b-b308-14f0257b35c2,2026-09-10T00:31:01.691652,QuickCash,quickcash@demo,206.21,1.3952,0,0,21,0.464,0,0,0,0,2353,0,genuine,
1ec0c47d-b7c8-470b-8e8b-a196f3a9f85e,2026-09-10T07:46:01.678489,RewardDesk,rewarddesk@demo,6311.78,1.9912,0,1,10,0.3001,0,0,0,0,1578,0,genuine,
1407c31e-4fde-44ce-ad7c-c7e917e724cc,2026-09-10T16:53:01.714594,Neha,neha@demo,1344.2,0.2315,0,1,4,0.1462,0,1,0,0,1684,0,genuine,
9be1a9c4-1ae6-4ad9-8f63-f0f4e7ef5598,2026-09-10T06:44:01.554612,RewardDesk,rewarddesk@demo,1431.98,1.8172,0,0,17,0.3935,0,0,1,0,2497,0,genuine,
09759925-bd67-4c73-a276-79dbfd7b30dc,2026-09-11T02:26:01.707192,RewardDesk,rewarddesk@demo,1851.2,1.5245,1,1,23,0.1827,0,0,1,0,1994,0,genuine,
56b1dfcd-3bd7-4df1-bae2-2e0220179e37,2026-09-09T21:13:01.594428,QuickCash,quickcash@demo,822.11,0.7103,1,5,22,0.3833,0,0,0,0,1878,0,genuine,
dfb6f812-ff05-47d0-b498-a848cef9c7e2,2026-09-09T15:25:01.764359,Rahul,rahul@demo,35265.98,3.0959,0,3,65,0.7063,4,0,1,0,134,1,old_fraud,
220ece08-afec-4dac-9dad-f5fcadc42cd9,2026-09-11T12:20:01.644171,Rahul,rahul@demo,930.53,0.2592,0,1,14,0.523,0,0,0,0,1864,0,genuine,
5a2557ad-67fc-4122-9581-e90b8f446f1a,2026-09-10T17:28:01.769641,Neha,neha@demo,6129.54,1.8482,1,1,19,0.0685,0,0,1,0,2419,0,genuine,
c0e074d6-d7d6-4b53-b9c6-d0406869ac5d,2026-09-11T12:24:01.579162,Neha,neha@demo,3434.55,0.6251,0,1,22,0.3225,0,0,0,0,616,0,genuine,
47270c32-e992-4038-aa9a-b938459f7d17,2026-09-10T09:45:01.590522,Neha,neha@demo,431.15,1.4759,0,2,17,0.1963,0,0,0,0,1072,0,genuine,
890076c9-d753-4528-bc3d-3f366cc53cb8,2026-09-10T14:27:01.724339,RewardDesk,rewarddesk@demo,2505.39,1.0111,1,1,6,0.3531,0,0,0,0,1784,1,new_mule_fraud,0.8593
bc69ffa3-0ce6-4c49-8485-33f8f91f71b7,2026-09-11T09:45:01.641060,Neha,neha@demo,12159.33,1.9202,0,1,15,0.4775,0,0,0,0,1696,0,genuine,
c7763273-f7d4-4806-a9d6-d37edcdfacf1,2026-09-09T18:21:01.760299,Neha,neha@demo,2370.79,2.0969,0,1,17,0.2901,0,0,0,0,703,0,genuine,
19082d9f-633b-42c9-b262-c8220c8786aa,2026-09-11T05:07:01.684614,Rahul,rahul@demo,1652.02,0.7506,0,1,22,0.5045,0,0,0,0,1422,0,genuine,
0fe8707c-03bb-4b0d-b347-1be6bb96760f,2026-09-12T09:06:01.613526,Rahul,rahul@demo,4875.74,0.811,0,2,15,0.5146,0,0,0,0,2416,0,genuine,
59892d32-af44-471e-8004-507849c31bb0,2026-09-12T11:27:01.759827,Rahul,rahul@demo,1735.35,1.3005,0,0,17,0.4891,0,0,0,0,163,0,genuine,
aefe3719-db08-4204-a4d8-9a4ea8d956dc,2026-09-10T23:53:01.738399,RewardDesk,rewarddesk@demo,1375.4,1.1803,0,1,8,0.1257,0,0,0,0,1049,0,genuine,
ece78dc6-062e-4414-994f-3755187ea19b,2026-09-11T06:12:01.676595,RewardDesk,rewarddesk@demo,1385.6,0.2249,0,1,16,0.4548,0,0,0,0,2392,0,genuine,
6284e848-e2a8-470b-9cde-9f5f1500231f,2026-09-12T05:51:01.770677,RewardDesk,rewarddesk@demo,2018.75,0.7563,0,2,21,0.108,0,0,0,0,1734,0,genuine,
92c412e3-6bd8-49bc-9a54-5962152042ce,2026-09-11T20:17:01.686338,Rahul,rahul@demo,34850.43,2.2355,1,7,71,0.7614,1,1,1,0,132,1,old_fraud,
d1698cf9-ed75-4ce4-8602-9eb11f7ba736,2026-09-11T04:45:01.653055,QuickCash,quickcash@demo,456.29,1.2245,0,1,14,0.2378,0,0,0,1,599,0,genuine,
85aad7df-09db-4b97-aabf-4a10fd727b0e,2026-09-11T12:33:01.530348,Neha,neha@demo,1436.65,2.0811,0,5,11,0.4001,0,0,0,0,2220,0,genuine,
5b42af3c-4f4b-4cf6-9e9c-c48c5dc52de9,2026-09-10T16:14:01.780231,Rahul,rahul@demo,1689.36,1.6202,0,1,22,0.5273,0,0,0,0,1722,0,genuine,
b490144d-c2b4-422b-8789-c2c1dde472cb,2026-09-11T03:21:01.638955,RewardDesk,rewarddesk@demo,1429.16,1.1565,0,1,20,0.4357,0,0,0,0,1762,0,genuine,
e8884464-ac20-4989-bd0e-f57cb150558c,2026-09-10T20:05:01.530020,Neha,neha@demo,202.8,0.9779,1,0,1,0.3291,0,0,1,0,182,0,genuine,
4f8826c6-f45f-43d9-b91e-7d334bfaf671,2026-09-11T14:42:01.662962,Rahul,rahul@demo,1692.47,1.8746,1,2,1,0.4464,0,0,0,0,117,0,genuine,
e93bebde-7c41-44dc-8470-c1c87cd8a4ef,2026-09-12T08:44:01.751841,Rahul,rahul@demo,932.86,0.8202,0,2,3,0.2974,0,0,0,0,1567,0,genuine,
c8b4fa35-b463-461d-b9fa-2c64c218adfa,2026-09-10T04:51:01.704934,QuickCash,quickcash@demo,526.52,0.7805,0,1,16,0.2596,0,0,0,0,968,0,genuine,
4bcf845f-5f62-4b86-a2f1-0f5563d5e0d2,2026-09-12T02:34:01.642075,Rahul,rahul@demo,442.01,1.5645,0,1,20,0.4436,0,0,0,0,762,0,genuine,
609c025f-1ef8-4058-aabf-66583990ed14,2026-09-11T06:49:01.692981,RewardDesk,rewarddesk@demo,1055.27,1.8246,0,3,24,0.4511,0,0,0,1,1275,0,genuine,
c23bbc48-9317-40b1-a3d1-33fd5f179893,2026-09-12T01:39:01.657444,RewardDesk,rewarddesk@demo,525.45,2.0257,0,2,7,0.1376,0,0,0,0,796,0,genuine,
a7e2c08c-c5a2-41cf-983b-3746eb997fff,2026-09-12T02:51:01.741452,RewardDesk,rewarddesk@demo,1661.76,1.1678,0,0,24,0.4323,0,0,0,0,1561,0,genuine,
b3c265c9-9427-49bc-9306-cc61ccb79012,2026-09-11T16:12:01.735056,Rahul,rahul@demo,302.05,1.9562,0,0,1,0.2589,0,1,0,0,1248,0,genuine,
00f7f83a-d650-4c87-ab8d-6934636e1131,2026-09-11T04:42:01.758714,RewardDesk,rewarddesk@demo,19861.64,4.1959,1,3,61,0.7792,3,1,2,1,81,1,old_fraud,
ec75e630-0cd9-4d08-a337-535b4a1dc472,2026-09-10T11:40:01.673116,RewardDesk,rewarddesk@demo,724.32,0.7307,1,0,14,0.3644,0,0,0,1,820,0,genuine,
e5b68246-48af-4fc0-9d0d-30a84c87c43c,2026-09-12T08:19:01.754644,Neha,neha@demo,1102.29,1.9715,1,4,10,0.2297,0,0,0,0,125,0,genuine,
ccc21c69-8712-451d-9fde-66b6c8e5dcbe,2026-09-09T17:20:01.666295,RewardDesk,rewarddesk@demo,1463.03,1.9807,0,1,6,0.267,0,0,0,1,695,0,genuine,
84ea0f2e-705b-460a-bb23-da094a44c6a9,2026-09-11T12:14:01.626557,Neha,neha@demo,1485.52,1.9136,0,1,19,0.2954,0,1,0,0,486,0,genuine,
7f0e3593-a23a-49c9-af6c-31df5a31a92d,2026-09-10T04:12:01.763641,RewardDesk,rewarddesk@demo,2065.22,1.4647,0,2,12,0.2181,0,0,0,0,1411,0,genuine,
28908f96-ec86-45c9-93dd-fe4eff4cf1e2,2026-09-12T04:30:01.670344,Neha,neha@demo,1687.98,1.3081,0,1,6,0.3958,0,0,0,0,1020,0,genuine,
e1a7b3c7-30cb-495c-b8f3-180441e9b936,2026-09-10T15:17:01.693391,Neha,neha@demo,730.75,0.9183,0,0,2,0.0506,1,0,0,0,2459,0,genuine,
f885e882-77b5-42b0-91e9-f0504ad9ae00,2026-09-12T00:07:01.697664,Neha,neha@demo,1164.97,0.7119,0,2,16,0.4989,0,1,0,0,161,0,genuine,
954a5dc9-2c8f-4b8f-98d0-743c81ea2766,2026-09-11T15:35:01.557457,Neha,neha@demo,4939.43,1.481,0,1,2,0.1014,0,0,0,0,2253,0,genuine,
e0889d78-09ad-4362-a6a9-0053ef61725a,2026-09-12T08:08:01.609920,Neha,neha@demo,606.18,1.7626,0,1,16,0.3791,0,0,0,0,1134,0,genuine,
a62dc4db-31c0-435f-90dc-4780f71d8d15,2026-09-10T03:11:01.730631,Rahul,rahul@demo,1069.77,0.7845,0,0,10,0.4498,0,0,0,0,670,0,genuine,
eb33e696-c566-4931-95fe-0e98040a2ae1,2026-09-10T00:32:01.719282,Neha,neha@demo,3925.47,0.3687,1,3,20,0.0831,0,0,0,0,937,0,genuine,
61c98829-2f10-45d8-8930-83a9f0be1eda,2026-09-10T01:38:01.661077,Neha,neha@demo,1165.62,1.0997,0,1,16,0.2303,0,0,0,0,851,0,genuine,
7fe60ce5-3198-4fa0-9961-00142b30e4fb,2026-09-10T07:59:01.658913,Rahul,rahul@demo,1784.93,0.8141,0,1,11,0.2771,0,0,0,0,510,0,genuine,
3776db8d-674e-4a22-9cb8-310feda81fac,2026-09-10T01:19:01.754918,Neha,neha@demo,950.13,1.44,0,0,15,0.4113,0,0,0,0,1907,0,genuine,
4a63c3dc-7138-4bcf-8e8a-ad778a8978b5,2026-09-11T15:29:01.665146,RewardDesk,rewarddesk@demo,825.76,1.4301,0,0,13,0.1344,0,0,1,0,1695,0,genuine,
f6067fc9-6354-44ef-8c16-4b5f27df6a7c,2026-09-11T18:25:01.706344,Rahul,rahul@demo,633.51,0.9679,0,1,23,0.2272,0,0,0,0,633,0,genuine,
6d7b94aa-005f-4d73-aff2-ef2875dac7a6,2026-09-10T20:39:01.630938,QuickCash,quickcash@demo,1101.88,2.1109,0,0,1,0.1519,0,0,0,0,1094,0,genuine,
c4f53673-9695-459c-acb8-ac29573b62fe,2026-09-10T10:01:01.595831,Neha,neha@demo,2625.74,2.0075,0,0,8,0.133,0,0,0,0,532,0,genuine,
e8e52770-9ab1-4708-84ab-e2baa591adaf,2026-09-12T06:07:01.668895,Rahul,rahul@demo,2464.59,1.044,1,2,21,0.3442,0,0,0,0,838,0,genuine,
2672489f-642a-4b4f-93d9-9e9a6b9ca1ba,2026-09-10T06:14:01.752429,Neha,neha@demo,3142.19,2.0575,0,3,9,0.1724,0,0,1,0,985,0,genuine,
a1318758-9d13-42a9-b750-b93f7878883f,2026-09-10T16:29:01.687699,Neha,neha@demo,717.48,1.2602,0,1,6,0.4353,0,0,0,0,2406,0,genuine,
6fa7aa15-1134-453f-b313-1816ff000e99,2026-09-11T17:27:01.613072,RewardDesk,rewarddesk@demo,1834.53,1.2622,0,1,13,0.0801,0,0,0,0,1778,0,genuine,
6c2ea8f0-cbe3-4029-8fc0-e01997c0481f,2026-09-11T05:09:01.526731,RewardDesk,rewarddesk@demo,745.99,1.0233,0,0,2,0.3206,0,0,0,0,368,0,genuine,
e9cf104b-a84c-4638-ac7c-b8e3f4a5696f,2026-09-11T02:33:01.660815,Rahul,rahul@demo,1548.91,0.7115,0,0,15,0.2244,0,0,1,0,1032,0,genuine,
e7e530f6-6b45-42b5-8cca-b2b526cc8d98,2026-09-12T05:26:01.623768,Rahul,rahul@demo,26543.13,2.9555,0,4,25,0.6632,4,0,3,0,153,1,old_fraud,
1a86e116-ac52-45ac-82a8-4cb6fea05b39,2026-09-11T16:24:01.633134,QuickCash,quickcash@demo,1383.82,1.0604,0,0,7,0.3164,0,0,0,0,1392,0,genuine,
6d40d482-9988-40b3-ba29-79c4d6b30837,2026-09-11T15:37:01.738543,Neha,neha@demo,1946.65,1.7227,0,2,2,0.144,0,0,0,1,739,0,genuine,
4e04b4e4-8f38-4759-be20-43b28b6ccaea,2026-09-11T05:51:01.529948,RewardDesk,rewarddesk@demo,3454.24,1.3452,1,0,5,0.4138,0,0,0,0,1353,1,new_mule_fraud,0.9712
d2b921b3-c520-49f8-84e9-e9033689ee7f,2026-09-11T22:22:01.585472,Rahul,rahul@demo,161.71,1.4716,0,3,1,0.2385,0,0,0,0,2386,0,genuine,
7e4a77a5-ce33-4168-bc27-41d55737ff19,2026-09-11T03:19:01.670451,QuickCash,quickcash@demo,2696.82,1.6586,1,3,12,0.3699,0,1,0,0,1530,0,genuine,
12adde37-719f-4f40-8bc1-280184cdbc24,2026-09-09T20:49:01.742884,QuickCash,quickcash@demo,1180.96,0.4561,0,1,17,0.0677,0,0,0,0,2126,0,genuine,
2bc224f9-28ce-489b-afe3-d17960af8934,2026-09-10T19:40:01.765387,RewardDesk,rewarddesk@demo,589.15,1.725,0,1,22,0.5151,0,0,0,0,2383,0,genuine,
8e8023e5-3dd9-41cc-8041-41b0e7d1bebd,2026-09-09T22:39:01.759140,Rahul,rahul@demo,5332.82,1.9625,0,0,5,0.337,0,0,0,0,409,0,genuine,
1f888413-a2de-4662-a14a-1a4a770b7097,2026-09-11T01:07:01.590743,QuickCash,quickcash@demo,956.91,0.4436,1,0,5,0.273,0,0,0,0,1367,0,genuine,
d782b46f-9eee-4c5e-bc2e-bf263d85e456,2026-09-12T02:24:01.575387,Rahul,rahul@demo,2370.15,1.0805,0,0,18,0.4265,0,0,0,1,724,0,genuine,
ec85f999-af9f-4628-9171-417a5e59f602,2026-09-10T04:13:01.602275,QuickCash,quickcash@demo,651.1,0.9608,0,2,6,0.0782,0,0,0,0,1278,0,genuine,
3dfc4fe2-d9b4-43cd-b21d-19f2f81f681a,2026-09-12T03:47:01.737222,RewardDesk,rewarddesk@demo,1070.73,0.8795,0,0,14,0.389,0,0,0,0,611,0,genuine,
f92c1108-e136-4545-b27f-e229f99eda71,2026-09-10T09:41:01.558526,RewardDesk,rewarddesk@demo,2961.15,1.2134,1,3,3,0.2853,0,0,0,0,2280,0,genuine,
6c3a51e9-ff12-47df-878f-0e914f101956,2026-09-10T16:58:01.778486,RewardDesk,rewarddesk@demo,689.99,0.5701,0,3,1,0.3648,0,0,0,0,144,0,genuine,
894381b2-60ee-4388-9fba-6d6dc42d30d0,2026-09-09T14:29:01.710791,Neha,neha@demo,2269.9,1.9132,1,2,11,0.163,0,0,0,0,2423,0,genuine,
6450178c-9480-4a82-8b39-040e85f985ae,2026-09-12T09:03:01.697238,Rahul,rahul@demo,1237.65,1.3209,0,1,16,0.0632,0,0,0,0,181,0,genuine,
90d21ae3-5e92-48bd-90a1-26077a19864f,2026-09-10T12:38:01.609856,RewardDesk,rewarddesk@demo,649.02,1.3361,0,4,6,0.0573,0,0,1,0,1407,0,genuine,
3f045a62-8c2d-4f14-ae87-061e5dc89180,2026-09-11T05:51:01.662455,Neha,neha@demo,1170.58,0.542,0,0,1,0.4858,0,0,0,0,2216,0,genuine,
d0d554c4-c937-4be1-8d61-0be69bd792f9,2026-09-11T05:52:01.760910,Neha,neha@demo,1187.88,0.6906,0,0,15,0.1841,0,1,0,0,2167,0,genuine,
9a584ba6-a5da-42d4-aea8-b4763b1a5396,2026-09-10T13:07:01.570839,RewardDesk,rewarddesk@demo,2727.56,1.2922,0,1,8,0.1699,0,1,0,0,1737,0,genuine,
cee9053e-f85a-43d9-a4b8-7639e715a7ea,2026-09-11T04:05:01.691102,QuickCash,quickcash@demo,1148.91,0.7466,0,1,23,0.3968,0,0,0,0,299,0,genuine,
c90aa8ec-49e6-4993-85bb-eec945c78c0e,2026-09-10T00:18:01.766927,RewardDesk,rewarddesk@demo,1472.66,1.6744,0,2,3,0.2777,0,0,1,1,1444,0,genuine,
a969bc14-2753-41f6-a3f6-0c9f5226a72d,2026-09-11T23:02:01.736412,RewardDesk,rewarddesk@demo,2178.22,0.4111,0,1,5,0.2925,0,0,0,0,977,0,genuine,
ad78e640-77ac-4c2e-95ab-e39a92ba525f,2026-09-09T19:59:01.755454,QuickCash,quickcash@demo,3261.64,0.5769,0,0,17,0.2122,0,0,0,0,2344,0,genuine,
d3bf4ca3-0646-474f-abdb-38cb6fa359d2,2026-09-10T12:01:01.719818,RewardDesk,rewarddesk@demo,3794.46,0.3114,0,1,4,0.3504,0,0,0,0,1001,0,genuine,
aeb5ae1e-a0d8-4574-a79a-eef38b69eb36,2026-09-11T08:31:01.535312,RewardDesk,rewarddesk@demo,4943.38,1.9595,0,5,4,0.1753,0,0,0,0,1386,0,genuine,
47be3c3b-445c-4fdd-9c1c-1e9c9fede472,2026-09-12T11:52:01.585551,Rahul,rahul@demo,2146.72,0.2295,0,2,1,0.4552,0,0,0,0,1459,0,genuine,
014e8b2e-ee9d-4f03-88db-37dd388b3414,2026-09-11T23:01:01.681733,QuickCash,quickcash@demo,1658.02,2.0785,1,1,9,0.3214,0,0,1,0,842,0,genuine,
2ad415eb-485c-425e-8f4e-a0b0c32ccf15,2026-09-11T05:32:01.628099,Neha,neha@demo,1136.61,0.2322,0,4,16,0.2646,0,0,0,1,1034,0,genuine,
c385fb2b-750c-4b4b-88a6-05120049e7f9,2026-09-11T09:53:01.615374,QuickCash,quickcash@demo,3681.84,1.3578,0,2,24,0.3428,0,0,1,1,1480,0,genuine,
4d37723c-78bb-43fa-bee1-aabd8c6a2475,2026-09-11T11:57:01.604411,RewardDesk,rewarddesk@demo,3881.34,1.2691,0,5,19,0.411,0,0,1,0,957,0,genuine,
870f221f-61d8-4f35-abb2-d066d8ecc150,2026-09-10T22:47:01.632323,Neha,neha@demo,584.83,1.6056,0,0,15,0.4022,0,0,0,0,973,0,genuine,
f89d2ce9-da0e-40d2-85a0-06c815884882,2026-09-10T01:13:01.533178,RewardDesk,rewarddesk@demo,1510.48,0.2471,0,0,12,0.2,0,0,0,0,1430,0,genuine,
4e130c95-9f4f-43c7-bf34-e37cbcc1535f,2026-09-10T09:46:01.528866,RewardDesk,rewarddesk@demo,1102.52,0.9822,0,2,10,0.2804,0,0,0,0,1459,0,genuine,
7bd7a8bd-a2c6-4fd4-9e49-911564ea34a0,2026-09-09T21:17:01.746522,Neha,neha@demo,397.17,0.4716,0,1,24,0.36,0,0,0,0,2107,0,genuine,
8ba863bd-b6c7-4a34-a5e3-aeca24374b66,2026-09-11T14:30:01.731565,Rahul,rahul@demo,6841.62,1.7573,1,0,8,0.3995,0,0,0,0,131,0,genuine,
851b059e-7d72-4323-b768-7e0840fd1f8f,2026-09-10T18:39:01.690234,QuickCash,quickcash@demo,233.58,0.941,0,0,9,0.3306,0,0,1,0,825,0,genuine,
358eb505-e1ab-405a-b003-9181974dc576,2026-09-09T22:34:01.772034,Neha,neha@demo,628.25,1.0356,0,1,7,0.3708,0,0,0,0,1345,0,genuine,
1821557c-9e0a-4c2f-b803-4a390fd7fe17,2026-09-12T01:01:01.756874,Rahul,rahul@demo,548.61,0.3764,0,1,20,0.4318,1,0,0,0,1782,0,genuine,
413d139a-15b9-4bc2-96b3-a5e984bfb5fb,2026-09-11T00:23:01.690431,RewardDesk,rewarddesk@demo,2945.06,1.2325,0,1,16,0.4461,0,0,0,0,827,1,new_mule_fraud,0.9591
7445aba9-78b0-4325-b843-9f31b7a591ea,2026-09-09T23:54:01.616560,QuickCash,quickcash@demo,278.24,2.1027,0,0,14,0.2613,0,0,0,0,2467,0,genuine,
99e7609d-81f3-4d20-9a0d-a553159e400e,2026-09-11T11:37:01.655725,Rahul,rahul@demo,2140.96,0.5761,1,2,23,0.5455,0,0,0,0,470,0,genuine,
a48df559-97c0-4bac-8199-f6be90b9662e,2026-09-11T12:53:01.567802,Rahul,rahul@demo,3469.2,0.2099,0,1,14,0.3679,1,1,0,0,1817,0,genuine,
24d62b4a-6426-453f-b061-809f16a6410b,2026-09-10T01:42:01.752325,QuickCash,quickcash@demo,1667.43,0.9907,0,1,13,0.2657,0,0,0,0,659,0,genuine,
4341f1c2-95bc-4a1c-a9c4-61cbc9a01713,2026-09-11T13:52:01.757708,RewardDesk,rewarddesk@demo,3125.21,1.0621,1,1,21,0.5149,0,0,0,0,2010,0,genuine,
6b727cc1-90c5-416f-b7e4-3b96a9da08e6,2026-09-10T21:42:01.529744,RewardDesk,rewarddesk@demo,823.26,0.7111,0,1,13,0.2561,0,0,0,1,1664,0,genuine,
c3f728af-a2bd-453d-b528-fc175ce9e9fa,2026-09-11T12:33:01.594654,RewardDesk,rewarddesk@demo,405.99,2.1019,0,2,24,0.4727,0,0,0,0,2225,0,genuine,
6008e817-ce16-4b6c-9cc1-42804ab38ed8,2026-09-12T05:10:01.711457,Rahul,rahul@demo,750.83,0.6896,0,0,13,0.1381,0,0,0,1,2178,0,genuine,
57b84772-e992-4bb0-a044-14fc1bfd687b,2026-09-09T13:17:01.621979,RewardDesk,rewarddesk@demo,606.3,1.7743,0,0,19,0.4661,0,0,0,0,2278,0,genuine,
ae278e1b-29ac-42c7-8d40-85936ca543eb,2026-09-12T08:42:01.672066,Neha,neha@demo,801.68,1.9236,0,1,8,0.2472,0,0,0,0,2345,0,genuine,
7bbaec9a-a9a3-433d-bb5f-c56c122927ac,2026-09-12T00:34:01.709096,Neha,neha@demo,2724.9,1.5085,0,3,12,0.4763,0,0,0,0,1337,0,genuine,
954fcd98-208b-42f3-8871-735e3ad5ba3f,2026-09-11T12:48:01.679009,Neha,neha@demo,1882.37,1.555,0,1,13,0.4941,0,1,0,0,1028,0,genuine,
03c40cca-4ee8-4ce8-9a7e-2b88f9eb272b,2026-09-11T19:50:01.593470,RewardDesk,rewarddesk@demo,1999.93,1.7186,0,0,8,0.5057,0,0,0,0,1993,0,genuine,
67e77303-fd51-44d3-8f68-ca567dc8ccf4,2026-09-12T05:27:01.601033,Rahul,rahul@demo,1110.99,1.576,0,1,6,0.1779,0,0,1,0,187,0,genuine,
80db680d-27e2-4c21-ae8b-ca5198d29eb2,2026-09-11T09:14:01.756266,RewardDesk,rewarddesk@demo,3269.11,1.4,0,1,15,0.4284,0,0,0,0,1606,1,new_mule_fraud,0.9303
bae987a4-8a07-43b5-afd3-01de51870f09,2026-09-11T15:01:01.686300,Rahul,rahul@demo,3083.69,0.3873,1,1,2,0.1562,0,1,0,0,336,0,genuine,
0f87cb5c-b588-4307-b1d1-e4b9d2d9d311,2026-09-12T04:40:01.539996,Neha,neha@demo,1421.46,0.3109,1,1,10,0.3811,0,0,0,0,272,0,genuine,
18197094-0dfc-4262-8a80-6990851ade6a,2026-09-09T13:09:01.780299,RewardDesk,rewarddesk@demo,353.29,1.5754,0,1,14,0.4055,0,0,0,0,493,0,genuine,
9125ff79-57a5-4fc6-9b57-d28fbb7136fd,2026-09-10T15:59:01.649752,Rahul,rahul@demo,1933.84,1.0876,1,1,21,0.4191,0,0,0,0,1607,0,genuine,
5a70d760-89fc-440f-8950-fdbcfdca4e0d,2026-09-09T19:45:01.713881,Neha,neha@demo,978.1,0.3133,0,2,15,0.0536,0,0,0,0,430,0,genuine,
72613596-e6d5-4fd0-ab14-90db2a9d2810,2026-09-10T13:12:01.716848,Neha,neha@demo,1270.94,2.0068,0,0,12,0.2121,0,0,0,0,569,0,genuine,
e6a03ec6-d934-4257-ab76-8f50bf777eeb,2026-09-09T16:04:01.711672,RewardDesk,rewarddesk@demo,4503.97,1.1963,0,1,18,0.161,0,0,0,0,391,0,genuine,
5ce1dac8-e12d-49c0-b714-8ba9914331f4,2026-09-10T07:38:01.776214,RewardDesk,rewarddesk@demo,2105.57,0.7435,0,1,11,0.5378,0,0,1,0,1472,0,genuine,
cf77117d-7407-4ad4-9d3e-b6898592ae19,2026-09-11T04:34:01.617731,RewardDesk,rewarddesk@demo,3357.63,0.739,0,1,13,0.4924,0,0,0,0,711,1,new_mule_fraud,0.9229
a967686c-5dcb-4ecf-926d-0b39f1769224,2026-09-10T17:32:01.684058,RewardDesk,rewarddesk@demo,3072.82,0.9358,0,0,6,0.1461,0,0,0,0,790,1,new_mule_fraud,0.9844
b31f3d9a-5a18-4746-9d44-b132f682ad6b,2026-09-11T09:59:01.710620,QuickCash,quickcash@demo,941.73,2.1101,0,1,20,0.2096,0,0,0,0,440,0,genuine,
f414cb41-2f35-419c-8cad-ca8bd0eef6d4,2026-09-11T10:00:01.747741,Rahul,rahul@demo,3280.46,1.8921,0,1,5,0.2247,0,0,0,0,426,0,genuine,
572b09fe-1756-4187-9830-d08be5e657b1,2026-09-10T06:45:01.603680,RewardDesk,rewarddesk@demo,3190.46,0.3569,1,1,4,0.4388,0,0,1,0,2064,0,genuine,
0c7c589b-d460-4ed3-aab7-8d5c5dcda9dd,2026-09-09T16:27:01.632067,Rahul,rahul@demo,1491.96,1.3249,0,1,3,0.068,0,1,1,0,2093,0,genuine,
503c92f9-14ed-4daf-b85e-c03cb270c109,2026-09-09T18:14:01.718944,RewardDesk,rewarddesk@demo,3151.43,1.0655,0,1,20,0.4473,0,0,0,0,1000,1,new_mule_fraud,0.9225
1946505b-9e0f-43e1-b79a-67d8ef973fc0,2026-09-11T08:12:01.704710,QuickCash,quickcash@demo,469.89,1.3976,0,3,3,0.0882,0,0,0,0,1107,0,genuine,
3d2ac160-95d0-4509-ba0d-6f6469612be2,2026-09-12T01:45:01.615868,Neha,neha@demo,621.92,1.9068,0,0,8,0.3407,0,1,0,0,164,0,genuine,
647ec284-f2de-4460-9807-4f848e5a251a,2026-09-11T00:10:01.683462,RewardDesk,rewarddesk@demo,888.15,0.9236,0,4,10,0.5059,0,0,0,0,1292,0,genuine,
a6f35ca8-2af7-4f76-b3c9-492be4e89cd9,2026-09-11T02:09:01.770835,Rahul,rahul@demo,9858.44,0.6489,1,1,20,0.5382,0,0,0,0,1971,0,genuine,
8cbbd218-5f3c-4c91-9ff0-33320ab54388,2026-09-10T09:25:01.573798,Rahul,rahul@demo,985.44,0.6411,0,0,6,0.4767,0,0,0,0,682,1,new_mule_fraud,0.8733
d95b67de-f543-49e7-94bc-e9dc3d17e902,2026-09-11T08:20:01.740092,Neha,neha@demo,4499.59,1.0566,0,0,23,0.4847,0,0,0,0,510,0,genuine,
2003dfe4-1907-4e58-bec5-e1972ea079ee,2026-09-09T17:50:01.672865,Neha,neha@demo,620.41,1.0434,0,1,5,0.3441,0,0,1,0,2093,0,genuine,
f5c84933-3c0b-43fd-a49d-3d65be3f4d8c,2026-09-10T02:43:01.655570,Neha,neha@demo,939.8,1.1226,0,0,19,0.3366,0,1,0,0,1187,0,genuine,
717c96e7-f96d-439a-b0cc-616f8cb100f6,2026-09-11T21:49:01.668843,RewardDesk,rewarddesk@demo,2833.42,2.1824,0,1,7,0.1082,0,0,0,1,266,0,genuine,
b9c7c381-f437-4ed1-8678-4e2462f99373,2026-09-11T00:03:01.667535,Rahul,rahul@demo,531.97,1.0361,0,1,15,0.4412,0,0,1,0,182,0,genuine,
af8bae4d-a783-44a4-913a-ec30431f8911,2026-09-11T05:35:01.694976,Rahul,rahul@demo,1042.75,0.9643,0,1,20,0.4653,0,0,1,0,509,0,genuine,
5e9ffdb0-3b5b-4b47-9dd1-02e3ba8ff8e4,2026-09-09T18:14:01.617793,Neha,neha@demo,2734.02,1.6878,1,5,2,0.2764,0,0,0,0,720,0,genuine,
d59d25a4-9b83-49f2-8429-8016a37ebdb4,2026-09-11T22:55:01.579316,RewardDesk,rewarddesk@demo,1320.46,0.5361,0,1,23,0.1166,0,0,0,0,1492,0,genuine,
b6a432d8-f626-4e03-9c94-3a3da77a30ba,2026-09-12T01:04:01.758676,Rahul,rahul@demo,2487.81,1.6202,0,0,4,0.3316,0,0,0,1,1322,0,genuine,
975ec746-5aac-4989-9e84-e1f4039b7325,2026-09-12T13:28:01.711275,QuickCash,quickcash@demo,576.82,0.5995,0,0,13,0.3756,0,0,0,0,346,0,genuine,
4d1d241e-0058-4624-b920-bb029b77740d,2026-09-10T23:39:01.633291,Rahul,rahul@demo,3353.22,0.5182,0,0,8,0.4113,0,0,1,0,1389,0,genuine,
61194835-e468-4d94-a64d-a7d71079994f,2026-09-12T03:31:01.647983,RewardDesk,rewarddesk@demo,827.71,2.1946,0,1,14,0.5301,0,0,0,1,803,0,genuine,
fe17ce71-02ae-446c-9b88-746cde38ada1,2026-09-10T05:11:01.653892,Rahul,rahul@demo,3462.0,2.1224,0,0,14,0.5397,0,0,0,0,1548,0,genuine,
51ba3f20-b040-4157-b328-d7b457d758c2,2026-09-10T03:14:01.743442,Neha,neha@demo,1289.98,0.5996,0,2,16,0.3244,0,0,0,0,1432,0,genuine,
7416848d-4b26-42f3-9a86-dcdd6b4e657d,2026-09-09T21:21:01.739454,RewardDesk,rewarddesk@demo,1686.94,1.5911,0,2,24,0.2001,0,0,0,0,1669,0,genuine,
949634f5-70c8-408c-88b3-ff0e5c86ca1c,2026-09-12T00:49:01.696075,RewardDesk,rewarddesk@demo,2834.19,1.1299,1,0,8,0.1006,0,0,0,0,1388,1,new_mule_fraud,0.9451
34058f90-26fa-4685-a536-0b82ecaecb18,2026-09-11T23:08:01.638483,Rahul,rahul@demo,2104.88,1.8763,0,2,19,0.5493,0,0,0,0,1244,0,genuine,
50b94319-5e34-4d8e-8a89-74673bafc43e,2026-09-12T04:09:01.650790,Rahul,rahul@demo,897.09,1.9452,1,0,1,0.2323,0,0,0,0,1402,0,genuine,
509ae01e-ad78-491c-b994-a3e374d82dbb,2026-09-10T21:02:01.561028,Neha,neha@demo,1856.76,1.6173,1,0,19,0.4939,0,0,0,0,943,0,genuine,
f9989b1f-c6cc-46cb-b7fd-80e41ca70b47,2026-09-11T05:54:01.561878,RewardDesk,rewarddesk@demo,2621.37,0.6679,0,1,6,0.0933,0,0,0,0,2438,0,genuine,
a5153a80-4d85-47d4-8973-a038616efed0,2026-09-10T13:10:01.703949,RewardDesk,rewarddesk@demo,901.92,0.4351,0,0,7,0.4059,0,0,1,0,2183,0,genuine,
78127258-d105-4531-977e-c0b80e2cefae,2026-09-10T20:38:01.665200,RewardDesk,rewarddesk@demo,2960.75,0.2562,0,0,24,0.4616,0,0,0,0,1829,0,genuine,
521a9ef9-024e-4f61-a162-14035b6cd892,2026-09-09T15:07:01.597110,Rahul,rahul@demo,665.42,0.4764,0,2,21,0.445,0,0,0,0,288,0,genuine,
0075a945-038c-46dd-8756-f9619de95c49,2026-09-11T15:59:01.592902,RewardDesk,rewarddesk@demo,534.32,0.8345,0,3,21,0.2742,0,0,0,0,813,0,genuine,
8f02ef50-15eb-4f11-afe3-6b61a752ce13,2026-09-10T00:01:01.594353,RewardDesk,rewarddesk@demo,3390.13,1.0382,0,0,7,0.2671,0,0,0,0,1682,1,new_mule_fraud,0.8974
caa40124-7925-44a6-82e2-1eaee1557661,2026-09-11T11:38:01.630326,RewardDesk,rewarddesk@demo,1077.47,0.731,0,3,23,0.1538,1,0,0,0,2372,0,genuine,
9a7e442a-1c23-4a37-a894-b9bd81f38d47,2026-09-11T15:26:01.744305,RewardDesk,rewarddesk@demo,1306.35,0.2598,0,2,3,0.5167,0,0,0,1,1134,0,genuine,
72660054-3f00-46d8-9c76-ccbfc1d034b8,2026-09-12T09:48:01.527985,QuickCash,quickcash@demo,5906.15,1.8405,0,1,10,0.1961,0,0,0,0,657,0,genuine,
0ef4f530-524f-41dd-ab38-fd8cb9a853fd,2026-09-11T07:43:01.718078,QuickCash,quickcash@demo,1825.73,1.1926,0,1,16,0.2114,0,0,0,1,542,1,new_mule_fraud,0.9349
6445c00c-7587-4741-a4fb-af467121f150,2026-09-09T15:35:01.696775,Neha,neha@demo,1799.56,1.8982,0,0,13,0.5348,0,0,1,0,1221,0,genuine,
1e78a8fb-e0e7-473a-b56e-0dff2763c5f3,2026-09-12T08:33:01.738991,QuickCash,quickcash@demo,536.38,1.5259,0,3,4,0.4483,0,0,0,0,1072,0,genuine,
db3acee4-a490-4178-835f-e64949c5f0d9,2026-09-11T22:54:01.697990,Neha,neha@demo,572.86,1.8829,0,1,19,0.4431,0,0,1,0,2193,0,genuine,
c5c8435a-94db-4234-a4d9-5c00a7f8cdd0,2026-09-11T19:56:01.769326,Rahul,rahul@demo,2683.32,1.2172,0,1,14,0.1069,0,0,1,1,1403,0,genuine,
a81a555a-c301-4c70-aa92-aed7ca86e70b,2026-09-11T14:22:01.757410,RewardDesk,rewarddesk@demo,1011.15,1.7205,0,2,24,0.3727,0,0,1,0,1023,0,genuine,
d5193058-c694-48e9-8d86-266306817a39,2026-09-09T23:15:01.734400,QuickCash,quickcash@demo,558.74,1.6587,1,0,9,0.1058,0,0,0,0,2285,0,genuine,
ad154656-0c7e-434f-8560-c2d3febd1e85,2026-09-10T23:12:01.671708,QuickCash,quickcash@demo,2464.71,2.1178,0,0,20,0.2527,0,0,0,0,437,0,genuine,
ce9022ca-25f5-4eca-ac18-0058b536ef35,2026-09-11T15:54:01.680917,Neha,neha@demo,2760.21,1.7824,0,2,15,0.1625,0,0,1,0,1907,0,genuine,
a547b541-2293-426c-bf24-626ae4839736,2026-09-10T18:05:01.706445,RewardDesk,rewarddesk@demo,8989.45,2.8987,1,3,35,0.741,3,0,3,0,169,1,old_fraud,
c03a7bc4-8500-4d6f-aa46-8884ee0b63f7,2026-09-11T08:10:01.589448,RewardDesk,rewarddesk@demo,3183.56,0.6033,0,0,13,0.2673,0,0,0,0,1151,1,new_mule_fraud,0.9574
5afca21d-9b9c-44fa-870b-294303b5c76c,2026-09-10T09:16:01.611828,Rahul,rahul@demo,1758.94,0.2948,0,2,16,0.0751,0,0,0,1,2020,0,genuine,
df1bfbc1-9210-4d0a-8e84-38435d42e463,2026-09-12T10:05:01.733006,RewardDesk,rewarddesk@demo,1110.73,1.0085,0,0,21,0.2978,0,0,0,0,1062,0,genuine,
8df6b176-9ba2-44f8-a150-e2dd3a692d00,2026-09-10T11:01:01.555164,Rahul,rahul@demo,2036.89,0.3744,1,0,15,0.079,0,1,1,0,1524,0,genuine,
e3c784f6-5fa0-4587-b9c7-582e6a1a3a29,2026-09-10T07:55:01.737596,QuickCash,quickcash@demo,1474.41,1.7738,0,2,21,0.0755,0,0,0,0,339,0,genuine,
e5931f24-1eca-4eb7-a82c-bb58e3ce109f,2026-09-10T06:53:01.635132,Neha,neha@demo,835.12,1.3819,0,1,10,0.3696,0,1,0,0,543,0,genuine,
1f713df3-c581-4b8a-b038-3f5c08818019,2026-09-09T20:42:01.735670,QuickCash,quickcash@demo,1769.58,1.682,0,0,3,0.4394,0,1,0,0,362,0,genuine,
9880b0e1-e910-494d-9476-592c60cc1865,2026-09-10T21:21:01.753525,RewardDesk,rewarddesk@demo,3494.73,0.3551,1,0,18,0.1031,0,0,0,0,1512,1,new_mule_fraud,0.9279
a87750bc-27f4-409a-ab00-620304becabc,2026-09-10T23:40:01.552008,RewardDesk,rewarddesk@demo,1728.84,1.2672,0,1,5,0.3464,0,0,0,0,421,1,new_mule_fraud,0.9719
2d44e0a8-a8d3-4578-8749-448fe0219d0a,2026-09-10T17:46:01.549416,Rahul,rahul@demo,27989.32,2.5953,0,7,58,0.7827,2,0,1,1,245,1,old_fraud,
692bda50-58a0-46aa-8e83-b4ce56f9c538,2026-09-12T13:52:01.778284,Rahul,rahul@demo,1657.43,0.6252,0,2,1,0.4101,0,0,0,0,1644,0,genuine,
e05a94b0-087a-4aba-a7fc-6e2a73227e67,2026-09-10T18:53:01.669981,Rahul,rahul@demo,2820.11,1.2306,0,1,9,0.2002,0,0,0,0,1827,0,genuine,
5f8f726c-910c-4f1a-b4b7-e986a3a12755,2026-09-12T00:31:01.740299,RewardDesk,rewarddesk@demo,2158.72,0.8705,0,0,24,0.3145,0,0,0,0,1099,1,new_mule_fraud,0.9726
029f36da-e6de-4b7a-bb2b-94cd9e5b4960,2026-09-11T10:15:01.621452,RewardDesk,rewarddesk@demo,1095.93,0.6069,0,1,14,0.5101,0,0,0,0,1803,0,genuine,
9dc09159-b29f-45ac-89b8-89bc62e2f99a,2026-09-11T13:22:01.764561,Rahul,rahul@demo,2343.99,1.762,0,0,6,0.2507,0,0,1,0,2348,0,genuine,
7b7c2aba-e948-4e1b-97ab-4d77074778ea,2026-09-10T06:43:01.583951,QuickCash,quickcash@demo,4918.28,1.486,0,0,23,0.4054,0,0,0,1,212,0,genuine,
52f2e573-d764-4a67-b7a5-be75a12fb5fc,2026-09-11T12:14:01.610692,RewardDesk,rewarddesk@demo,962.26,0.6669,0,2,12,0.2301,0,0,0,0,1719,0,genuine,
9b8e64ef-38ce-4b15-a922-ae3cb3177d9b,2026-09-09T14:56:01.664405,Neha,neha@demo,4922.57,1.8813,0,1,2,0.1996,0,0,0,0,1624,0,genuine,
b877130e-80de-4969-8599-fdfd1328ebed,2026-09-09T13:36:01.743390,Rahul,rahul@demo,765.9,1.4021,0,3,13,0.0673,0,1,0,0,223,0,genuine,
1f81d68c-9023-4110-a322-82d72d1f1fea,2026-09-10T04:21:01.626813,Rahul,rahul@demo,4768.47,1.6288,1,3,11,0.4303,0,0,0,0,1440,0,genuine,
f5fb4929-145f-4850-9962-129a5c3b5fb6,2026-09-11T22:45:01.744253,RewardDesk,rewarddesk@demo,1940.3,0.3923,0,0,14,0.1758,0,0,0,0,1850,0,genuine,
6bb19c3f-4c0d-4687-b960-9310a9700329,2026-09-09T15:14:01.775535,Neha,neha@demo,523.86,1.6978,0,1,21,0.4938,1,0,0,0,747,0,genuine,
8b539fe2-ab23-4529-9ca7-d1f36924c1a7,2026-09-12T01:41:01.645223,RewardDesk,rewarddesk@demo,4009.5,0.9555,0,1,4,0.3104,0,0,0,0,1156,0,genuine,
4b149c3f-ee92-4d44-ad74-b8fee7360550,2026-09-10T23:46:01.627752,RewardDesk,rewarddesk@demo,3258.68,1.249,0,1,5,0.2585,0,0,0,0,625,1,new_mule_fraud,0.9126
8901e9d1-587d-4877-aa31-6fa0312ab63f,2026-09-10T16:14:01.534377,Neha,neha@demo,742.89,0.7344,0,1,7,0.3139,0,0,0,0,883,0,genuine,
66c5d232-b67e-4c73-b012-441d651554af,2026-09-09T20:44:01.714085,RewardDesk,rewarddesk@demo,787.02,1.242,0,2,3,0.2842,0,0,0,1,374,0,genuine,
0d834a0f-1830-45d5-9eb0-4d9ee80e4630,2026-09-10T18:02:01.733909,RewardDesk,rewarddesk@demo,2229.69,1.2979,1,1,22,0.3605,0,0,0,1,861,1,new_mule_fraud,0.8587
1bd1f061-c217-4a04-b787-0465b2051418,2026-09-11T22:23:01.649439,RewardDesk,rewarddesk@demo,2163.96,1.6849,1,3,1,0.5101,1,0,0,0,1099,0,genuine,
d892e433-71f9-421c-a103-7451fea3c5d5,2026-09-09T19:13:01.685486,Rahul,rahul@demo,928.82,0.5287,0,1,8,0.2844,0,0,0,0,517,0,genuine,
5ea69c92-6ec7-4de4-802f-3263f7b7b5ac,2026-09-10T10:00:01.665022,QuickCash,quickcash@demo,469.34,1.4542,0,3,18,0.2367,0,0,0,0,808,0,genuine,
e1558d02-ce36-4507-9ff0-ef603a814e6c,2026-09-11T16:54:01.771821,Neha,neha@demo,847.38,0.9305,0,2,13,0.1452,0,0,0,0,2347,0,genuine,
0dc0258c-0747-4886-b712-903c83930dfb,2026-09-12T08:11:01.609008,Neha,neha@demo,455.35,1.4704,1,1,12,0.208,0,0,0,0,1422,0,genuine,
ef88bafb-35db-4799-9194-baaf10a61974,2026-09-12T13:16:01.571561,Neha,neha@demo,396.79,1.0289,0,2,9,0.523,0,0,0,0,1051,0,genuine,
bc3dac49-1291-4f9b-8e96-ceb2aa5ce881,2026-09-11T01:35:01.666813,QuickCash,quickcash@demo,3551.82,0.3647,0,2,17,0.2949,0,0,0,0,971,0,genuine,
ef970a51-b7c4-4e83-bb5b-039d46fd7e84,2026-09-12T03:23:01.694253,Rahul,rahul@demo,4558.99,2.0125,0,1,14,0.3332,0,0,0,0,1328,0,genuine,
2b7db644-452a-4d52-af45-a2e7488f7e3e,2026-09-09T16:04:01.675726,Neha,neha@demo,1255.1,2.0633,0,3,21,0.1717,0,0,0,0,1996,0,genuine,
690ace1a-d5f6-4306-a3c0-29d8d33b9ae4,2026-09-11T04:00:01.622201,QuickCash,quickcash@demo,345.36,0.7032,1,3,21,0.2108,0,0,0,0,2455,0,genuine,
12745672-3231-4130-8afe-632b4724486d,2026-09-12T04:41:01.601683,QuickCash,quickcash@demo,2081.86,1.4411,0,0,19,0.5478,0,0,0,0,1755,0,genuine,
369538c3-0658-4e75-861d-eaddfda99e91,2026-09-10T01:10:01.762836,RewardDesk,rewarddesk@demo,1274.32,1.9016,0,1,19,0.3537,0,0,0,0,1263,0,genuine,
e00425a2-c734-4971-a298-ed9100f6359d,2026-09-11T15:25:01.750143,Neha,neha@demo,16446.52,2.7897,1,7,45,0.8155,3,1,3,1,48,1,old_fraud,
bdb56897-6981-4363-a7af-3ecb338066a1,2026-09-12T10:11:01.556509,Rahul,rahul@demo,4441.93,1.6447,0,1,14,0.1589,0,0,0,0,1243,0,genuine,
d4bf749f-89c8-4df9-b0f7-56e821602c2c,2026-09-09T21:15:01.629509,Rahul,rahul@demo,2105.27,0.5818,0,0,9,0.3664,0,0,0,0,2020,0,genuine,
531d69ff-db61-4392-9f0f-b66921a790ef,2026-09-11T18:23:01.686767,Rahul,rahul@demo,8787.05,0.572,0,2,12,0.3457,0,0,0,0,119,0,genuine,
010e8513-c92e-4e09-a65c-9699e3f7f900,2026-09-10T07:44:01.642659,Rahul,rahul@demo,6357.04,0.2156,0,0,23,0.3291,0,0,0,0,715,0,genuine,
6aa6f2c2-f78a-405c-ba21-3a8b297e8e5c,2026-09-11T10:24:01.703218,Rahul,rahul@demo,4985.2,0.6982,1,2,17,0.4941,0,0,0,0,272,0,genuine,
1e36aa18-2b6d-46f1-bc15-8d36dfb0f330,2026-09-10T10:36:01.761469,Rahul,rahul@demo,4574.94,1.0591,0,0,7,0.5067,0,0,0,0,2250,0,genuine,
2063cda8-14d5-4a7d-a20d-55309d62e9d2,2026-09-11T23:04:01.739982,Neha,neha@demo,335.3,1.2161,0,0,9,0.0583,0,0,0,0,210,0,genuine,
f0458426-53aa-4878-9e0f-c54ef7542486,2026-09-09T20:45:01.614534,Neha,neha@demo,517.23,0.3596,0,2,4,0.4669,1,0,0,0,213,0,genuine,
5d16c485-b14b-49ad-9ab5-92b2ddae4408,2026-09-09T22:18:01.597917,Rahul,rahul@demo,2216.84,1.8968,0,0,15,0.1514,0,0,0,0,488,0,genuine,
74249f50-ad23-409c-879a-4ff4a1c1f691,2026-09-10T03:55:01.724046,RewardDesk,rewarddesk@demo,1922.69,1.0398,0,0,23,0.4689,0,0,0,0,1767,1,new_mule_fraud,0.9222
a7f441df-e1d0-45b0-9447-2ad75b22013f,2026-09-11T09:14:01.585309,Rahul,rahul@demo,2406.24,1.1179,0,0,22,0.4862,0,0,0,0,119,0,genuine,
3e9c922b-beca-437d-af55-44dad69af97b,2026-09-12T04:41:01.615309,RewardDesk,rewarddesk@demo,2509.2,0.9997,0,1,7,0.3379,0,0,0,0,460,1,new_mule_fraud,0.8694
575e95e7-c278-4424-9a1f-e0df75e17e8c,2026-09-10T09:22:01.674233,Neha,neha@demo,2098.1,1.8513,0,0,13,0.14,0,1,0,1,874,0,genuine,
8b548048-157d-44df-89b8-f20e12a0c12f,2026-09-09T23:39:01.756020,Neha,neha@demo,568.83,1.9642,1,0,9,0.3506,0,0,0,0,443,0,genuine,
1c28b5ae-2f20-4e6d-8459-ac70ee138418,2026-09-12T10:40:01.784382,Rahul,rahul@demo,303.2,0.3101,0,1,3,0.4185,0,0,0,0,1402,0,genuine,
4b6cc910-37a9-4704-a49a-7596a16df573,2026-09-09T18:47:01.569400,QuickCash,quickcash@demo,1759.81,0.7737,0,1,18,0.147,1,0,0,0,1424,0,genuine,
6dde5769-bf3e-430f-b634-4a9f9fee8df2,2026-09-12T05:08:01.716601,QuickCash,quickcash@demo,1105.18,1.1307,0,1,21,0.5345,1,0,0,0,2230,0,genuine,
3e606371-d140-46a8-a1a1-56dddb205fb2,2026-09-11T22:53:01.679955,RewardDesk,rewarddesk@demo,2524.61,1.4384,0,0,21,0.063,0,0,0,0,217,0,genuine,
dcb4f71f-122c-4930-8d54-e9fd7c5ec464,2026-09-09T18:18:01.621662,QuickCash,quickcash@demo,1412.94,0.6173,0,1,9,0.3713,0,0,0,0,2063,0,genuine,
e4057396-29ac-453c-be54-71f003e56105,2026-09-10T19:18:01.681534,RewardDesk,rewarddesk@demo,680.98,1.8554,0,0,15,0.4608,0,0,0,0,1351,0,genuine,
cf8f3075-dd25-493d-bb97-5033d302b8fe,2026-09-10T13:22:01.672813,RewardDesk,rewarddesk@demo,31473.06,4.4855,1,6,47,0.9347,1,1,3,0,175,1,old_fraud,
5d4c2ec9-6c77-4d42-a9a0-7bc776074545,2026-09-11T17:08:01.670602,RewardDesk,rewarddesk@demo,905.01,0.4581,0,0,15,0.3316,0,0,0,0,1840,0,genuine,
82935636-18f8-4ff4-b6bc-ae27c107f9ed,2026-09-09T17:08:01.655510,Neha,neha@demo,490.09,0.4397,0,3,8,0.1394,0,0,0,0,1889,0,genuine,
cc988284-bc00-4d4e-98fd-ffa8010c1aab,2026-09-12T02:15:01.558732,QuickCash,quickcash@demo,1666.5,1.812,0,1,7,0.2457,1,0,0,0,1452,0,genuine,
728e8461-5c9b-4910-876a-1a9b5942d4d4,2026-09-11T20:58:01.532466,Neha,neha@demo,1355.73,0.846,0,0,23,0.1561,0,0,0,0,264,0,genuine,
c0818242-21f5-4a93-8f99-a45d80b617e8,2026-09-11T03:03:01.656137,RewardDesk,rewarddesk@demo,1192.35,1.9634,1,2,18,0.1735,0,1,0,0,1633,0,genuine,
ea0718c3-116e-4781-b5f4-fcb04bbd3b55,2026-09-10T17:49:01.734679,Neha,neha@demo,1185.73,1.2612,1,1,16,0.5207,0,0,0,0,953,0,genuine,
c37deae7-265f-466f-b177-605f95574ff4,2026-09-11T13:41:01.651196,RewardDesk,rewarddesk@demo,1141.5,0.2522,0,2,20,0.1703,0,0,0,0,2161,0,genuine,
f7152989-72f5-418d-a64d-7511b9826880,2026-09-11T03:02:01.672009,Neha,neha@demo,1838.4,0.7168,0,2,23,0.5056,0,1,1,0,609,0,genuine,
0b6881b0-4c27-488b-a271-99bd9c525e31,2026-09-10T11:32:01.666186,RewardDesk,rewarddesk@demo,1599.71,1.5048,0,0,1,0.2341,0,0,0,1,231,0,genuine,
5726394e-43fc-44ea-a0b9-c6aa994e25c5,2026-09-12T02:21:01.665518,Rahul,rahul@demo,2541.1,1.3215,0,3,10,0.1565,0,0,0,0,614,0,genuine,
e2f6a0c1-df02-43f6-a8a9-159c97d31196,2026-09-11T21:25:01.570368,RewardDesk,rewarddesk@demo,1979.9,1.6683,0,2,15,0.2914,0,0,0,0,1872,0,genuine,
d524b6ae-1a09-4f40-a0ce-fea55462774b,2026-09-10T15:13:01.773945,RewardDesk,rewarddesk@demo,1673.88,0.7888,0,3,23,0.0739,0,0,0,0,1696,0,genuine,
e70024c6-65fb-4774-bee6-1bc35db0d7b6,2026-09-11T14:19:01.603751,Rahul,rahul@demo,308.92,1.6677,0,0,15,0.1823,0,1,0,0,1862,0,genuine,
53e80074-123c-49f1-a095-77248e3406cc,2026-09-11T18:29:01.650525,Neha,neha@demo,582.8,1.4247,0,0,15,0.3569,0,0,0,0,2350,0,genuine,
2d5f08b0-fb8d-406b-8cfa-035467f61a62,2026-09-10T05:39:01.729949,Rahul,rahul@demo,5533.65,1.435,0,1,20,0.1468,1,0,0,0,455,0,genuine,
c4537528-15e6-49ba-b05e-3823f187971e,2026-09-12T06:50:01.754589,RewardDesk,rewarddesk@demo,2837.83,1.2124,0,0,19,0.4489,0,0,0,0,728,1,new_mule_fraud,0.9906
c3f8f516-3be0-4088-8964-ab44ea59c925,2026-09-11T07:28:01.699351,QuickCash,quickcash@demo,6724.84,0.2122,0,2,8,0.2754,0,0,0,0,774,0,genuine,
3459ccdf-736d-4af7-a3ac-a2461b51b01c,2026-09-11T02:33:01.618382,Neha,neha@demo,3030.82,1.2059,0,1,10,0.3042,0,0,0,0,1231,0,genuine,
c6767acc-46dc-435d-b56f-1bfc7f99346f,2026-09-10T06:40:01.658754,Rahul,rahul@demo,387.59,0.8316,0,0,7,0.0914,0,0,0,0,865,0,genuine,
fb30725b-ef5b-4416-be41-ecf38c39982b,2026-09-11T13:50:01.605870,Rahul,rahul@demo,470.13,1.2922,0,2,5,0.397,0,0,0,0,2091,0,genuine,
7876df86-8ab8-49d9-a01c-abbf91196fc6,2026-09-11T11:03:01.732623,Rahul,rahul@demo,1540.33,1.1428,0,0,2,0.0643,0,0,0,0,1500,0,genuine,
86d8f532-b99e-466a-ab0b-bd72c5e0a744,2026-09-12T13:16:01.750821,Neha,neha@demo,609.13,2.1701,0,1,3,0.246,0,0,0,0,467,0,genuine,
c4723cd7-3dac-40b2-a991-46c97b1c439a,2026-09-11T07:20:01.612331,Rahul,rahul@demo,2910.59,0.6715,1,0,2,0.1496,0,1,0,0,1528,0,genuine,
054f06bd-47b5-437c-a363-e59d2b76a623,2026-09-11T17:00:01.694599,QuickCash,quickcash@demo,1195.58,0.7376,0,2,3,0.2505,0,0,0,1,2163,0,genuine,
ff0de30a-ac19-4150-bdc6-3b0f0ff43bc2,2026-09-12T00:35:01.682639,RewardDesk,rewarddesk@demo,755.46,0.8325,0,2,20,0.3486,0,0,0,0,1785,0,genuine,
27c37e41-6f20-4c3e-9b30-d4de2fc899e2,2026-09-11T09:00:01.627598,Neha,neha@demo,772.4,0.456,0,0,18,0.1755,0,0,0,0,1421,0,genuine,
4b855c0b-f3eb-4407-813e-3f4c6c6781b7,2026-09-12T00:27:01.774314,Rahul,rahul@demo,1079.81,0.4004,0,2,22,0.5309,0,0,0,0,2049,0,genuine,
2b44da7c-5292-49d8-8c1d-3cebdf88d460,2026-09-12T11:56:01.586483,Neha,neha@demo,4975.45,1.4937,0,3,3,0.5039,0,0,0,1,295,0,genuine,
e2c6a044-f01f-4b31-af71-93145d6a3221,2026-09-11T01:23:01.595406,RewardDesk,rewarddesk@demo,934.37,0.5653,0,1,17,0.4587,0,0,0,0,1915,0,genuine,
25fbcbc8-6e8b-4dac-b3d1-5fbc2ac71989,2026-09-11T19:09:01.547612,Rahul,rahul@demo,1312.54,1.3656,0,1,9,0.1366,0,0,0,0,2440,0,genuine,
facc8943-dc3c-4f8b-8c04-37ef4fdfc5e7,2026-09-09T14:19:01.636544,Neha,neha@demo,1083.15,0.3005,0,0,13,0.1599,0,0,0,0,141,0,genuine,
96883df7-e4ba-486e-b5e0-2d1944992d7a,2026-09-10T16:43:01.602864,QuickCash,quickcash@demo,1990.24,0.5366,0,2,4,0.0547,0,0,0,0,758,0,genuine,
8ffac182-2e36-4879-b9e8-9b54163d8cf9,2026-09-12T01:45:01.696988,RewardDesk,rewarddesk@demo,2860.94,2.1752,1,0,24,0.2239,0,0,0,0,1811,0,genuine,
d5781cdc-82dd-48fb-8daa-ab32c7bb2797,2026-09-09T22:10:01.758754,RewardDesk,rewarddesk@demo,41335.83,3.5683,0,3,60,0.9076,1,1,3,1,180,1,old_fraud,
90cd8951-57c7-42cb-9404-7513bcc98b2b,2026-09-10T16:13:01.638589,RewardDesk,rewarddesk@demo,2549.6,0.3948,0,5,20,0.3334,0,0,0,1,1972,0,genuine,
d20003e1-1af0-4374-8268-14d4e011d2d4,2026-09-12T06:46:01.773396,RewardDesk,rewarddesk@demo,509.48,0.9125,0,0,20,0.2588,0,0,0,0,2328,0,genuine,
76b65a24-7d2c-4add-b82e-56d5b5e2e716,2026-09-10T01:33:01.767030,RewardDesk,rewarddesk@demo,444.05,1.6313,0,1,4,0.4119,0,0,0,0,442,0,genuine,
65adb46b-86d3-4018-bc13-a3d871dc4a38,2026-09-09T12:59:01.687645,QuickCash,quickcash@demo,3081.91,1.5577,1,0,14,0.3897,0,0,0,0,1084,0,genuine,
292f5e11-083a-4219-a6e1-86a6536d1ac6,2026-09-11T12:59:01.652895,RewardDesk,rewarddesk@demo,801.6,1.8007,0,2,10,0.29,0,0,1,0,1511,0,genuine,
437f4329-b5ad-473c-9954-29ef58cad95e,2026-09-10T01:45:01.644583,RewardDesk,rewarddesk@demo,2269.56,0.2831,0,1,14,0.2843,0,1,0,0,2427,0,genuine,
63e344e4-cbda-472f-8f10-9251411d90bf,2026-09-11T17:47:01.779155,Rahul,rahul@demo,11977.86,1.8151,0,0,7,0.4321,0,0,0,0,2048,0,genuine,
4733df80-b2b6-4d97-8c24-d27bafe1797d,2026-09-10T00:30:01.711499,RewardDesk,rewarddesk@demo,2647.46,0.3692,0,0,8,0.1218,0,0,0,0,1417,1,new_mule_fraud,0.8572
9ff8532b-0247-49f5-a03b-fc5e73d95ef6,2026-09-11T10:59:01.734024,Rahul,rahul@demo,2087.51,0.7619,0,1,23,0.3642,0,0,0,0,1754,0,genuine,
b2f13755-617e-46f2-9be7-1de4fd9d361f,2026-09-10T21:22:01.668739,Neha,neha@demo,2287.37,2.081,0,1,11,0.4813,0,0,0,0,1161,0,genuine,
7a31379a-cefa-4645-aadd-a1710a87e9f3,2026-09-10T03:32:01.742720,Neha,neha@demo,1927.61,1.2232,0,2,17,0.4279,0,0,0,0,1592,0,genuine,
3a8c8922-6aa1-4b37-ad24-7a10c03f98c8,2026-09-09T14:03:01.762431,Neha,neha@demo,524.98,1.9125,0,2,18,0.2537,0,0,0,0,657,0,genuine,
c09ba862-cafc-4071-9e67-3cab5f6f5bca,2026-09-10T16:36:01.645043,Rahul,rahul@demo,2027.76,2.0442,1,2,11,0.448,0,0,0,0,685,0,genuine,
8d815a17-c276-4c92-9a91-5326e1de681e,2026-09-11T04:38:01.675108,Neha,neha@demo,2130.68,0.7285,0,2,1,0.2041,0,0,0,0,2014,0,genuine,
2be83173-9d48-4e12-a939-029942b996b6,2026-09-12T10:25:01.693123,RewardDesk,rewarddesk@demo,1417.81,0.5838,0,1,19,0.3452,0,0,0,0,553,1,new_mule_fraud,0.8754
52c957c0-52f7-43b9-93ef-a06b8c91602e,2026-09-10T01:34:01.575512,RewardDesk,rewarddesk@demo,946.86,0.4789,0,1,16,0.2021,0,0,0,0,605,1,new_mule_fraud,0.8641
e8410296-ea67-4fb6-b4eb-9deb3af95c5b,2026-09-09T16:03:01.690288,RewardDesk,rewarddesk@demo,786.71,1.4336,0,1,8,0.4685,0,0,0,0,2039,0,genuine,
bdecea5f-bc18-47a3-b34e-c48b994c4ddf,2026-09-11T15:08:01.745257,QuickCash,quickcash@demo,7747.83,1.475,0,4,20,0.2332,0,0,0,0,874,0,genuine,
a2c8b855-7019-4c86-8192-6cda38e6a79b,2026-09-10T15:21:01.629777,RewardDesk,rewarddesk@demo,325.6,0.4728,0,1,3,0.3151,0,1,0,0,802,0,genuine,
14a46465-2e22-448e-be32-218430634cb3,2026-09-11T12:21:01.665965,Neha,neha@demo,6904.36,0.9695,0,1,19,0.4035,0,0,0,0,656,0,genuine,
436b1259-38d4-4d5d-9b6d-071cc2ba2cfb,2026-09-10T14:00:01.576483,RewardDesk,rewarddesk@demo,1681.43,1.8999,0,2,19,0.4353,0,0,1,0,1526,0,genuine,
7a70abe2-17f1-433a-b55a-470f130ce6c3,2026-09-11T15:06:01.693603,Rahul,rahul@demo,1639.91,2.0305,0,1,6,0.5346,0,0,0,0,1003,0,genuine,
1b78dc54-5265-4626-b43c-f0c2e521de71,2026-09-10T03:38:01.570684,Rahul,rahul@demo,1890.71,0.6636,0,2,10,0.391,0,0,1,1,1324,0,genuine,
64f66074-5625-449c-93d4-b2f0f8df6394,2026-09-12T04:01:01.704595,Neha,neha@demo,1552.6,0.5122,0,1,16,0.3972,0,0,0,1,2197,0,genuine,
e1395844-19f3-46ea-acd7-1b67edd7e00c,2026-09-12T10:58:01.680494,Rahul,rahul@demo,1178.0,0.2668,0,2,22,0.178,1,0,0,0,2181,0,genuine,
212d00ee-0a48-4d00-aeda-3587fea9cd5f,2026-09-11T11:03:01.632270,Neha,neha@demo,741.77,0.7385,0,0,19,0.5211,0,0,0,0,1685,0,genuine,
540966a9-94ce-4001-9220-34889a5d7a66,2026-09-09T17:36:01.549347,QuickCash,quickcash@demo,1622.89,1.6346,0,0,20,0.1401,0,0,1,0,726,0,genuine,
17bb825c-7d85-426a-8e46-ab8682a5c1f5,2026-09-10T03:27:01.750718,QuickCash,quickcash@demo,1490.65,0.2897,1,3,15,0.3833,0,0,0,0,2116,0,genuine,
b1f84653-16ac-40d9-92c8-34529039eb61,2026-09-09T18:02:01.741812,Rahul,rahul@demo,13282.87,2.2499,1,7,77,0.9463,2,1,3,1,203,1,old_fraud,
9311a666-de16-4b0b-aa86-6c28d7c4ddbc,2026-09-11T01:31:01.671453,Rahul,rahul@demo,1643.56,0.5331,1,3,2,0.0753,1,0,0,0,143,0,genuine,
2f1eff71-d5a2-4f3b-82dd-f181a2512cf7,2026-09-10T06:13:01.772138,Neha,neha@demo,1429.93,1.8427,0,2,7,0.4067,0,1,0,0,1259,0,genuine,
822fb499-06a6-4bc8-9358-36625193bb0d,2026-09-11T07:08:01.637938,RewardDesk,rewarddesk@demo,550.4,1.5017,0,3,24,0.1124,0,0,0,1,1149,0,genuine,
01ab2bb6-eef5-4576-8bd9-33d85e0ec1a4,2026-09-11T23:16:01.695393,Neha,neha@demo,585.77,0.4147,0,1,19,0.246,0,0,1,0,604,0,genuine,
4f797f91-3f14-4679-a34c-3d6c51a77740,2026-09-11T01:32:01.735992,RewardDesk,rewarddesk@demo,477.58,1.6666,0,1,10,0.0892,0,0,0,0,1266,0,genuine,
a1aec7d4-7247-46ec-bed0-f5f8be6114fe,2026-09-10T15:48:01.709193,Rahul,rahul@demo,1504.71,1.3605,0,0,20,0.4869,0,0,0,0,905,1,new_mule_fraud,0.8661
f09cda18-aedc-4e26-816c-510018a48058,2026-09-10T14:29:01.634659,RewardDesk,rewarddesk@demo,1861.8,1.9557,0,0,18,0.3026,0,0,1,0,2232,0,genuine,
37c404a5-1c48-4a50-9702-20013f73ccf7,2026-09-10T20:04:01.690574,Neha,neha@demo,903.34,1.1339,0,0,24,0.3073,0,0,0,0,1022,1,new_mule_fraud,0.8533
8cc8d002-97c2-469f-9a3c-f89e7c5c16eb,2026-09-09T18:14:01.633595,Rahul,rahul@demo,1237.81,1.2258,0,1,20,0.1113,1,1,0,0,1707,0,genuine,
b5f07c26-4b3a-44d1-bd20-aca1b92e5f2c,2026-09-11T11:37:01.627228,Rahul,rahul@demo,854.02,1.2555,0,2,9,0.1593,0,0,0,0,490,0,genuine,
01c4c3c2-6401-43bf-95f4-b2b3d31dd03f,2026-09-10T11:23:01.617465,RewardDesk,rewarddesk@demo,1640.83,1.3552,0,0,22,0.3928,0,0,0,0,1519,1,new_mule_fraud,0.9893
92c96db3-4036-4bde-a64e-9516eeff4047,2026-09-09T18:17:01.693177,Neha,neha@demo,3248.72,1.1796,1,3,2,0.1662,0,1,0,0,2123,0,genuine,
3fb0d607-6b82-47c6-95ca-8c9d1e66323e,2026-09-10T07:09:01.738861,RewardDesk,rewarddesk@demo,1106.27,1.1093,0,1,6,0.0569,0,0,0,0,2040,0,genuine,
93c88436-ac27-4801-a049-be0b8d037c43,2026-09-10T11:11:01.772566,RewardDesk,rewarddesk@demo,1395.71,0.7153,0,1,12,0.2824,0,0,0,0,1325,1,new_mule_fraud,0.9496
542fb1f7-e5f2-473b-a47b-a5e052a489f0,2026-09-11T11:28:01.761857,QuickCash,quickcash@demo,2222.31,0.3937,0,0,22,0.3091,0,0,0,0,1602,1,new_mule_fraud,0.9464
eebb989d-5086-4b8c-ab5d-df1a88b87f18,2026-09-10T16:57:01.774585,QuickCash,quickcash@demo,2374.0,1.5713,0,2,24,0.0693,0,0,0,0,2134,0,genuine,
56a9bc10-cc75-489f-8c8d-320e9a10ede5,2026-09-10T01:36:01.747262,Neha,neha@demo,25529.36,5.1439,0,5,59,0.9531,2,1,1,1,177,1,old_fraud,
1f3accff-4b10-4e22-9e98-1cbc8f88d1b1,2026-09-10T15:48:01.574417,Rahul,rahul@demo,921.26,1.6922,1,1,13,0.0521,0,0,0,0,1234,0,genuine,
e87dc610-2c58-4386-b74d-a3d4d5332cac,2026-09-09T23:26:01.641924,Rahul,rahul@demo,1611.03,2.009,0,0,18,0.0646,0,0,1,0,458,0,genuine,
ac27ab06-37d1-4eea-a824-395de8622cb6,2026-09-12T00:32:01.722482,QuickCash,quickcash@demo,38658.16,3.7843,0,4,55,0.9913,4,1,2,0,135,1,old_fraud,
1f97a2df-7df4-4563-a9e0-0d2a99d6917c,2026-09-12T06:01:01.616937,RewardDesk,rewarddesk@demo,3856.31,1.6344,1,0,11,0.335,0,0,0,0,1162,0,genuine,
36168ca2-ed78-4403-91ca-4c2d73ef5e59,2026-09-11T14:59:01.582607,Rahul,rahul@demo,2251.6,1.5164,0,2,3,0.1568,0,0,0,0,2497,0,genuine,
ebdeb587-d825-4453-a5ce-21cca67f27a1,2026-09-09T19:09:01.535230,Neha,neha@demo,5755.67,1.8578,0,1,24,0.3568,0,0,0,0,1782,0,genuine,
f675bac0-d1a9-4742-8d34-3da777a58b0e,2026-09-12T12:33:01.732088,RewardDesk,rewarddesk@demo,1889.58,0.477,0,0,20,0.2959,0,0,0,0,1291,1,new_mule_fraud,0.9992
95194929-eac3-49fe-ab6c-65a649cf4cb0,2026-09-11T00:43:01.540616,Neha,neha@demo,781.89,1.1549,0,2,21,0.4837,0,0,0,0,1897,0,genuine,
4598303f-1b89-401b-8338-00ee25a286e8,2026-09-11T07:04:01.735455,QuickCash,quickcash@demo,992.62,0.4659,0,0,7,0.4227,0,0,1,0,1746,0,genuine,
d9628816-fe50-47e3-9671-5bcd0a857033,2026-09-10T05:11:01.680236,RewardDesk,rewarddesk@demo,1760.71,0.4663,0,0,5,0.3809,0,0,0,0,469,1,new_mule_fraud,0.9851
bb5cfac1-1e6b-413d-8832-dfbe6187d5bf,2026-09-11T18:46:01.721738,Neha,neha@demo,1146.03,0.611,0,1,11,0.3136,1,0,0,0,2123,0,genuine,
bd5877a4-cc60-4006-b393-caa8a2850991,2026-09-11T07:18:01.692715,Rahul,rahul@demo,2995.78,0.2153,0,3,9,0.4336,0,0,1,0,847,0,genuine,
2cb7040a-e396-444a-9c65-c49132b312c7,2026-09-12T09:58:01.551813,RewardDesk,rewarddesk@demo,592.8,0.4788,0,3,15,0.2479,0,0,0,0,1867,0,genuine,
02210ba3-664c-448b-83d0-c35ae7043e87,2026-09-11T14:21:01.635707,Rahul,rahul@demo,749.69,0.9348,0,3,1,0.3557,0,0,1,0,1433,0,genuine,
73584516-e9f0-4b0f-ba22-01b552e53270,2026-09-10T03:28:01.668262,Neha,neha@demo,1350.49,1.1171,1,2,10,0.1603,0,0,0,0,1287,0,genuine,
7b499243-016c-402e-980e-fb31baeff1db,2026-09-11T21:46:01.638641,RewardDesk,rewarddesk@demo,2368.53,0.8957,0,0,7,0.0878,0,0,0,0,1626,0,genuine,
37127ac4-adea-4c0a-b0f1-94b37d3a8676,2026-09-12T11:42:01.631518,QuickCash,quickcash@demo,370.0,0.6909,1,1,4,0.3525,0,0,0,0,802,0,genuine,
e81df6bc-25ca-477d-af0f-8e084f4c4aaf,2026-09-10T06:02:01.759511,QuickCash,quickcash@demo,198.04,1.1351,0,0,1,0.0722,0,0,1,0,278,0,genuine,
aeff4b76-c2e6-4a0e-bd82-8783e8292f2e,2026-09-10T01:43:01.572903,Neha,neha@demo,644.6,0.7714,0,0,22,0.3981,1,1,0,0,2037,0,genuine,
1eea6ed7-763a-4700-a2ae-13ad16cfd7e9,2026-09-10T02:17:01.732192,QuickCash,quickcash@demo,1677.38,0.4483,0,0,16,0.1248,0,0,0,0,1236,0,genuine,
855441b9-9044-43d4-b8c4-47002bd4601c,2026-09-11T06:09:01.709904,Rahul,rahul@demo,3913.3,1.5222,0,0,24,0.5061,0,0,0,0,539,0,genuine,
6e6de289-f31f-4371-82b5-f380ff4ea74f,2026-09-09T21:24:01.707577,Neha,neha@demo,2363.0,0.5601,1,2,14,0.4606,0,0,1,0,1090,0,genuine,
145dd7ff-b9ca-4665-9b02-891ea9ab8b39,2026-09-11T17:25:01.746469,RewardDesk,rewarddesk@demo,28908.19,4.1514,1,4,64,0.9385,4,0,1,0,65,1,old_fraud,
b6a8efa5-67c2-4107-88c2-ef2d5e037faa,2026-09-10T21:16:01.733246,RewardDesk,rewarddesk@demo,996.69,1.3935,0,1,21,0.4743,0,0,0,0,708,1,new_mule_fraud,0.8763
effe26eb-de89-45f3-8143-cedae562b1cc,2026-09-12T04:56:01.552224,Neha,neha@demo,3456.78,0.971,0,0,21,0.3533,0,0,0,0,582,0,genuine,
d5461a47-ce6b-4879-8a60-162b85b87805,2026-09-11T23:03:01.630626,RewardDesk,rewarddesk@demo,1266.59,1.482,1,0,1,0.255,0,1,0,0,1204,0,genuine,
2fc27282-8701-479d-954c-d0b0cb144460,2026-09-10T23:28:01.737329,RewardDesk,rewarddesk@demo,5031.32,1.4693,1,1,22,0.2767,0,0,0,0,1895,0,genuine,
737bce3e-8c72-4cbc-870d-9631634b1ac6,2026-09-12T13:10:01.657288,RewardDesk,rewarddesk@demo,3276.61,0.3506,0,1,19,0.3883,0,0,0,0,530,0,genuine,
da011832-d18c-436d-b959-1c742c70efff,2026-09-10T03:22:01.533321,Rahul,rahul@demo,1432.28,0.2867,0,2,15,0.2377,0,0,0,0,2432,0,genuine,
f1fdafa7-7b10-489c-bf06-6406414365fc,2026-09-12T02:43:01.632883,Neha,neha@demo,567.1,0.9136,0,3,15,0.308,0,0,0,1,2188,0,genuine,
4c510747-ca77-4af6-9529-011091bf42f6,2026-09-11T19:46:01.746679,Neha,neha@demo,5718.12,0.2011,1,0,12,0.1734,0,1,0,0,457,0,genuine,
59ec6202-2c4c-4563-a101-8800e77d90f8,2026-09-10T10:02:01.760744,QuickCash,quickcash@demo,1251.51,0.2947,0,1,18,0.1973,0,0,0,0,780,0,genuine,
ec1ab19c-6b85-4d36-aa42-c52ef72975e2,2026-09-11T21:37:01.551230,QuickCash,quickcash@demo,1857.25,1.2529,0,0,4,0.312,0,0,0,0,1882,0,genuine,
7fb7cdcb-bfe7-4fd9-a355-4b2a4d7bf044,2026-09-11T11:21:01.688182,RewardDesk,rewarddesk@demo,1381.03,2.0924,0,1,9,0.1571,0,0,0,0,1172,0,genuine,
dfcc8673-ab97-45a6-8c2e-a0f52517095c,2026-09-12T01:19:01.782378,Rahul,rahul@demo,2385.37,0.8215,0,1,12,0.0568,0,1,0,0,273,0,genuine,
7a8530e7-a526-49d7-ac4f-7c5266f387fd,2026-09-11T04:17:01.556304,QuickCash,quickcash@demo,3342.76,0.8229,1,4,6,0.1303,0,0,0,0,195,0,genuine,
437a2fbc-ea0c-4401-b185-77b1737415fd,2026-09-11T23:17:01.683119,Rahul,rahul@demo,1919.87,1.774,0,1,20,0.3417,0,0,0,0,2182,0,genuine,
7c969bd4-dd1d-4ce4-9c0b-6b744512c4e8,2026-09-09T13:53:01.675837,QuickCash,quickcash@demo,1503.39,1.7366,0,1,9,0.1037,0,0,0,0,2466,0,genuine,
4efcabbc-6997-4df7-88e3-5a9626a43324,2026-09-11T12:02:01.706004,Neha,neha@demo,8488.63,1.9482,0,0,10,0.5103,0,0,0,1,1248,0,genuine,
8f0fc59f-f2d7-4931-b282-a54e0e652352,2026-09-10T21:08:01.567882,Neha,neha@demo,1149.42,0.5217,0,3,11,0.4215,0,0,1,1,1571,0,genuine,
eb3fbaff-e832-4dd9-ac19-0ec2ce2a2233,2026-09-11T06:35:01.677866,RewardDesk,rewarddesk@demo,3022.35,0.3678,0,1,14,0.1494,0,0,0,0,1994,0,genuine,
7ef66997-edd9-49dd-9547-be3fb69b8429,2026-09-11T20:09:01.721949,Neha,neha@demo,1461.18,1.6163,0,3,11,0.2529,0,0,1,0,1571,0,genuine,
072f6b6a-472c-4897-9c63-a9b090189b3e,2026-09-10T15:27:01.651406,Neha,neha@demo,7542.58,1.5797,0,1,21,0.0616,0,0,0,0,2146,0,genuine,
90b82def-97ee-428c-9f15-f252545f5eef,2026-09-09T15:29:01.568040,Rahul,rahul@demo,403.34,0.4783,0,0,22,0.1789,0,1,1,0,1488,0,genuine,
464b3e72-6327-4742-bb93-dc3c6f5b706c,2026-09-10T01:45:01.549160,Neha,neha@demo,2659.24,0.2249,0,0,12,0.5159,0,0,0,1,443,0,genuine,
5cd87646-1073-4418-8b90-93f4509e288f,2026-09-09T20:57:01.643235,Neha,neha@demo,1110.81,2.1744,0,1,20,0.2316,0,0,1,0,1017,0,genuine,
1f43d2a9-1d39-49f6-86c3-feb337b9fb92,2026-09-09T13:45:01.739872,Rahul,rahul@demo,3511.67,0.8843,0,1,14,0.4354,0,0,0,0,1675,0,genuine,
967dbd34-a573-42c7-b5a1-ad963e898fdc,2026-09-10T14:03:01.527041,RewardDesk,rewarddesk@demo,9838.42,1.2325,0,1,24,0.3569,0,0,0,0,2337,0,genuine,
fbcc7764-6123-4acb-9452-642b10573535,2026-09-12T07:04:01.704218,QuickCash,quickcash@demo,1026.37,1.8131,1,3,20,0.3593,0,0,0,0,1487,0,genuine,
1e6cdd29-1d08-4a5a-85a9-6b4a3752f0e7,2026-09-12T12:06:01.766395,Neha,neha@demo,1968.26,1.6183,1,1,8,0.0874,0,0,0,0,741,0,genuine,
57a87fd3-144b-45d6-a13a-5113fbe7f3a0,2026-09-11T07:37:01.737853,Rahul,rahul@demo,1398.41,1.2212,1,1,5,0.0886,0,0,0,0,1065,0,genuine,
79596886-eb3c-447b-933c-cc04eb98f7e7,2026-09-09T23:48:01.680328,Neha,neha@demo,42167.55,4.0049,1,4,64,0.9978,4,1,3,1,162,1,old_fraud,
879c42f9-dfcd-4cf5-8b60-7b45f7b987a1,2026-09-11T01:43:01.783643,Neha,neha@demo,1203.74,2.0691,0,1,23,0.2474,0,0,1,0,1434,0,genuine,
67c014e9-6e9e-48fd-a27f-41f82896f5c2,2026-09-10T08:01:01.589879,Neha,neha@demo,2423.26,0.4461,0,2,16,0.082,0,0,0,0,2108,0,genuine,
480ce5e8-2a41-4067-867e-efffd2348458,2026-09-11T13:07:01.757099,RewardDesk,rewarddesk@demo,1830.27,1.3136,0,1,1,0.3492,0,0,0,0,462,0,genuine,
53c46473-53e0-4402-87ba-cdeb10ac7ee6,2026-09-09T22:51:01.763019,Neha,neha@demo,1563.59,1.6161,0,0,15,0.221,0,0,0,0,258,0,genuine,
13b00cd9-78bf-44b6-b8d0-6e91bc8bb6ab,2026-09-11T10:59:01.645963,QuickCash,quickcash@demo,1458.55,1.7591,0,2,15,0.2932,0,1,1,0,832,0,genuine,
8d46b542-72ab-4813-b3b5-ede419202868,2026-09-10T03:10:01.637444,RewardDesk,rewarddesk@demo,913.07,1.8785,0,1,21,0.1326,0,0,0,0,2408,0,genuine,
9f19ca8a-f5af-4d7b-903d-c9b6e7802699,2026-09-11T10:11:01.777168,QuickCash,quickcash@demo,2542.18,0.521,0,1,7,0.2846,0,0,0,0,722,1,new_mule_fraud,0.9609
557a66b7-ea03-41b1-b0ab-0b6d76d80186,2026-09-12T10:57:01.682475,Rahul,rahul@demo,4226.33,1.8358,0,0,13,0.2411,0,0,0,0,502,0,genuine,
c1d60bbe-6321-4adf-b10f-d3c9a58b4d41,2026-09-11T04:01:01.678433,QuickCash,quickcash@demo,2193.49,0.8938,0,1,6,0.0908,0,0,1,0,1968,0,genuine,
560ebcd0-0362-4645-9ee3-4678763ae52f,2026-09-12T01:51:01.627016,Neha,neha@demo,37892.77,4.6368,1,7,39,0.701,1,0,3,0,143,1,old_fraud,
576d0c85-21f7-48b2-8039-ca0d15fbf86a,2026-09-09T14:28:01.782431,QuickCash,quickcash@demo,1072.13,1.6876,0,0,9,0.3139,0,0,1,0,1794,0,genuine,
fb38187a-80b1-4e3f-a3c4-ff880354428b,2026-09-09T22:00:01.729175,RewardDesk,rewarddesk@demo,1217.07,0.3617,0,0,7,0.1761,0,0,1,0,1170,0,genuine,
f26c8906-15af-4ccb-bf82-dd8fe8510309,2026-09-09T19:35:01.609598,Rahul,rahul@demo,1923.75,0.3283,0,0,2,0.3147,0,1,0,0,754,0,genuine,
1cccd557-e351-4518-92c7-8ad79fe942fa,2026-09-10T17:11:01.555732,Rahul,rahul@demo,165.84,1.4274,0,2,4,0.5007,0,0,0,0,1896,0,genuine,
bdc6ee5a-a0be-44dc-bef0-b26df5576e45,2026-09-10T14:06:01.567255,RewardDesk,rewarddesk@demo,1229.11,0.6795,1,1,20,0.2992,0,0,0,0,1633,0,genuine,
87f9f210-c79a-4f6e-8d10-f9579cf0ca24,2026-09-10T18:50:01.653002,QuickCash,quickcash@demo,2436.74,2.1208,0,0,12,0.4373,0,0,0,0,1406,0,genuine,
551f409d-76b3-4317-8da7-7fffb872e23d,2026-09-12T13:19:01.780977,Rahul,rahul@demo,26871.27,2.4404,1,5,64,0.7838,4,0,1,1,214,1,old_fraud,
3f314a7d-eca4-40fc-880a-ed4e0ccf7bfb,2026-09-10T15:19:01.638693,Neha,neha@demo,191.87,0.4671,0,2,2,0.1072,0,0,0,0,1246,0,genuine,
05622cbc-794d-4a7c-b414-2c4c04ee6a20,2026-09-10T00:13:01.692035,RewardDesk,rewarddesk@demo,2210.2,0.9472,0,0,5,0.3467,0,0,0,0,2346,0,genuine,
5a0ed73a-cdce-4d7f-87b3-1054e39530c3,2026-09-12T04:53:01.536109,Neha,neha@demo,1489.43,0.8786,0,1,19,0.3295,0,0,0,0,489,0,genuine,
5b86efdb-9bce-46b7-ab5c-239409fc7a3a,2026-09-10T00:01:01.631360,Rahul,rahul@demo,1164.8,0.954,0,1,20,0.2466,0,0,0,0,1819,0,genuine,
ad44d612-840a-439d-be7d-595b0b262432,2026-09-12T02:36:01.676380,Rahul,rahul@demo,1672.7,1.9221,0,2,6,0.3943,0,0,1,0,357,0,genuine,
e601d895-7974-4677-b457-14239805e8b2,2026-09-12T01:27:01.645590,RewardDesk,rewarddesk@demo,1479.08,1.5137,0,1,17,0.067,0,1,0,1,1426,0,genuine,
46d49d2c-034e-4eba-93c5-d3e7a1676cbe,2026-09-12T01:41:01.657497,Neha,neha@demo,2128.32,1.216,0,3,19,0.1259,0,0,0,0,586,0,genuine,
090c34f4-b209-4716-9f05-9b186c125ed6,2026-09-12T01:13:01.781123,QuickCash,quickcash@demo,879.39,2.0657,1,0,4,0.4543,0,1,0,0,2480,0,genuine,
abe6e2c0-38a6-4490-a18e-5727ec83ee50,2026-09-10T16:30:01.576726,Rahul,rahul@demo,32257.18,5.2483,1,4,75,0.8722,2,1,2,0,149,1,old_fraud,
b3d95618-dfeb-4928-9eea-1571c6db0613,2026-09-11T12:51:01.751296,RewardDesk,rewarddesk@demo,1192.84,1.2486,0,1,22,0.1834,0,0,1,0,1682,0,genuine,
28cc900d-930c-4e09-b870-4063fcef47a9,2026-09-09T17:01:01.602145,Neha,neha@demo,693.83,1.393,0,4,19,0.4736,0,0,1,0,1107,0,genuine,
a7310dd6-66e6-4522-9c92-3ce6af1d1191,2026-09-12T04:59:01.726491,Neha,neha@demo,1255.12,0.9016,0,1,6,0.4328,0,0,0,0,800,0,genuine,
6db4dab4-f272-4cec-8fbb-6699ef01fdac,2026-09-10T05:43:01.749591,Neha,neha@demo,1979.37,1.1411,1,1,14,0.2123,0,0,0,0,1317,0,genuine,
5f16402b-afc9-45a6-ad9f-1eb728c38149,2026-09-09T21:48:01.617159,QuickCash,quickcash@demo,774.1,1.1323,0,0,20,0.3009,0,0,0,0,2107,0,genuine,
592a8011-d594-41c3-905a-2fea9fc42342,2026-09-11T07:57:01.714377,RewardDesk,rewarddesk@demo,1356.49,0.6791,0,1,24,0.5322,0,0,1,0,2057,0,genuine,
c0b5c704-fad7-4894-941f-e59533790f65,2026-09-09T22:23:01.632013,RewardDesk,rewarddesk@demo,1048.92,0.8692,0,3,1,0.5287,0,0,0,0,671,0,genuine,
9c444592-94d5-4a83-a60a-8f1b848a00ab,2026-09-09T22:52:01.619151,Rahul,rahul@demo,219.23,1.4471,0,3,15,0.2912,0,0,0,0,1754,0,genuine,
6b592f39-1866-40fd-8864-497a1b7e5424,2026-09-09T22:11:01.612395,Neha,neha@demo,746.57,1.1009,0,0,12,0.4098,0,0,1,0,769,0,genuine,
039ca044-1dcd-40c1-ad2e-3f438bc5df86,2026-09-10T03:44:01.704650,Rahul,rahul@demo,3131.67,1.4981,0,0,13,0.5464,0,0,1,0,2126,0,genuine,
f7754a16-b150-4473-bb7b-064b8bd72ac5,2026-09-11T13:01:01.694652,Rahul,rahul@demo,3409.9,0.9292,0,4,6,0.3713,0,0,1,0,1422,0,genuine,
8677786e-8168-4ba5-b91c-af9077e32a25,2026-09-11T17:32:01.636596,Rahul,rahul@demo,2486.89,0.4045,0,2,10,0.3003,0,0,0,0,2479,0,genuine,
67cbcf02-c788-4ff0-815a-26169b07137c,2026-09-11T20:20:01.692243,Rahul,rahul@demo,12504.27,2.0577,1,7,32,0.9814,2,0,3,0,41,1,old_fraud,
963eccfa-780b-4404-9b2f-8eea8add92e6,2026-09-11T22:19:01.594498,RewardDesk,rewarddesk@demo,364.74,2.1303,0,0,11,0.1513,0,0,0,0,1029,0,genuine,
38274f9a-f3fb-472c-9c2c-858a84bb2470,2026-09-11T09:35:01.574006,Rahul,rahul@demo,28660.35,2.2116,0,6,64,0.8211,2,0,2,1,234,1,old_fraud,
e1fc3339-5651-44a5-8524-918f5f0592d6,2026-09-10T14:47:01.662349,QuickCash,quickcash@demo,1710.1,0.4449,1,3,4,0.2963,0,0,0,0,2257,0,genuine,
1676295d-2162-4702-90b1-786e7e47df58,2026-09-09T22:29:01.658067,QuickCash,quickcash@demo,315.39,1.9541,0,3,19,0.4296,0,0,0,0,1096,0,genuine,
54cfda4b-9d86-44d4-90ae-b75eac56a2d6,2026-09-11T12:15:01.706944,QuickCash,quickcash@demo,1064.53,2.073,0,0,6,0.1638,0,0,0,0,1054,0,genuine,
c35f8534-1d03-4b4f-a551-f5553b879c60,2026-09-11T04:45:01.537187,Rahul,rahul@demo,11805.59,1.6703,0,1,13,0.5008,0,0,0,0,2315,0,genuine,
4adcd92b-4092-42b0-b78a-e17bbeb1c800,2026-09-09T18:06:01.745718,RewardDesk,rewarddesk@demo,888.94,0.8283,0,2,18,0.4196,0,0,0,0,905,0,genuine,
65550794-c163-4838-8825-67e7abc1f330,2026-09-10T14:21:01.669055,Neha,neha@demo,2929.24,0.9297,0,0,3,0.3689,0,0,0,0,873,0,genuine,
7d5460e1-ff46-48d4-b16a-fa0547992d25,2026-09-11T07:30:01.589248,RewardDesk,rewarddesk@demo,447.06,1.8351,0,1,23,0.137,0,0,0,0,1068,0,genuine,
b1397837-08bf-4aa6-a785-f7daef7698e5,2026-09-12T01:09:01.549766,Neha,neha@demo,1527.64,1.0778,0,0,18,0.221,0,0,0,0,164,0,genuine,
975b03fe-f780-48c5-be06-f595d4f735f6,2026-09-10T23:06:01.637696,Neha,neha@demo,323.03,1.7836,0,3,23,0.4081,0,0,0,0,2109,0,genuine,
30d453bb-c0ac-4407-bfbc-debd90fabdf5,2026-09-12T10:50:01.730434,Rahul,rahul@demo,2001.43,0.6485,0,2,3,0.5176,0,0,0,0,581,0,genuine,
dd3ed84a-f806-49f5-a029-1826f1286b46,2026-09-10T17:27:01.736047,Rahul,rahul@demo,363.87,1.1888,1,2,8,0.1843,0,0,0,0,774,0,genuine,
3684af3e-c089-44d6-bdcf-56314d5c5ef3,2026-09-11T22:53:01.544563,Rahul,rahul@demo,952.84,1.6575,0,2,17,0.158,0,1,0,1,1138,0,genuine,
7d7f7aa8-2ef3-42f7-bda1-14e154393852,2026-09-10T01:39:01.753274,RewardDesk,rewarddesk@demo,1919.28,1.1234,0,1,22,0.4473,0,1,0,1,1757,1,new_mule_fraud,0.971
3c8b6672-0a50-4ac6-b839-5941422e0f74,2026-09-11T03:04:01.650633,Rahul,rahul@demo,5143.84,1.5542,0,0,23,0.2862,0,0,0,1,946,0,genuine,
dbc73ca3-259f-48fe-bab8-149bd3c330a2,2026-09-12T01:38:01.714146,RewardDesk,rewarddesk@demo,1910.45,1.1463,0,0,15,0.3228,0,0,0,0,2021,0,genuine,
d712e74f-286c-40be-a569-42b484206e02,2026-09-10T08:28:01.598508,RewardDesk,rewarddesk@demo,1642.44,1.9133,0,1,4,0.3908,0,0,0,0,674,0,genuine,
5a925905-6306-4c3b-adfc-9fad82274c46,2026-09-10T03:22:01.619703,RewardDesk,rewarddesk@demo,2855.76,1.4365,0,1,9,0.3563,0,1,0,0,509,1,new_mule_fraud,0.999
47a5f45e-c559-456d-943a-807d1ed567f0,2026-09-09T19:40:01.779525,Neha,neha@demo,2270.01,0.9571,0,1,8,0.2959,0,0,0,1,1553,0,genuine,
3f21479d-5ac9-4ab8-939b-b32e62c379c3,2026-09-11T04:26:01.592312,Rahul,rahul@demo,134.52,1.6662,0,0,9,0.5059,0,0,1,0,2093,0,genuine,
5df99726-f3a0-4939-b477-3a429843534e,2026-09-11T21:17:01.707300,Neha,neha@demo,1595.51,0.377,0,2,21,0.4441,0,0,0,0,2150,0,genuine,
1e958ec5-7f0a-45af-9f34-747951d69def,2026-09-10T22:01:01.529599,Neha,neha@demo,1245.97,1.3432,0,3,24,0.1695,0,0,0,0,261,0,genuine,
66779f45-0998-4126-913e-b2910cd31dea,2026-09-11T08:45:01.619545,RewardDesk,rewarddesk@demo,1860.81,0.3175,0,1,9,0.3598,0,0,0,0,1784,1,new_mule_fraud,0.9412
304fece0-660c-48d1-b630-a3bdb414c07d,2026-09-10T05:33:01.640267,Neha,neha@demo,1364.22,0.3569,0,0,10,0.2292,0,0,0,0,2160,0,genuine,
0f8bebdb-195e-41d0-b52a-bcc2a5131e53,2026-09-12T04:04:01.710847,QuickCash,quickcash@demo,1694.78,1.1889,1,2,13,0.4294,0,0,0,0,1210,0,genuine,
0d7eb139-a531-4c93-8c0f-d1ab9fda4ed7,2026-09-12T10:20:01.551324,RewardDesk,rewarddesk@demo,841.95,1.8813,0,0,10,0.5488,0,0,0,0,876,0,genuine,
0bf13dfd-49ee-4274-8638-521602ef6999,2026-09-12T08:13:01.593569,Neha,neha@demo,1171.48,0.3601,0,0,13,0.1962,0,0,0,0,2045,0,genuine,
9a5a1944-0d50-4802-83fc-ec9ce8e91f88,2026-09-09T17:00:01.623928,Rahul,rahul@demo,2041.4,1.9919,0,2,15,0.1465,0,0,0,0,564,0,genuine,
f02b091a-9062-4375-a9c3-5ff99a9f2354,2026-09-11T16:06:01.732557,RewardDesk,rewarddesk@demo,1544.25,0.7445,0,2,24,0.2516,0,0,0,0,1830,0,genuine,
ba8fde73-a37d-4133-abbd-d1a279ee6807,2026-09-11T01:33:01.640358,RewardDesk,rewarddesk@demo,3080.05,1.4017,0,0,7,0.174,0,0,0,0,792,1,new_mule_fraud,0.9217
dd0df26c-fabb-4368-bc88-e19a3bb84180,2026-09-11T19:16:01.710363,Neha,neha@demo,1057.27,2.0635,0,0,17,0.0602,0,0,0,0,323,0,genuine,
9efb9ca4-18f4-47d1-8d59-80af23bd2a85,2026-09-10T19:11:01.714476,Rahul,rahul@demo,7969.33,0.6466,0,0,1,0.4862,0,0,0,0,205,0,genuine,
582cafd1-a6ea-4ecd-bfd2-f77814e266b6,2026-09-12T08:11:01.548730,Neha,neha@demo,1905.48,1.7563,0,0,3,0.5441,0,0,1,0,863,0,genuine,
f2cf8879-75c8-49f1-ad41-41387fdb88b9,2026-09-11T09:47:01.715461,Rahul,rahul@demo,1289.31,1.2368,0,0,7,0.1729,0,0,1,0,1233,0,genuine,
2fbb2c3b-8130-44dd-899c-2ab78fdcc291,2026-09-11T07:30:01.592021,RewardDesk,rewarddesk@demo,517.72,1.7902,0,1,22,0.0954,0,0,1,0,2139,0,genuine,
a06ee499-0cc3-4ad2-ad28-bf1094c42af3,2026-09-11T19:35:01.590154,QuickCash,quickcash@demo,276.08,0.4826,0,2,12,0.262,0,1,1,0,457,0,genuine,
ba3c2859-9d9e-4b7b-9b36-4c5784511fbc,2026-09-11T12:24:01.766446,Rahul,rahul@demo,752.04,0.8563,0,1,18,0.1309,0,1,0,0,1678,0,genuine,
12a85941-e1ef-405f-9f08-2e746c4e8d97,2026-09-11T23:23:01.663290,QuickCash,quickcash@demo,1812.27,0.7276,0,1,13,0.2167,0,0,0,0,312,0,genuine,
03783292-4582-4e4c-8ee4-5f4195d9a52d,2026-09-12T02:46:01.700212,Neha,neha@demo,6143.56,1.0713,0,3,12,0.1064,0,0,0,0,1841,0,genuine,
71ab700a-b7f9-4a36-af43-6eb1ea4ec005,2026-09-11T00:33:01.639626,Neha,neha@demo,1342.63,1.4302,0,2,10,0.1162,0,0,0,0,210,0,genuine,
b01e6c11-c58f-4804-ab44-5d5e3272d06d,2026-09-12T08:07:01.704765,RewardDesk,rewarddesk@demo,288.88,0.7068,0,0,21,0.3214,0,0,0,0,1048,0,genuine,
7171caaf-8d41-407a-bcc5-55cdac109d26,2026-09-09T23:39:01.656028,RewardDesk,rewarddesk@demo,1234.51,2.0146,0,2,9,0.513,0,0,0,0,2292,0,genuine,
39a238a4-1111-4e0c-b10e-ae37c88a9cfc,2026-09-09T16:02:01.721791,Neha,neha@demo,785.17,0.4364,0,0,21,0.3419,0,0,0,0,1675,0,genuine,
05163c2f-bd39-4e99-a0b1-2cd44f2643d9,2026-09-11T05:02:01.766341,Rahul,rahul@demo,3222.32,1.5383,0,3,6,0.0549,0,0,0,0,235,0,genuine,
6f96e6b5-fa23-40cc-8632-3a1e702de1d0,2026-09-10T09:46:01.696403,Rahul,rahul@demo,1413.71,1.4558,0,2,13,0.4541,0,0,0,0,701,0,genuine,
e187e85e-d285-459c-99bf-0eeb877b1118,2026-09-09T17:38:01.570894,Rahul,rahul@demo,1699.8,1.3567,0,0,22,0.162,0,1,0,0,1089,1,new_mule_fraud,0.982
cfca920c-4842-43dc-a4e8-e4fa1b115ed9,2026-09-09T16:02:01.724585,QuickCash,quickcash@demo,1093.31,1.8793,0,2,6,0.2545,0,0,0,0,2370,0,genuine,
db520934-5c42-42ac-bb83-6e5a9afda410,2026-09-10T21:48:01.673784,Rahul,rahul@demo,2962.88,0.5129,0,0,13,0.1182,0,0,0,0,1362,1,new_mule_fraud,0.9285
75a81a14-7106-47dd-b15c-2c58286001fd,2026-09-11T11:16:01.693551,RewardDesk,rewarddesk@demo,1153.95,1.2318,0,1,12,0.2688,0,0,0,0,2090,0,genuine,
5005cc5e-6688-44b0-ac92-054ba2460e8f,2026-09-11T14:48:01.768568,QuickCash,quickcash@demo,1511.82,1.5231,0,3,8,0.3425,0,0,0,1,2153,0,genuine,
a92de334-eaf8-41a9-904d-bd308a42bdc7,2026-09-10T01:59:01.667773,Rahul,rahul@demo,2197.08,1.2584,0,0,9,0.2012,0,0,0,0,398,0,genuine,
c61b50db-bb0d-4589-b24a-f881ef55b08f,2026-09-12T09:11:01.614659,Rahul,rahul@demo,338.6,1.2858,0,2,13,0.3943,0,1,0,0,1098,0,genuine,
bb48bf7c-88f9-4425-b393-38c5b943e0d3,2026-09-11T23:06:01.655086,Rahul,rahul@demo,2196.59,1.6658,0,0,19,0.5438,0,0,0,0,817,0,genuine,
4fdf5919-a1ce-433d-a871-7212400f86a3,2026-09-10T16:29:01.680383,Neha,neha@demo,599.27,2.0164,0,2,18,0.3917,0,0,0,1,2304,0,genuine,
35f487fd-40d3-444c-8752-4ebe6c8cf5ce,2026-09-11T21:49:01.784176,RewardDesk,rewarddesk@demo,2568.7,0.4874,0,0,10,0.2566,0,0,0,0,1025,0,genuine,
d4f09e32-e187-4513-a45c-fd216716d6a7,2026-09-11T03:58:01.621029,RewardDesk,rewarddesk@demo,2531.0,1.4557,1,0,12,0.3607,0,0,0,0,1206,1,new_mule_fraud,0.9841
922d0c70-a240-4ce6-84fd-88885ed9fbc8,2026-09-11T07:16:01.699711,Rahul,rahul@demo,4755.8,1.4856,0,2,9,0.1053,0,0,0,0,1379,0,genuine,
10c4ffc9-13fd-4755-b1c7-470d89e56cff,2026-09-11T02:00:01.759669,Rahul,rahul@demo,325.43,1.7307,0,3,2,0.1063,0,0,0,1,534,0,genuine,
7f2fdf22-a6e2-493b-8e1b-6718a7724f3d,2026-09-10T07:27:01.584785,RewardDesk,rewarddesk@demo,1887.08,1.1386,0,1,8,0.3352,0,0,0,0,1674,1,new_mule_fraud,0.8641
214bffa4-1116-4f17-8d44-ebeeb7ff6c1c,2026-09-10T15:52:01.654977,QuickCash,quickcash@demo,495.77,1.912,1,1,13,0.4931,0,1,0,0,564,0,genuine,
7ca933b3-94cd-42fb-9519-f2af468c1bf8,2026-09-11T02:35:01.735195,RewardDesk,rewarddesk@demo,2055.11,1.4796,0,1,10,0.1435,0,0,0,0,827,1,new_mule_fraud,0.8629
ef7614e6-4a06-49f7-901a-fc8272facc63,2026-09-11T04:48:01.584007,RewardDesk,rewarddesk@demo,1761.48,0.9105,0,0,12,0.3574,0,0,0,0,1350,1,new_mule_fraud,0.9273
ba48a39c-4961-4f8a-9e3e-d9081dc3af38,2026-09-12T06:34:01.590302,RewardDesk,rewarddesk@demo,484.25,0.2735,1,1,15,0.1544,0,0,0,1,2282,0,genuine,
a935ca58-903f-4da7-a4c9-9c71e7f6b01e,2026-09-11T15:23:01.527895,RewardDesk,rewarddesk@demo,1588.12,2.1722,0,3,2,0.3455,0,0,0,1,1659,0,genuine,
42b8d9a5-672d-4987-acfa-064d3ecdc959,2026-09-10T11:10:01.689950,RewardDesk,rewarddesk@demo,1887.28,1.9344,0,0,12,0.1366,0,0,0,0,811,0,genuine,
b23c645f-c98e-4b1e-8ff0-eb070e929a86,2026-09-10T06:01:01.667430,QuickCash,quickcash@demo,1426.2,2.1554,0,1,20,0.265,0,0,1,0,1993,0,genuine,
afd4b2e5-8309-4333-a535-eea7c33079a3,2026-09-12T07:16:01.703274,QuickCash,quickcash@demo,495.83,2.0986,1,0,3,0.2969,0,0,0,1,2229,0,genuine,
82c50b1d-7c43-400f-b9fb-070351635cad,2026-09-11T10:47:01.675778,Neha,neha@demo,1757.14,1.1844,0,2,11,0.2176,0,0,0,0,387,0,genuine,
fca6f8c7-0183-47fd-a34a-885006dd9521,2026-09-11T07:37:01.629838,RewardDesk,rewarddesk@demo,1699.66,0.7376,0,2,19,0.3772,0,0,0,0,1067,0,genuine,
e6f0169b-d6f6-470c-bfde-96cefac5f241,2026-09-11T11:14:01.707083,Rahul,rahul@demo,1662.67,0.8749,1,2,14,0.1268,0,0,0,0,400,0,genuine,
4ed12f0f-e4fa-42ae-a3dd-a363f5c65bf3,2026-09-11T02:35:01.642869,Neha,neha@demo,580.82,1.6177,0,0,6,0.3751,0,0,0,0,355,0,genuine,
2247fd98-0527-4a0d-8558-9f11f9aaa01f,2026-09-12T00:34:01.634502,Neha,neha@demo,2514.12,1.1159,0,2,17,0.2205,0,1,0,0,599,0,genuine,
972cdef7-5c58-4ec7-a49f-f314b9d2cc16,2026-09-11T21:37:01.657608,Neha,neha@demo,3075.97,1.8754,0,1,8,0.223,0,0,0,0,426,0,genuine,
6363fa91-d149-43a5-a852-36b76216fd77,2026-09-11T07:11:01.588734,Neha,neha@demo,10933.27,3.5568,0,6,39,0.8585,4,1,3,1,160,1,old_fraud,
4b3ead4b-54a8-4a4a-96ff-41baf1c56107,2026-09-10T20:09:01.573105,RewardDesk,rewarddesk@demo,811.09,0.3095,0,1,17,0.1019,0,1,0,0,869,1,new_mule_fraud,0.9039
e618d00c-5c32-495c-81dd-a520bfbe7bb6,2026-09-12T13:24:01.671655,QuickCash,quickcash@demo,587.18,1.5124,0,3,2,0.219,0,0,0,0,2345,0,genuine,
7646d4cb-bd1f-49a1-8420-eacff833d8d9,2026-09-10T05:02:01.633187,QuickCash,quickcash@demo,948.2,1.9394,0,0,11,0.4607,0,1,0,0,2263,0,genuine,
6c1a5015-e002-4c43-b59f-2bf68c332abe,2026-09-11T17:46:01.773893,RewardDesk,rewarddesk@demo,1166.81,0.2938,1,0,13,0.057,0,1,0,0,823,0,genuine,
d9fba3fc-7a46-411e-8082-5031be5d9b15,2026-09-09T23:06:01.601181,Rahul,rahul@demo,2845.58,0.2026,0,0,20,0.2964,0,0,0,0,1788,0,genuine,
3f1d5e8e-e5ad-473c-ae2a-d376e8d78d1a,2026-09-10T00:19:01.559905,RewardDesk,rewarddesk@demo,644.36,1.4566,1,3,20,0.2444,0,0,0,0,1163,0,genuine,
414d6917-147b-41b7-b5d1-0cabe10b0fbf,2026-09-09T14:22:01.614039,Rahul,rahul@demo,303.36,0.7011,0,1,10,0.2698,0,1,0,0,276,0,genuine,
2602862c-f291-4597-9917-1516363657b9,2026-09-09T21:26:01.720700,Rahul,rahul@demo,817.66,0.8118,0,2,4,0.2083,0,0,1,0,2093,0,genuine,
3d6072f2-23a5-4e0b-89d8-62a7412a8271,2026-09-09T21:19:01.762379,Neha,neha@demo,1034.65,1.5217,0,0,6,0.3595,1,0,0,0,1201,0,genuine,
625d01db-6042-4200-b379-6a29e3612b24,2026-09-12T00:53:01.762063,Rahul,rahul@demo,656.17,1.0309,1,2,19,0.2837,0,0,0,0,2340,0,genuine,
b358a321-699c-415b-87d3-550390cfcc71,2026-09-11T08:35:01.767084,Rahul,rahul@demo,1311.12,1.4725,0,3,17,0.1999,0,0,1,0,1367,0,genuine,
19ae767f-76a1-440f-848e-f2f9f9280c6b,2026-09-09T16:09:01.715836,RewardDesk,rewarddesk@demo,3085.83,0.608,0,0,6,0.3597,0,0,0,0,280,0,genuine,
0f8ffe2c-0f3d-4388-be66-274ee7136da5,2026-09-12T03:00:01.732320,Neha,neha@demo,1063.65,2.1324,0,1,20,0.4881,0,0,0,0,244,0,genuine,
7f9ee7c9-6c08-4539-ae49-21296a82cb91,2026-09-10T06:51:01.769800,RewardDesk,rewarddesk@demo,527.86,0.959,0,1,13,0.3941,0,0,0,0,2298,0,genuine,
14cf9717-7e62-462d-b8de-337f68500bdc,2026-09-11T00:23:01.663753,Neha,neha@demo,4584.67,1.2044,1,1,17,0.441,0,0,1,0,1376,0,genuine,
9e7dd642-8312-4191-9447-f2dd6834cf83,2026-09-12T09:14:01.753720,Neha,neha@demo,2357.58,0.2926,0,1,21,0.2167,0,0,1,0,1130,0,genuine,
d88e0298-5353-46c7-9c18-ebd9089dfa8a,2026-09-11T15:57:01.701762,RewardDesk,rewarddesk@demo,2968.66,1.257,0,2,13,0.2342,0,0,1,0,864,0,genuine,
0703f966-0e02-4c0d-93f3-3dbcb8579fbc,2026-09-09T22:49:01.628932,Rahul,rahul@demo,881.79,0.8451,0,2,12,0.4693,0,0,1,0,2302,0,genuine,
0d705ac5-aee4-4a15-9621-14c77dbd45d8,2026-09-10T11:01:01.628312,Rahul,rahul@demo,2418.92,0.5983,0,0,5,0.3495,0,0,1,0,1134,0,genuine,
84300ccd-38e1-4d2e-a493-f75ba52384af,2026-09-10T07:45:01.608560,RewardDesk,rewarddesk@demo,3119.9,1.0436,0,1,14,0.3063,0,0,0,0,1721,1,new_mule_fraud,0.9405
d61c2b72-2197-48da-8cd6-2522093a5d05,2026-09-10T06:51:01.666073,RewardDesk,rewarddesk@demo,12068.84,1.3974,1,1,12,0.4081,0,0,0,0,1192,0,genuine,
c90b11f1-4287-448e-939d-505fd9b483c5,2026-09-11T12:46:01.649331,Rahul,rahul@demo,1236.04,1.9996,0,1,17,0.4542,0,0,0,0,1290,0,genuine,
dcec09d7-b580-4039-a645-bdcad0d4f7f5,2026-09-12T12:18:01.533587,Neha,neha@demo,21365.65,4.2667,1,4,52,0.7328,4,0,2,0,38,1,old_fraud,
d558c4a6-7455-4ec8-8912-26067bec0311,2026-09-09T13:46:01.678379,RewardDesk,rewarddesk@demo,775.92,0.4166,0,1,1,0.0571,0,0,0,0,201,0,genuine,
fbef7508-c08d-4e54-a15d-eb83a01d5b73,2026-09-12T01:42:01.590821,Rahul,rahul@demo,881.75,0.7303,1,0,10,0.4687,0,1,0,0,661,0,genuine,
7d963a1f-e44d-4056-bca7-71488e84684b,2026-09-11T10:54:01.725298,QuickCash,quickcash@demo,1516.96,0.5264,0,1,20,0.5476,1,0,0,0,1871,0,genuine,
f4eaeed2-da28-491d-b741-fe4a320e4361,2026-09-11T16:32:01.768421,QuickCash,quickcash@demo,1517.94,1.7693,1,2,2,0.1384,0,0,0,1,1297,0,genuine,
8384c672-372c-4af3-bd5e-e1d9a4728f65,2026-09-10T08:40:01.777723,Rahul,rahul@demo,1050.42,0.8208,0,2,7,0.3458,0,0,0,0,2053,0,genuine,
fd054df7-5e02-41d7-b585-30cd59891e9e,2026-09-10T17:21:01.781566,QuickCash,quickcash@demo,1845.75,1.6101,0,1,3,0.1767,0,0,0,0,1364,0,genuine,
e793d652-7fd5-4d9a-881e-bde2eb70e585,2026-09-11T15:48:01.763073,Neha,neha@demo,2408.13,1.528,0,2,12,0.3238,0,0,0,0,2444,0,genuine,
4d5c8dc4-db78-4c93-9e56-84ca3c453d71,2026-09-11T04:05:01.619212,Neha,neha@demo,1030.24,1.5668,0,3,14,0.101,0,0,0,0,1291,0,genuine,
b1f4ae65-450f-4788-8119-3d4c5d35d0c6,2026-09-10T14:36:01.586560,Rahul,rahul@demo,5863.92,0.8058,0,2,23,0.3024,0,0,1,0,1183,0,genuine,
4c0f1d92-7117-4b24-bc91-51980512e212,2026-09-10T02:17:01.712808,QuickCash,quickcash@demo,1785.19,1.6668,0,1,22,0.3176,0,0,0,0,1818,0,genuine,
d19b7504-384e-4696-8f85-b2fd679885d4,2026-09-11T15:29:01.704364,QuickCash,quickcash@demo,26193.02,4.5502,1,6,62,0.7682,3,1,1,0,242,1,old_fraud,
9ae58ff2-f14d-4799-9bbe-c66104b45a0a,2026-09-12T07:57:01.627702,Neha,neha@demo,1165.62,0.7806,0,1,24,0.148,0,0,0,0,1181,0,genuine,
067c578f-e30d-4a93-a16c-ca71c6810d1d,2026-09-09T18:31:01.653712,Neha,neha@demo,4700.88,1.7905,0,0,12,0.1847,0,0,0,0,1756,0,genuine,
d93a510e-965b-460e-8418-52b9dcc37c7b,2026-09-10T22:20:01.673384,RewardDesk,rewarddesk@demo,4716.18,1.5605,1,0,10,0.251,0,0,0,0,1493,0,genuine,
0ab951e3-187f-4f9a-9824-e2ca8e203865,2026-09-11T06:48:01.599168,RewardDesk,rewarddesk@demo,1677.19,0.6262,0,1,15,0.2918,0,0,0,0,716,0,genuine,
e776379f-7cd9-42ef-a6ac-d9529326fbfc,2026-09-10T12:50:01.720910,Rahul,rahul@demo,21869.1,3.0966,0,7,77,0.8015,3,0,1,0,77,1,old_fraud,
b8a6fcb9-0c2e-433d-b4f4-88fdaad39b28,2026-09-12T05:26:01.770153,RewardDesk,rewarddesk@demo,3092.72,1.0698,0,0,3,0.1366,0,0,0,0,1804,0,genuine,
c076f996-834c-42f5-94ea-fd703bfff2c4,2026-09-12T05:06:01.684668,RewardDesk,rewarddesk@demo,2591.48,0.911,0,0,5,0.2535,0,0,0,0,1722,0,genuine,
94a39e49-a5c0-4a5c-96a3-eb170533ae9c,2026-09-11T12:56:01.647190,RewardDesk,rewarddesk@demo,2488.36,2.0108,0,1,1,0.2795,0,0,0,0,1243,0,genuine,
71896a7f-ee72-4e4d-a58b-84a8e7234eb6,2026-09-09T13:42:01.716332,Rahul,rahul@demo,6874.62,1.6967,0,2,12,0.4227,0,0,0,0,126,0,genuine,
b3d208f5-624c-44a7-bbb8-5552e0fe427d,2026-09-09T21:38:01.778434,RewardDesk,rewarddesk@demo,32831.81,5.3865,1,4,79,0.8229,1,1,2,1,52,1,old_fraud,
196067ee-88c6-477b-86b3-7c822846911d,2026-09-11T14:25:01.755247,RewardDesk,rewarddesk@demo,9148.41,1.5093,0,2,23,0.1678,0,0,0,0,2249,0,genuine,
c659ff65-ab94-402b-bb13-3f8ba799dbc1,2026-09-09T13:50:01.704322,Neha,neha@demo,674.94,1.6246,0,2,18,0.2512,0,0,0,0,1260,0,genuine,
3713e9cd-7894-4c39-a75d-0e4fb3323653,2026-09-09T21:55:01.586958,QuickCash,quickcash@demo,2649.93,1.724,0,0,1,0.4146,0,0,0,1,439,0,genuine,
f464bc40-f2e8-4bc4-8622-110ec0bb98d8,2026-09-11T21:58:01.635655,QuickCash,quickcash@demo,1578.7,0.2543,0,1,15,0.3346,0,0,0,0,1520,0,genuine,
57c77273-c0d4-4bba-99d8-988fc00325f2,2026-09-11T13:29:01.680053,RewardDesk,rewarddesk@demo,1914.21,0.3456,0,0,11,0.2734,0,0,0,0,897,1,new_mule_fraud,0.8974
06d174c1-c233-478d-99a9-019a9b97656a,2026-09-12T03:59:01.767457,Neha,neha@demo,554.31,2.123,0,2,22,0.12,0,0,1,0,1698,0,genuine,
615c4d8b-cf01-4bf4-b4ee-637178bca1d5,2026-09-09T14:58:01.728445,RewardDesk,rewarddesk@demo,1124.42,0.6363,0,1,22,0.3979,0,0,0,0,1265,0,genuine,
d219ff05-1205-463f-b963-aaa6c8e0974e,2026-09-11T22:16:01.773592,Rahul,rahul@demo,37281.52,3.0898,1,7,30,0.9123,2,0,2,0,49,1,old_fraud,
7c98539f-1b84-45ed-a549-e2638ea95306,2026-09-10T05:05:01.686392,RewardDesk,rewarddesk@demo,3146.4,0.7858,0,1,19,0.0777,0,1,0,0,680,0,genuine,
202a9e5e-a9bb-4b2f-bb9e-59464bc77f60,2026-09-11T21:25:01.630521,Neha,neha@demo,6021.49,0.8468,0,2,13,0.0786,0,0,0,0,2417,0,genuine,
e58c9834-d433-41a0-9f7d-e2d698889106,2026-09-09T23:48:01.713607,QuickCash,quickcash@demo,2306.93,0.8461,0,2,22,0.158,1,0,0,0,2282,0,genuine,
61f87de6-19b2-41e5-9871-f0094245397c,2026-09-10T09:26:01.573298,Rahul,rahul@demo,402.24,0.5399,0,4,22,0.3169,0,0,0,0,1907,0,genuine,
f84e3758-2b81-4841-a3fb-b5748edeaf37,2026-09-11T15:01:01.527178,Neha,neha@demo,541.0,1.2142,1,1,17,0.5273,0,0,0,0,1238,0,genuine,
cf93e86f-35e4-481e-83ed-f980b4667c5a,2026-09-10T00:41:01.678754,Neha,neha@demo,743.67,1.0236,1,2,14,0.3804,0,0,0,0,2116,0,genuine,
aa7edd37-8585-4fe6-b703-d1833715779f,2026-09-11T01:22:01.749930,RewardDesk,rewarddesk@demo,5080.84,1.125,0,2,10,0.2234,0,0,0,0,1240,0,genuine,
b4df9a61-098e-4584-9008-3084291efcbb,2026-09-11T10:09:01.721371,Rahul,rahul@demo,2081.43,0.4327,0,1,17,0.2197,0,0,0,0,1171,0,genuine,
d6cd0ece-f718-4ab2-b8d2-2458ba002b1a,2026-09-12T07:49:01.746785,Neha,neha@demo,4095.47,2.0047,0,0,16,0.3851,0,0,0,0,1357,0,genuine,
67c0c77c-e734-4cc3-84c8-c3005f199a29,2026-09-11T16:38:01.645170,Neha,neha@demo,2804.3,0.4436,0,1,19,0.4056,0,0,0,0,797,1,new_mule_fraud,0.9887
96687406-eb00-4b93-bca5-42545d0cd8e8,2026-09-11T18:21:01.594161,Neha,neha@demo,147.63,1.0969,0,1,18,0.4451,0,0,0,1,719,0,genuine,
5effc8ca-a647-4820-a648-77f8c792fa32,2026-09-10T22:42:01.572110,RewardDesk,rewarddesk@demo,1387.7,0.9364,0,1,2,0.2904,0,0,0,0,1382,0,genuine,
a34abf3b-2d94-429b-bf5c-5ebc9b7f5447,2026-09-09T22:03:01.728386,RewardDesk,rewarddesk@demo,4918.87,1.1281,0,0,21,0.2012,0,0,0,0,1791,0,genuine,
92419e27-15e6-432b-bb98-c8f83501ae3f,2026-09-12T04:42:01.685713,RewardDesk,rewarddesk@demo,660.23,2.1303,0,3,16,0.1958,1,0,1,0,589,0,genuine,
6f684ddf-e9aa-4aef-a34f-1e3e2d5b115a,2026-09-12T11:55:01.760849,RewardDesk,rewarddesk@demo,676.0,1.0756,0,0,8,0.3324,0,0,0,0,727,0,genuine,
e646bd17-8b70-4d57-9e95-bb84917a436c,2026-09-11T00:10:01.673223,Rahul,rahul@demo,2571.66,0.5267,0,0,15,0.4752,0,0,0,0,1295,0,genuine,
f1c821cf-26fc-4c00-b563-e3c402105907,2026-09-11T01:44:01.543978,RewardDesk,rewarddesk@demo,9087.38,1.6739,0,0,4,0.0884,0,1,0,0,1736,0,genuine,
932573f7-afca-4556-8279-1edc00f8b3c6,2026-09-10T14:13:01.675002,QuickCash,quickcash@demo,800.9,1.5597,1,1,17,0.0938,1,0,0,0,729,0,genuine,
e30d50e4-0de8-4292-8cc7-16821bc3f0aa,2026-09-10T23:07:01.570607,RewardDesk,rewarddesk@demo,461.06,0.2056,0,1,11,0.4216,0,0,0,0,1244,0,genuine,
53bf6e64-5ccb-4c7f-903b-aa50f2f95372,2026-09-11T04:48:01.618256,RewardDesk,rewarddesk@demo,3651.67,0.4622,0,2,22,0.3827,0,0,0,0,1660,0,genuine,
033eedfb-5a31-4a75-ae6d-9a4c1d532a6d,2026-09-11T11:34:01.650685,Neha,neha@demo,783.12,2.0165,0,0,7,0.2603,0,0,0,0,252,0,genuine,
358220ab-a50f-42d5-8696-77d34b950824,2026-09-11T17:09:01.636915,Rahul,rahul@demo,1484.14,0.9769,0,3,9,0.2099,0,0,0,0,2195,0,genuine,
10416939-f420-48af-8b39-03acf258ca0c,2026-09-10T14:46:01.778980,RewardDesk,rewarddesk@demo,895.49,0.6687,0,1,17,0.4129,0,0,0,0,1697,1,new_mule_fraud,0.8968
776b4144-f0ca-4c11-b28b-be86ab8529b5,2026-09-09T20:20:01.652578,RewardDesk,rewarddesk@demo,36210.37,2.9265,0,6,37,0.7157,4,1,1,0,14,1,old_fraud,
93a8229d-ebf6-4725-8296-70a993ec9c18,2026-09-09T15:02:01.683213,RewardDesk,rewarddesk@demo,673.04,0.8675,0,1,14,0.2554,0,0,0,0,2244,0,genuine,
d38bf29e-c606-468a-9516-ff1574fa6da5,2026-09-09T15:57:01.599451,Neha,neha@demo,4946.88,1.7399,0,3,19,0.3815,0,0,0,0,2275,0,genuine,
b0bdbc8a-515a-48aa-8f58-febe0bcd2ebc,2026-09-11T01:19:01.634868,Neha,neha@demo,1847.85,1.4121,1,2,23,0.1078,0,0,0,0,2306,0,genuine,
c75bdb07-3ce7-4799-bea6-aa78eedb986b,2026-09-12T11:23:01.642501,Neha,neha@demo,1674.46,0.3992,0,2,17,0.3028,0,0,0,1,1308,0,genuine,
d42edf2f-3c0e-4239-91b8-802e62df7b1d,2026-09-10T04:21:01.743177,Neha,neha@demo,4550.87,1.5465,1,2,13,0.1214,0,0,0,0,2455,0,genuine,
705a3146-5932-44b9-8824-0184d8faadb7,2026-09-09T21:11:01.768763,Neha,neha@demo,33597.0,5.0922,0,6,56,0.9568,1,0,2,0,172,1,old_fraud,
ba10a39f-7c0b-4a2c-a32e-fb8a9f45a162,2026-09-11T14:24:01.648384,RewardDesk,rewarddesk@demo,2130.07,0.6889,0,0,10,0.3781,0,0,0,1,1376,1,new_mule_fraud,0.8877
8b74c546-9565-490a-a48c-f637a4d32a76,2026-09-10T11:37:01.781043,Neha,neha@demo,1294.38,0.5773,0,0,5,0.193,0,0,0,0,1433,0,genuine,
4ddceef0-901c-4757-8e3b-5648ce751020,2026-09-11T16:21:01.682024,Neha,neha@demo,1770.32,1.4677,0,2,1,0.1367,0,1,1,0,2255,0,genuine,
3b47cc98-c720-46d6-914c-035a00c07cc0,2026-09-09T19:05:01.773080,Neha,neha@demo,2645.92,2.0857,0,0,23,0.1739,0,0,0,0,1264,0,genuine,
a7b46cea-3421-4943-930f-3eccf4fa5cc5,2026-09-11T08:29:01.530680,RewardDesk,rewarddesk@demo,803.08,1.9916,0,0,24,0.1758,0,0,0,0,247,0,genuine,
e2072605-2f1d-420a-a797-a25fbad896de,2026-09-12T04:59:01.578808,QuickCash,quickcash@demo,2691.45,1.3991,0,5,7,0.0501,1,0,0,0,107,0,genuine,
640382a1-8435-4163-82fc-2e9b73c36f5b,2026-09-11T19:34:01.664563,Rahul,rahul@demo,981.19,0.2388,0,2,19,0.2645,0,0,0,0,1024,0,genuine,
555fccbd-49df-49a7-9f37-31e8cbeff66b,2026-09-10T21:46:01.734998,Neha,neha@demo,2139.51,1.9356,0,1,21,0.1954,0,0,1,0,1306,0,genuine,
f667019a-e113-4fa6-9a36-0a2759f79331,2026-09-11T01:08:01.536550,RewardDesk,rewarddesk@demo,497.17,1.3181,1,0,8,0.2114,0,0,0,0,1092,0,genuine,
7e19b4ae-c085-452f-9397-b075bce4cf03,2026-09-12T03:36:01.613719,Neha,neha@demo,4249.8,1.4651,0,1,16,0.0759,0,0,1,1,1404,0,genuine,
dfdc3b6c-1e10-47c4-893f-eb4c1a5bc667,2026-09-12T08:43:01.636088,Neha,neha@demo,1033.69,1.7377,0,0,13,0.4162,0,0,0,0,2492,0,genuine,
e4fe16b7-9070-46af-b06d-88630c5b17e6,2026-09-09T21:10:01.608354,Rahul,rahul@demo,1087.58,0.6624,0,3,2,0.3845,0,0,0,0,973,0,genuine,
d4b7aacf-2de3-486d-9565-9c8bdf84e8b7,2026-09-10T13:15:01.602079,Neha,neha@demo,3496.87,1.269,0,0,6,0.5092,0,0,1,0,1621,0,genuine,
7594055f-3351-4190-8f59-aed3fba66769,2026-09-10T22:03:01.579240,QuickCash,quickcash@demo,2970.81,1.8097,0,1,13,0.1737,0,0,0,0,957,0,genuine,
073e6d63-dbb6-4919-aab7-d2e0e41ffd8d,2026-09-09T15:34:01.669865,Neha,neha@demo,2162.85,0.9437,0,0,7,0.3477,0,0,0,1,995,0,genuine,
922989b7-8bce-4feb-80ce-22f8ac03c3b3,2026-09-10T03:33:01.645434,Neha,neha@demo,1461.02,0.2489,0,3,5,0.3991,0,0,0,1,1216,0,genuine,
52db365a-fea4-4cc1-a26f-d67207214219,2026-09-11T06:24:01.688861,RewardDesk,rewarddesk@demo,2932.02,1.3414,0,5,16,0.4464,0,0,0,0,383,0,genuine,
1b084a12-9896-4ba0-9e8e-9104ade0bb50,2026-09-10T10:44:01.621715,Neha,neha@demo,582.88,0.7958,1,0,10,0.1851,1,0,0,0,1277,0,genuine,
2e70a7ec-03df-45fe-8fba-bbc29c648cca,2026-09-10T19:00:01.688966,Neha,neha@demo,1966.38,1.0476,0,2,1,0.288,0,1,0,0,2087,0,genuine,
01d0fbdf-af44-47d7-ad7d-f3f3c622c171,2026-09-12T03:31:01.556207,Neha,neha@demo,3502.77,1.945,0,2,21,0.5196,0,1,1,1,1901,0,genuine,
e66fdb64-80b5-4987-89dc-34648e2c46df,2026-09-12T05:27:01.605804,Neha,neha@demo,1800.48,0.225,0,1,22,0.1183,0,0,0,0,1373,0,genuine,
e4a744fd-211f-43a5-a6d0-94d7e26f45aa,2026-09-10T06:52:01.595757,RewardDesk,rewarddesk@demo,2981.55,1.7048,0,2,20,0.1907,0,0,0,0,124,0,genuine,
58a1b12b-98d2-4adf-adc6-50e9cd81faae,2026-09-10T13:13:01.695792,Neha,neha@demo,1012.51,1.2619,1,2,15,0.1358,0,0,0,0,1226,0,genuine,
d403db21-f798-4c84-869d-4a5692a2565d,2026-09-12T02:39:01.685264,Rahul,rahul@demo,2652.08,0.8788,0,2,12,0.0748,0,0,0,0,1689,0,genuine,
6e6fe901-3312-4f8c-a5a3-6a59186eef71,2026-09-10T11:34:01.557871,Rahul,rahul@demo,2265.03,2.1674,1,2,9,0.117,0,0,1,0,1459,0,genuine,
ce62f66c-62ff-46bf-aa49-84c68c3ca953,2026-09-12T05:33:01.576533,RewardDesk,rewarddesk@demo,769.02,1.4435,0,1,5,0.344,0,0,0,0,1686,1,new_mule_fraud,0.9852
4d0fd9b1-69cb-44dd-a080-c43dcf763828,2026-09-10T02:07:01.651497,RewardDesk,rewarddesk@demo,1104.73,0.5368,0,1,18,0.5477,0,0,0,0,434,0,genuine,
c4ae1dac-da26-439a-8a92-a0a35f611ff3,2026-09-12T04:40:01.676210,Neha,neha@demo,1089.85,0.6319,0,3,11,0.2792,0,0,0,0,2003,0,genuine,
81ba7003-0e66-47f2-919d-ee1893d01e4d,2026-09-12T06:43:01.654569,Rahul,rahul@demo,2197.7,0.6932,0,1,6,0.4976,0,0,0,0,2400,0,genuine,
131db42e-21db-41b9-87c8-dd379e20d3c5,2026-09-10T06:27:01.778590,RewardDesk,rewarddesk@demo,3646.87,0.7946,0,0,10,0.1885,0,0,0,0,566,0,genuine,
46e97b3f-0255-4ac8-8edd-667294206aa0,2026-09-11T05:48:01.769893,RewardDesk,rewarddesk@demo,1625.33,1.1738,1,1,17,0.2261,0,0,0,0,2134,0,genuine,
2964cd1d-1d91-4ed2-a3a3-112b57d39edb,2026-09-10T09:47:01.580874,Neha,neha@demo,642.46,2.0151,1,1,8,0.3178,0,0,0,0,242,0,genuine,
6993311d-64e0-461d-9280-a650a2191d99,2026-09-09T17:50:01.526811,Neha,neha@demo,1651.44,0.5351,1,1,1,0.5198,0,0,0,1,415,0,genuine,
479ac0dd-2496-43bc-a6c0-90242c200b3e,2026-09-10T13:20:01.612270,RewardDesk,rewarddesk@demo,565.3,0.4109,0,2,4,0.5093,0,1,0,0,813,0,genuine,
54a55920-e551-40f2-b314-52e35ed89554,2026-09-11T21:58:01.622071,RewardDesk,rewarddesk@demo,1173.35,1.2739,0,1,19,0.1718,0,0,0,0,882,0,genuine,
1454bd2c-88cb-4df3-8247-bd5c4c1dc8b9,2026-09-12T08:38:01.706832,Neha,neha@demo,3643.26,0.4502,0,1,18,0.1581,0,0,0,0,1187,0,genuine,
af099713-a7ca-43df-97b1-8fc5f6d1005b,2026-09-09T20:34:01.646883,Neha,neha@demo,910.1,0.3378,0,4,5,0.1308,0,0,0,0,2225,0,genuine,
621b687b-1882-4f3d-8c55-64a8f399ce35,2026-09-12T04:52:01.683357,RewardDesk,rewarddesk@demo,1799.25,0.9061,0,2,19,0.0906,0,0,0,0,164,0,genuine,
e69ef006-0611-43d0-8bcd-16fb7b216a58,2026-09-12T00:13:01.602669,Neha,neha@demo,1203.59,1.8808,0,1,1,0.3236,0,0,0,0,2107,0,genuine,
498d3b32-0c2d-497b-bde4-36ee928c5f46,2026-09-11T17:07:01.544480,RewardDesk,rewarddesk@demo,886.19,0.6948,0,0,20,0.4571,0,0,0,1,1713,0,genuine,
962b50f0-9ed3-47c1-8c5f-ffadd65fdb29,2026-09-11T16:08:01.585961,Neha,neha@demo,1253.59,2.1006,0,4,1,0.401,0,0,0,0,343,0,genuine,
0769d3a5-5a95-438f-9500-a1871d218a49,2026-09-11T06:20:01.699402,Rahul,rahul@demo,860.08,1.7384,0,1,5,0.5266,0,0,0,0,268,0,genuine,
418cbedd-8e29-4f34-a8ec-7354c7c0718e,2026-09-12T12:35:01.659393,Rahul,rahul@demo,1138.93,2.1539,0,0,5,0.3883,0,1,0,1,1631,0,genuine,
0a8fa778-47dd-47cd-ab80-ad18faa4d1d7,2026-09-10T07:41:01.621927,RewardDesk,rewarddesk@demo,1178.42,1.3977,0,0,16,0.5098,0,0,1,0,561,0,genuine,
976749dc-3f9d-42a1-8df2-e98c827eb675,2026-09-10T21:29:01.614979,RewardDesk,rewarddesk@demo,285.0,1.2606,0,1,8,0.4511,0,0,0,0,1154,0,genuine,
23364d95-85c9-4592-ae95-f9e6b803cf08,2026-09-12T01:24:01.735564,RewardDesk,rewarddesk@demo,2126.92,1.5212,0,3,6,0.1746,0,0,0,0,1097,0,genuine,
bd641f8e-ea75-4b0e-9df6-22d1309ea8a8,2026-09-09T20:39:01.660245,RewardDesk,rewarddesk@demo,931.89,0.4477,0,3,20,0.2923,0,1,0,0,387,0,genuine,
b5366b1b-e981-4e58-9752-6aff96a18c65,2026-09-11T13:20:01.693443,Neha,neha@demo,408.49,0.816,0,0,10,0.4283,0,0,0,0,2377,0,genuine,
3847d302-279b-4e10-a53a-91b4ef0d8688,2026-09-12T00:52:01.750102,Rahul,rahul@demo,2301.01,1.1249,0,1,19,0.2821,0,0,0,0,2408,0,genuine,
24ec2dbe-5060-4f6e-acdf-273a9d4a02c1,2026-09-10T11:47:01.690123,Rahul,rahul@demo,862.3,0.6261,0,1,15,0.2573,0,0,0,0,2041,0,genuine,
bf873f0a-524e-45dc-a270-330a7cc5d135,2026-09-10T23:35:01.742569,Rahul,rahul@demo,38280.72,3.0703,1,3,28,0.7399,1,1,1,1,131,1,old_fraud,
c303c839-5729-439d-8ef3-bfd8f1f9efc1,2026-09-09T15:26:01.698572,Neha,neha@demo,541.26,0.9552,0,0,20,0.22,0,0,0,0,1526,0,genuine,
0a3c4dd7-b030-431b-b011-1b4b605cea65,2026-09-12T10:18:01.779884,Neha,neha@demo,2959.88,2.1306,0,3,20,0.4674,0,0,0,0,1434,0,genuine,
560e9440-3ff6-4804-b9f9-3e8f98837b8d,2026-09-11T16:23:01.531226,Neha,neha@demo,1094.54,1.0759,0,0,24,0.4175,0,1,1,0,1691,0,genuine,
b90d9568-1fbe-48f8-b00c-ca5a645fdc39,2026-09-10T04:00:01.754697,QuickCash,quickcash@demo,3885.08,0.7602,0,0,14,0.0616,0,0,0,0,2462,0,genuine,
f2dc6fcf-7193-4dc7-87e9-30652da497d9,2026-09-09T23:40:01.593980,Rahul,rahul@demo,2493.76,1.8593,0,2,13,0.3473,0,0,0,0,1173,0,genuine,
a29a968d-b54c-407f-977d-a59c1a319ea0,2026-09-09T15:10:01.596853,RewardDesk,rewarddesk@demo,3582.76,0.2601,0,4,1,0.2636,0,0,1,0,1351,0,genuine,
b66a3d3e-3a17-48a6-bd6e-cca5444bbccd,2026-09-12T04:50:01.628152,Neha,neha@demo,1766.71,1.8783,0,1,9,0.2733,0,0,0,0,2395,0,genuine,
ad5661fd-47d7-4e17-b4e2-7eef22ba6e59,2026-09-10T17:28:01.697506,Rahul,rahul@demo,3184.92,0.7567,0,1,9,0.3226,0,0,1,0,426,0,genuine,
42093328-3a86-4d96-af36-47e0865a6325,2026-09-10T09:00:01.600886,RewardDesk,rewarddesk@demo,953.19,0.2055,0,2,5,0.2457,0,0,0,0,289,0,genuine,
f52c5263-42c0-458f-be07-6bb39d513c20,2026-09-11T23:28:01.675451,Rahul,rahul@demo,989.94,1.1053,0,1,10,0.0659,0,0,0,0,2366,0,genuine,
297c9a92-3e57-4d38-b414-40c3a59a3091,2026-09-10T02:40:01.666018,QuickCash,quickcash@demo,1810.76,1.0336,0,0,2,0.0632,0,0,0,1,2028,0,genuine,
31952b47-4010-4941-bdfa-060a98c80fb1,2026-09-12T12:54:01.626337,QuickCash,quickcash@demo,2210.86,0.5403,0,0,12,0.3994,0,0,0,1,1596,0,genuine,
baa312d0-6284-429a-b9e9-c50ab54b8f88,2026-09-09T19:09:01.668209,RewardDesk,rewarddesk@demo,518.46,1.2946,0,2,5,0.068,0,0,0,0,977,0,genuine,
fa637643-8735-4eaf-aaf6-f685bfa35734,2026-09-09T15:44:01.776580,RewardDesk,rewarddesk@demo,1279.2,1.7084,1,0,23,0.4994,0,0,0,0,864,0,genuine,
d1e9aeef-2ab3-403c-bfe9-9e27fc372023,2026-09-11T11:07:01.640214,RewardDesk,rewarddesk@demo,2328.46,1.518,0,0,13,0.1584,0,0,0,0,493,0,genuine,
0ab8d56b-094c-439f-8136-c73e9a72cffe,2026-09-11T00:22:01.594231,RewardDesk,rewarddesk@demo,2943.78,0.6777,0,2,14,0.0851,0,1,0,0,1549,0,genuine,
b7e43c88-dee6-4a4e-8c8e-086af2198091,2026-09-11T18:18:01.663593,Rahul,rahul@demo,363.12,1.9738,0,2,24,0.108,0,0,0,0,1647,0,genuine,
82e43494-2cac-44d4-8429-99a3f97878d8,2026-09-11T21:02:01.632215,Rahul,rahul@demo,809.98,1.1429,0,3,9,0.4562,0,0,0,0,1096,0,genuine,
949a3d81-3e04-4592-b4e7-3ad45d3ab69c,2026-09-12T02:23:01.652331,Rahul,rahul@demo,1688.4,0.601,0,3,9,0.4533,0,0,0,0,224,0,genuine,
5061b1b4-84b8-40d0-ad9f-d00edf19622d,2026-09-11T20:21:01.612742,QuickCash,quickcash@demo,1392.88,0.3586,0,1,21,0.2817,0,0,0,0,171,0,genuine,
16c06c8f-c23b-49bb-8b5a-ab23c7e517de,2026-09-11T06:44:01.539453,Neha,neha@demo,1377.17,0.2287,0,1,10,0.4626,0,0,0,0,1699,0,genuine,
46a8ac1c-3d7a-458e-ab9f-ab0aa95a5a31,2026-09-10T16:05:01.665781,RewardDesk,rewarddesk@demo,1078.73,0.3627,0,1,6,0.393,0,0,1,0,1586,0,genuine,
824688c9-6ca2-4d32-ad9b-67e2c7792f0a,2026-09-11T12:59:01.747524,RewardDesk,rewarddesk@demo,2077.08,1.5845,0,0,1,0.335,0,0,0,0,315,0,genuine,
6ddf7b26-8c2b-408a-8461-7e8c397163c5,2026-09-10T21:33:01.620431,RewardDesk,rewarddesk@demo,1435.65,0.2004,0,0,13,0.4549,0,1,0,0,100,0,genuine,
4879f124-9cb1-499b-a0c0-5e599c8d6a7f,2026-09-10T06:55:01.566832,RewardDesk,rewarddesk@demo,3109.26,0.3769,0,1,15,0.3774,0,0,0,0,411,0,genuine,
b08b5390-29c1-4317-ad42-21e18ee5f872,2026-09-12T02:12:01.659232,Neha,neha@demo,610.18,0.7176,0,0,7,0.2215,0,1,0,0,1336,0,genuine,
b7999a4e-c52f-40b2-8772-3f19107ab6a6,2026-09-11T20:28:01.650313,Rahul,rahul@demo,2219.69,0.7928,1,2,14,0.4407,0,0,0,0,1069,0,genuine,
c8297cea-f5d1-4d7b-a5a5-6099dde02cad,2026-09-09T20:54:01.765009,Rahul,rahul@demo,710.29,1.873,1,1,18,0.3484,0,0,0,0,757,0,genuine,
c9967f2a-4ef2-4083-ab1a-94e80c394019,2026-09-11T21:35:01.576199,Neha,neha@demo,1237.31,0.9981,0,0,7,0.4728,0,0,0,0,1095,0,genuine,
40df3219-a2da-4168-9b8e-f2ef5564c34b,2026-09-09T23:13:01.673449,RewardDesk,rewarddesk@demo,1490.54,1.2288,1,2,11,0.1306,0,0,0,0,955,0,genuine,
6541e20a-9949-4a29-8059-72002f2073b9,2026-09-11T22:50:01.631146,Neha,neha@demo,285.94,0.9748,0,0,8,0.1701,0,0,1,0,1517,0,genuine,
11543d4c-34c7-42a3-b8f9-710e2b61f04e,2026-09-09T18:41:01.539820,Rahul,rahul@demo,527.05,0.2162,0,0,7,0.3139,0,0,0,0,1426,0,genuine,
52743565-8234-4691-8dd8-22ceaffb2832,2026-09-09T14:14:01.755878,RewardDesk,rewarddesk@demo,2111.32,1.8773,0,0,12,0.433,0,0,0,1,1978,0,genuine,
aac8e3ba-34b8-48b0-86bc-f7b682140900,2026-09-11T13:35:01.565748,Neha,neha@demo,1688.83,1.6865,0,0,1,0.0593,0,0,0,1,354,0,genuine,
32b1b320-648f-461e-8e4f-13e38c9f1242,2026-09-11T13:36:01.751028,Rahul,rahul@demo,770.59,1.5788,0,0,12,0.3861,0,0,0,1,1777,0,genuine,
2a552800-70d5-4e13-aa33-db39e89b5e53,2026-09-11T02:01:01.782270,RewardDesk,rewarddesk@demo,1036.4,0.3647,0,0,17,0.2085,0,0,0,0,350,1,new_mule_fraud,0.9748
2afb7251-6b35-4dda-b162-49dc2fa94d60,2026-09-12T02:28:01.652278,Neha,neha@demo,385.58,1.2199,0,0,2,0.4907,0,0,0,0,423,0,genuine,
d534d2cf-2fe7-4b75-82d3-dfd82ccfd52b,2026-09-11T12:11:01.740257,Rahul,rahul@demo,4366.66,1.6109,0,0,16,0.0998,0,0,0,0,1752,0,genuine,
80fe6782-86f2-4004-bee4-6d1e71117423,2026-09-10T22:58:01.774428,Neha,neha@demo,471.95,1.2792,0,0,16,0.1686,0,0,0,0,282,0,genuine,
60a527f8-5bc2-4675-9c46-d06d408998c3,2026-09-10T17:11:01.681786,Neha,neha@demo,808.8,1.9303,0,2,8,0.3722,1,0,0,0,366,0,genuine,
f818aee1-c232-46af-ae09-1a9c7cecd93d,2026-09-10T17:07:01.766236,Rahul,rahul@demo,1631.42,1.897,1,0,21,0.3532,0,0,0,0,218,0,genuine,
027aa8ea-7349-4632-ac54-3054bb80287e,2026-09-12T08:44:01.550124,QuickCash,quickcash@demo,881.15,1.2909,1,1,13,0.3871,0,0,0,0,1557,0,genuine,
c254c7e2-8a88-40e5-b939-09cc2f0cdc54,2026-09-12T12:33:01.614787,RewardDesk,rewarddesk@demo,894.13,0.9614,0,2,11,0.2249,0,0,0,0,471,0,genuine,
ef31b285-ad38-4dba-9e61-a67a8fd3167c,2026-09-10T03:04:01.748482,Rahul,rahul@demo,551.74,2.0253,1,3,14,0.4139,0,1,0,0,2462,0,genuine,
7346861d-53a0-4be5-8f44-de88bf1ca0ad,2026-09-12T08:20:01.728328,RewardDesk,rewarddesk@demo,1212.33,0.7299,0,1,10,0.2504,0,0,0,0,556,0,genuine,
f5c92a64-e674-46ef-b95e-3c8fd14a198d,2026-09-10T23:56:01.622146,RewardDesk,rewarddesk@demo,2058.12,0.5048,0,1,8,0.3225,0,0,0,0,1237,1,new_mule_fraud,0.9218
8ca58349-fbc7-4f79-936e-2fc373383c30,2026-09-10T07:02:01.733592,RewardDesk,rewarddesk@demo,3253.29,1.1554,0,0,13,0.1187,0,0,0,1,1221,1,new_mule_fraud,0.8921
1d0f080c-7fa6-4441-a468-da8c65256c05,2026-09-10T07:17:01.559306,Neha,neha@demo,4126.79,2.0117,0,1,3,0.0761,0,1,0,0,1605,0,genuine,
dacd0f7f-fc12-4973-9e27-55d0b6124846,2026-09-11T13:18:01.723019,Rahul,rahul@demo,1505.59,0.9317,0,0,20,0.4384,0,1,0,0,109,0,genuine,
0931d999-1c14-4a67-9377-d28268afedb0,2026-09-11T09:13:01.640571,Rahul,rahul@demo,614.49,2.1967,0,2,22,0.5087,0,0,0,0,1317,0,genuine,
77267a2a-08b4-4e77-8716-ee0ccabdc10c,2026-09-11T04:44:01.765848,Rahul,rahul@demo,1202.46,1.3445,0,2,10,0.4427,0,0,0,0,457,0,genuine,
51424148-50f9-4d74-a0da-a38c2940fa24,2026-09-09T16:08:01.642765,Rahul,rahul@demo,1064.95,1.9062,0,2,8,0.1302,0,0,1,0,915,0,genuine,
40337c1d-4bbd-4d94-973e-661c933ad22a,2026-09-09T17:43:01.606518,Neha,neha@demo,855.13,2.1313,0,3,7,0.2222,0,0,0,0,751,0,genuine,
38b22c80-699e-4743-84b0-1a72cd8f7dda,2026-09-10T13:02:01.743067,Rahul,rahul@demo,370.65,2.1984,1,1,21,0.3428,0,0,0,1,2025,0,genuine,
f0df6b1a-1965-4c6b-aeaf-90ef099bfac7,2026-09-11T01:41:01.641964,RewardDesk,rewarddesk@demo,965.79,1.424,0,1,18,0.2867,0,0,0,0,1238,1,new_mule_fraud,0.9389
36aa8635-adb7-48da-8545-b1af3420f50b,2026-09-11T12:30:01.775277,RewardDesk,rewarddesk@demo,955.2,1.2659,0,0,21,0.425,0,0,0,0,516,0,genuine,
ffb3dfe7-986a-4a29-9e05-51c6a77e231d,2026-09-12T04:24:01.643715,RewardDesk,rewarddesk@demo,1071.66,0.5805,0,1,19,0.2332,0,0,0,0,2487,0,genuine,
4ce3a38b-1e11-4ba3-8241-08b72f6764eb,2026-09-09T18:26:01.589395,RewardDesk,rewarddesk@demo,507.43,1.9134,1,0,1,0.2082,0,1,0,0,2068,0,genuine,
e93d41ae-04b8-40ca-b054-daad546fe461,2026-09-12T13:12:01.643027,Rahul,rahul@demo,538.26,1.2504,1,0,7,0.1198,0,0,0,0,397,0,genuine,
472c25de-c7d5-4efc-87a8-948edbfcbe06,2026-09-09T19:19:01.587451,Neha,neha@demo,1847.57,1.4254,0,4,10,0.3047,0,0,0,0,1109,0,genuine,
37516c1e-db82-4a09-b9e2-1eec399424a5,2026-09-11T00:31:01.628775,RewardDesk,rewarddesk@demo,4411.77,0.4631,0,0,4,0.5489,0,0,0,0,1688,0,genuine,
da64af59-f50d-4fb9-a1b4-84577a9c4a70,2026-09-12T02:51:01.700923,Neha,neha@demo,1733.89,1.047,0,1,16,0.3528,0,0,0,0,862,0,genuine,
ae8e435a-2bbe-4714-8c9d-8de4d6f45113,2026-09-11T19:17:01.647138,Neha,neha@demo,2394.33,1.0955,0,1,22,0.1937,0,1,0,0,832,0,genuine,
1f21d1b3-4842-4088-aa6b-867982a3e59e,2026-09-10T03:34:01.659445,Rahul,rahul@demo,469.98,0.7786,0,1,19,0.0719,0,0,0,0,1711,0,genuine,
698a98b4-5868-483f-bc21-093f57bd9c84,2026-09-12T10:09:01.740355,Neha,neha@demo,1049.33,2.0273,0,0,15,0.5393,0,0,1,0,2414,0,genuine,
9ad42aa8-bc5c-41fb-8cce-4b03ef9eed64,2026-09-11T09:45:01.747936,Neha,neha@demo,782.5,1.7666,0,3,1,0.4589,0,0,0,1,268,0,genuine,
c2d1a8c0-31ea-40aa-afcd-3a2c0407d3fc,2026-09-11T08:55:01.695503,RewardDesk,rewarddesk@demo,1201.61,0.9944,0,2,5,0.4522,0,0,0,0,1051,0,genuine,
e1cf9f0b-f589-454d-ad0a-95fbd9d637e3,2026-09-10T20:22:01.620035,Neha,neha@demo,2673.44,1.8139,0,2,10,0.4457,0,0,0,0,2388,0,genuine,
8d4e22d9-0179-49b4-856f-b1049c4f6b60,2026-09-10T22:40:01.582368,Neha,neha@demo,843.63,1.9504,0,1,24,0.2977,0,0,1,0,806,0,genuine,
07c4a756-4e91-4f87-ac57-59e03a72c8c1,2026-09-09T19:37:01.651604,RewardDesk,rewarddesk@demo,1077.37,1.2038,1,2,12,0.5431,0,0,1,1,482,0,genuine,
0f1a1c44-7d0b-4346-9c10-4b4f52f765ea,2026-09-10T15:15:01.712748,RewardDesk,rewarddesk@demo,326.07,1.6674,1,1,7,0.2489,0,0,0,0,322,0,genuine,
b0690b0d-e9e5-491e-9ddc-fd1e4735973a,2026-09-11T03:28:01.734793,QuickCash,quickcash@demo,1250.17,1.4814,1,2,12,0.2325,0,0,1,0,2340,0,genuine,
96a4dff2-5691-44eb-9d61-2b93a9a673ce,2026-09-11T15:12:01.648957,Rahul,rahul@demo,3360.73,1.7386,0,0,4,0.0962,0,0,0,0,1853,0,genuine,
e6a82ac2-ed09-419b-8290-118dccf50063,2026-09-10T13:41:01.748430,RewardDesk,rewarddesk@demo,3286.48,0.6529,0,0,10,0.4287,0,0,0,0,1118,0,genuine,
ebe51a25-27ae-453f-9e6f-11a2727711d4,2026-09-11T22:49:01.582526,RewardDesk,rewarddesk@demo,2037.19,1.5874,1,1,22,0.4156,0,0,0,0,278,0,genuine,
14c0c061-7806-4c0a-bf0c-f4a62c8337ec,2026-09-12T08:28:01.671896,RewardDesk,rewarddesk@demo,1659.93,1.9604,0,1,5,0.1769,0,0,0,0,1885,0,genuine,
1483ccde-53ab-4ff8-8840-ed65a3c3c990,2026-09-12T05:37:01.646671,Rahul,rahul@demo,1048.14,0.7584,1,0,5,0.3293,0,0,0,0,1598,0,genuine,
ee9d61e2-b3fc-4ac1-9725-350b067f6d77,2026-09-12T02:03:01.602013,Rahul,rahul@demo,256.11,0.4278,1,1,23,0.087,0,0,0,0,1445,0,genuine,
f8d6553b-16b5-4e3d-bb6e-2d3e4804c75e,2026-09-10T08:10:01.622869,Rahul,rahul@demo,1589.19,2.0259,0,0,6,0.2706,0,0,0,0,151,0,genuine,
c07746ee-b6c4-41dc-9fcf-d29dba7c28a7,2026-09-10T05:06:01.761218,RewardDesk,rewarddesk@demo,2976.81,0.5615,0,1,23,0.4345,0,0,0,0,2485,0,genuine,
20b81aff-8fab-4c66-84ae-02681ca6c560,2026-09-11T11:56:01.634921,QuickCash,quickcash@demo,5578.69,2.1832,0,2,20,0.1352,0,0,0,1,1774,0,genuine,
a9a81a2c-7945-4c3b-a313-df437e65b3c4,2026-09-10T17:42:01.548642,Neha,neha@demo,3375.85,1.3155,1,1,11,0.2979,0,0,0,1,685,0,genuine,
a579252b-92f8-4d82-9a24-98439d51b84c,2026-09-10T12:28:01.659076,Rahul,rahul@demo,4154.19,0.4638,0,0,20,0.3412,0,0,0,0,891,0,genuine,
11aae656-9cd4-49ed-b67d-6b560b67ad8d,2026-09-10T00:36:01.622017,RewardDesk,rewarddesk@demo,755.5,0.8594,1,0,10,0.412,0,0,0,1,1473,1,new_mule_fraud,0.8657
803cd431-9f53-4103-9b19-0837e3c4388d,2026-09-10T17:52:01.674630,RewardDesk,rewarddesk@demo,3743.57,1.9089,0,1,2,0.0831,0,0,0,0,1598,0,genuine,
2bd5d44c-fc0e-4ebe-85d6-3944c42ff51b,2026-09-09T14:53:01.778734,Rahul,rahul@demo,1405.07,0.552,0,1,24,0.3391,0,0,0,0,2053,0,genuine,
6e4bbe7d-f1f3-452b-84ea-9b25a25d86ee,2026-09-10T04:00:01.769232,RewardDesk,rewarddesk@demo,1133.26,1.3957,0,1,17,0.3884,0,0,0,0,1388,0,genuine,
1a066ec8-ff80-4d92-8e3b-d02f087acff0,2026-09-10T21:23:01.607174,Neha,neha@demo,603.51,1.8136,0,1,18,0.2399,0,0,1,0,1413,0,genuine,
33e85822-65a8-41f0-899a-a5517c2a92c2,2026-09-11T04:46:01.551401,Neha,neha@demo,743.68,0.6489,0,0,22,0.3026,0,0,0,0,1127,1,new_mule_fraud,0.975
8bc3581b-8c7e-48d0-aca8-3036ff220bec,2026-09-09T23:07:01.659497,Neha,neha@demo,1994.51,0.3269,1,0,10,0.2172,0,0,0,0,947,0,genuine,
ef77e63a-a233-4e25-9290-8bf4e08a6fe9,2026-09-11T10:24:01.573515,Neha,neha@demo,1235.58,0.4746,1,2,24,0.221,0,0,1,0,548,0,genuine,
24938505-ca43-4d1d-8bd6-ef80b76e8750,2026-09-10T09:45:01.716433,RewardDesk,rewarddesk@demo,726.05,1.3536,0,0,22,0.4637,0,0,0,1,1321,1,new_mule_fraud,0.932
815d5e70-a82b-476e-85bd-8816570dcb66,2026-09-10T20:11:01.744550,Rahul,rahul@demo,8093.4,0.3719,1,2,20,0.3741,0,0,1,0,255,0,genuine,
1ba02c1d-b232-4700-b726-aff2c4a70034,2026-09-10T23:59:01.705638,RewardDesk,rewarddesk@demo,3340.1,0.7252,0,0,12,0.3313,0,0,0,0,330,1,new_mule_fraud,0.9557
a2b64ffa-4347-43a1-a9b0-13c94fb5c8de,2026-09-12T03:15:01.667839,Neha,neha@demo,633.58,0.9859,0,0,18,0.1131,0,0,0,0,1845,0,genuine,
18860593-3c81-481f-9335-bcf63d68ebde,2026-09-11T15:40:01.606443,Neha,neha@demo,1694.09,1.7239,0,1,23,0.2974,0,0,0,0,128,0,genuine,
c8efa8dd-38a3-4a9a-a101-58dc6202c21e,2026-09-10T00:50:01.593822,Neha,neha@demo,3275.18,0.4409,0,2,6,0.3588,0,0,0,0,1581,0,genuine,
23784050-9d12-443d-9a2e-bf0823100256,2026-09-11T10:17:01.763696,Neha,neha@demo,702.4,1.0686,0,0,18,0.1312,0,0,0,0,1078,0,genuine,
12f8d89b-5f55-4ec3-87a6-70fcbe4046f7,2026-09-10T06:58:01.745466,Neha,neha@demo,224.65,0.6676,0,0,7,0.0983,0,0,1,0,1419,0,genuine,
5402de87-21d1-4834-9bb9-c3744913c600,2026-09-10T17:44:01.759879,RewardDesk,rewarddesk@demo,2820.4,0.9425,1,3,11,0.4264,0,0,1,0,1517,0,genuine,
e5032b58-9c10-4c38-b6c4-0b5f332d48f8,2026-09-11T19:52:01.575656,Neha,neha@demo,1279.49,1.6137,1,1,12,0.377,0,0,0,0,1142,0,genuine,
bddbc40b-93cb-4f79-aa2f-c99cba64f8a2,2026-09-09T20:10:01.536628,Neha,neha@demo,1041.64,1.2888,0,1,23,0.0829,0,0,1,0,1689,0,genuine,
d428cac0-ce71-457f-80d9-d996fd10ce14,2026-09-10T18:47:01.687593,RewardDesk,rewarddesk@demo,1443.86,1.0246,0,1,23,0.2001,0,0,0,0,1142,1,new_mule_fraud,0.9313
2b9fdefb-53c9-4d9d-875d-ff521dd88ac2,2026-09-09T18:16:01.586406,Rahul,rahul@demo,2621.44,0.5174,0,3,11,0.1417,0,0,0,0,2312,0,genuine,
1618ce42-706c-4d3a-a6e6-012ac4cd830e,2026-09-11T16:57:01.646233,RewardDesk,rewarddesk@demo,1502.56,2.0745,0,1,23,0.4211,0,0,0,0,263,0,genuine,
31722143-9ce7-40bb-b11b-f099db6ef24c,2026-09-11T07:38:01.756422,Neha,neha@demo,3766.87,1.1505,1,5,15,0.1642,0,1,0,1,383,0,genuine,
bae6068f-040b-4145-9e8a-789ac583b41d,2026-09-10T02:57:01.747687,Neha,neha@demo,467.06,1.4477,1,2,21,0.4448,0,0,0,1,2198,0,genuine,
359785d9-92b4-4806-8a51-c8e1f13edda2,2026-09-12T00:05:01.668526,Neha,neha@demo,41464.2,4.3786,1,7,51,0.9576,4,0,3,0,86,1,old_fraud,
cced189f-e57d-4432-8fb3-725b1969c057,2026-09-12T01:26:01.581997,Rahul,rahul@demo,2580.34,1.4256,1,3,20,0.486,0,1,0,0,458,0,genuine,
29a945d3-6e53-4b21-817a-88151e968117,2026-09-10T10:04:01.653448,RewardDesk,rewarddesk@demo,1152.75,1.7771,0,1,11,0.213,0,0,0,1,508,0,genuine,
6c521b7a-1677-47d7-8a93-d5f4aa5b1e25,2026-09-12T06:38:01.597791,Neha,neha@demo,1466.49,1.304,0,0,5,0.4781,0,0,1,0,1845,0,genuine,
ee88af49-c3da-4dfd-aa9b-70b00970e534,2026-09-09T19:56:01.678040,Neha,neha@demo,1734.09,1.7613,0,0,18,0.3103,0,0,0,0,2104,0,genuine,
2a72f887-f563-467d-9525-553b703bbabe,2026-09-12T12:00:01.592411,Neha,neha@demo,2542.87,0.4801,0,1,23,0.3041,0,0,0,0,820,1,new_mule_fraud,0.9218
91121952-17c7-45d1-a3b1-d1923a608f60,2026-09-11T01:48:01.630468,Rahul,rahul@demo,6079.38,2.1587,0,2,13,0.3083,0,0,0,0,968,0,genuine,
c4d6ecec-abad-4330-8e68-fb22b1e82ce3,2026-09-11T11:28:01.667195,Rahul,rahul@demo,927.94,1.578,0,2,20,0.104,0,1,1,0,2319,0,genuine,
4a81c306-9dad-4e66-8f15-f8a318ce9644,2026-09-11T15:11:01.771521,Rahul,rahul@demo,1265.25,0.9234,0,1,9,0.5054,0,0,0,1,1126,0,genuine,
87d43daf-ce82-4def-8531-e8d75a068de9,2026-09-11T00:26:01.782805,RewardDesk,rewarddesk@demo,688.84,1.2913,0,1,4,0.5067,0,1,0,0,2408,0,genuine,
809a74be-9821-4b44-99af-6bd52d170473,2026-09-12T12:10:01.685807,RewardDesk,rewarddesk@demo,38807.95,2.6708,1,3,52,0.8527,2,1,3,1,197,1,old_fraud,
3060ed27-515f-489a-8450-72d52ecd58f9,2026-09-09T17:53:01.680603,Rahul,rahul@demo,717.54,1.3263,0,2,9,0.1932,0,0,0,0,1208,0,genuine,
1e35a991-fe41-4307-bf9a-94fc829e0dc3,2026-09-11T06:00:01.670925,Neha,neha@demo,2779.49,2.1714,0,3,2,0.4835,0,1,0,0,211,0,genuine,
d6b2e8e8-acc0-4ddc-8c18-3909fcc83542,2026-09-10T17:22:01.717803,Neha,neha@demo,1159.41,1.7122,0,1,7,0.5428,0,0,0,0,1465,0,genuine,
305bb4d4-a9d3-496f-9342-97e6e294cbcf,2026-09-12T11:13:01.564990,RewardDesk,rewarddesk@demo,1054.74,0.2871,0,0,8,0.3098,0,0,0,0,384,0,genuine,
acc5ed79-33a5-484a-86bd-1da4ed7672a0,2026-09-10T21:22:01.701322,Neha,neha@demo,13686.39,3.0096,1,3,57,0.8544,2,1,2,1,15,1,old_fraud,
a73b746f-2bc2-4f1b-9bf2-8a5f057bb7ff,2026-09-10T02:09:01.706224,QuickCash,quickcash@demo,2535.1,0.6039,0,2,23,0.4558,0,0,0,0,1525,0,genuine,
4676098d-4e4e-47be-9a8c-b9aea828bee7,2026-09-12T11:23:01.696563,Neha,neha@demo,689.04,2.0826,0,1,17,0.3553,0,0,1,0,357,0,genuine,
56fcb225-a8e9-4fc5-8b4e-061013cbee3a,2026-09-12T07:53:01.708345,RewardDesk,rewarddesk@demo,781.51,1.1183,0,2,3,0.4816,0,0,0,0,2120,0,genuine,
ffaff7ee-6033-4d80-a690-4bb5ad28690d,2026-09-10T02:44:01.560148,RewardDesk,rewarddesk@demo,1014.79,2.1293,0,1,19,0.344,0,0,0,0,710,0,genuine,
5acc2c12-4566-48f3-a3bf-8b899db4f00f,2026-09-10T12:41:01.780672,Rahul,rahul@demo,1226.17,2.19,0,0,6,0.0938,0,0,1,0,1877,0,genuine,
aed6c2ac-0f8e-4ee6-a7d7-0e93dcfc1cbe,2026-09-09T20:47:01.632626,RewardDesk,rewarddesk@demo,3243.52,1.2663,0,1,23,0.2509,0,0,0,0,973,1,new_mule_fraud,0.9315
3c795459-fae2-40eb-8e2e-0d9624c2c682,2026-09-12T01:28:01.537276,RewardDesk,rewarddesk@demo,976.32,0.4671,0,1,20,0.1697,0,0,0,0,1168,1,new_mule_fraud,0.8999
26b6cd09-15ac-4fbb-bbb6-28d829646feb,2026-09-11T18:03:01.734121,Neha,neha@demo,2241.57,0.7395,0,2,17,0.2519,0,0,1,0,1422,0,genuine,
a4b3169d-f4b0-4bd2-b659-e6bda9c2b142,2026-09-10T13:24:01.660869,Neha,neha@demo,1884.88,2.1215,0,1,17,0.4498,0,0,1,0,1154,0,genuine,
0cbd42dd-7849-49ff-9b43-3aff7b632db2,2026-09-09T23:13:01.749758,Neha,neha@demo,2843.46,1.4288,0,1,23,0.549,0,0,0,0,2437,0,genuine,
c5eac388-8e30-4f53-aa5d-95d198c4a8bf,2026-09-10T04:27:01.589802,Neha,neha@demo,737.71,1.8811,0,2,15,0.0649,0,0,0,0,1021,0,genuine,
a3bc0860-4622-4fbf-81b2-9a8512a9d879,2026-09-12T00:29:01.703386,Rahul,rahul@demo,2186.65,0.2882,0,2,1,0.1058,0,0,0,0,2307,0,genuine,
c143908b-ce3e-4a60-ad5f-daa9e42024af,2026-09-12T07:33:01.652225,RewardDesk,rewarddesk@demo,1351.78,0.3561,1,1,2,0.1058,0,1,0,0,1129,0,genuine,
ce03bdf6-ebdb-49c4-b67b-4c96a0d7b9c4,2026-09-10T06:40:01.762679,RewardDesk,rewarddesk@demo,351.34,0.6911,0,2,6,0.4394,0,0,0,0,1528,0,genuine,
83c8940d-5e48-4dcb-adf7-0a1cc8235889,2026-09-11T11:31:01.644624,RewardDesk,rewarddesk@demo,3143.1,1.4947,0,0,8,0.1299,0,0,0,0,1242,1,new_mule_fraud,0.9452
56525b12-fb8f-4b28-b15d-3e30db1342b6,2026-09-12T11:40:01.743676,RewardDesk,rewarddesk@demo,1194.55,0.8044,0,1,2,0.5077,0,0,0,0,2424,0,genuine,
e400c7d7-66da-47db-917e-634d65d40bd1,2026-09-10T22:49:01.529663,QuickCash,quickcash@demo,852.77,2.1062,0,2,20,0.0642,0,0,0,0,2446,0,genuine,
b727900b-61fc-4a32-a884-d3a1283797f4,2026-09-11T01:25:01.748195,Neha,neha@demo,3027.32,0.8777,0,2,18,0.2667,0,0,0,0,948,0,genuine,
063eca46-f3d1-4826-ba29-5015dc946b37,2026-09-10T07:27:01.683675,Neha,neha@demo,1084.16,2.1589,0,1,21,0.4431,0,1,0,0,2332,0,genuine,
1a6836af-4375-4922-8805-ad060d0cb59a,2026-09-10T10:36:01.732952,QuickCash,quickcash@demo,1621.28,1.1014,0,2,19,0.1953,0,0,0,0,2061,0,genuine,
601d2d92-2f24-4746-9ec6-75706d37d98f,2026-09-10T22:32:01.772690,RewardDesk,rewarddesk@demo,1693.22,0.8592,1,1,20,0.3274,0,0,0,0,1170,1,new_mule_fraud,0.9294
dad7c3f2-986d-4851-ae9f-1aab3da789bf,2026-09-10T02:40:01.658859,Neha,neha@demo,499.08,1.8485,1,1,20,0.2318,0,0,0,0,2173,0,genuine,
5b49a1c3-de86-4efc-a651-ec3646754064,2026-09-11T07:32:01.656084,RewardDesk,rewarddesk@demo,1187.15,2.0781,0,1,9,0.1381,0,0,0,0,1404,0,genuine,
335c0ce8-833a-4b5a-97ce-90eb627dd52a,2026-09-10T04:58:01.760035,QuickCash,quickcash@demo,1121.52,1.7674,0,0,11,0.1682,0,0,0,0,1665,0,genuine,
a8ecd7c5-d9cd-466b-bdc6-a7a8202af1c0,2026-09-11T14:49:01.683064,RewardDesk,rewarddesk@demo,809.83,0.8018,1,0,21,0.1776,0,0,0,0,1791,0,genuine,
5f1f3085-17ff-4f51-987b-39013a39db6d,2026-09-09T20:45:01.638430,RewardDesk,rewarddesk@demo,1771.25,1.1797,0,1,21,0.4822,0,0,0,0,1386,1,new_mule_fraud,0.922
50c03d8f-b23b-460e-949b-f0a2fd9f5761,2026-09-09T23:34:01.645382,RewardDesk,rewarddesk@demo,1448.27,1.3216,0,0,23,0.338,0,0,0,1,368,0,genuine,
e7862a5a-1d4c-413c-be58-9e2fd1400986,2026-09-11T18:19:01.689219,RewardDesk,rewarddesk@demo,419.16,0.7695,1,1,23,0.3889,0,0,0,0,447,0,genuine,
6c633974-e12f-42d9-951d-2edb6eb7518d,2026-09-11T03:18:01.727827,Rahul,rahul@demo,532.08,0.6611,0,1,12,0.0699,0,0,0,0,141,0,genuine,
7e121c02-70b3-443e-9d13-e8b6d801c535,2026-09-09T21:23:01.613848,Rahul,rahul@demo,1137.13,2.0116,0,0,1,0.402,0,0,0,0,2102,0,genuine,
1b94053c-9d69-422f-a8ca-7f4c0445f11e,2026-09-10T20:15:01.760393,Rahul,rahul@demo,16215.46,4.1016,1,6,48,0.8386,3,0,3,0,247,1,old_fraud,
a538fe2a-3950-42d1-a1db-1f1cbdc8c730,2026-09-11T08:11:01.661509,QuickCash,quickcash@demo,1343.38,1.2582,0,1,3,0.4716,0,0,1,1,728,0,genuine,
96bd5748-51a7-43b5-a974-2f6c029e282a,2026-09-09T19:02:01.749704,QuickCash,quickcash@demo,3999.78,0.7734,0,1,24,0.5013,0,0,0,0,1395,0,genuine,
f97c4747-f604-48f5-b136-02baa1c636fb,2026-09-12T08:11:01.753435,Neha,neha@demo,1553.44,0.4892,0,1,9,0.1828,0,0,0,0,1664,0,genuine,
20fdd8af-7393-4f8f-9fdb-64027472a237,2026-09-12T10:14:01.672143,Rahul,rahul@demo,1646.68,0.753,0,2,19,0.242,0,0,1,1,1359,0,genuine,
0ff19db9-b586-4152-947e-5c3f1f3d0df7,2026-09-12T12:16:01.624181,Rahul,rahul@demo,681.05,1.4781,0,3,16,0.0961,1,0,1,1,406,0,genuine,
6dda0401-7c89-4519-b08c-e01e97555ed5,2026-09-12T13:15:01.565663,Neha,neha@demo,1665.24,1.0089,0,0,7,0.1986,0,0,1,0,2259,0,genuine,
f0bd5a81-cbb1-403e-9d6f-0b717c4a117f,2026-09-11T01:06:01.665622,RewardDesk,rewarddesk@demo,1829.0,1.7944,1,0,4,0.0605,0,0,0,0,1347,0,genuine,
2f6a022d-654c-4df1-b911-80d72e88c45f,2026-09-09T19:42:01.764414,RewardDesk,rewarddesk@demo,2716.88,0.2778,0,1,17,0.318,0,0,0,0,1361,0,genuine,
3f11a748-58a8-4bdd-ac50-64f6006ceba6,2026-09-10T15:45:01.700811,Rahul,rahul@demo,566.58,1.7858,1,1,20,0.2132,0,0,0,0,1607,0,genuine,
15532566-4915-464c-96d9-aeb9259d1337,2026-09-11T12:29:01.750769,Rahul,rahul@demo,980.79,1.8958,0,2,2,0.3508,0,0,0,0,1359,0,genuine,
24e63e77-a633-49ca-b66f-0e160a6fccbc,2026-09-11T04:00:01.687156,Neha,neha@demo,4199.31,0.8649,0,3,2,0.2305,0,0,0,0,1266,0,genuine,
a1f7c3af-6126-42d6-abda-949c653adea0,2026-09-12T08:25:01.661286,Rahul,rahul@demo,2109.55,1.8645,0,3,19,0.0626,0,0,0,0,843,0,genuine,
50590fb4-f0b1-49bd-89ae-55354f719a92,2026-09-10T06:30:01.665413,Rahul,rahul@demo,1096.72,1.4283,0,1,21,0.4238,0,0,0,0,258,0,genuine,
fa986899-a65d-4dec-89cd-296bc93e289b,2026-09-11T23:16:01.642713,RewardDesk,rewarddesk@demo,2859.01,0.2389,0,1,4,0.4937,0,0,0,0,2232,0,genuine,
2e54b995-85dd-4b63-8a77-455d9a988148,2026-09-12T08:54:01.781415,RewardDesk,rewarddesk@demo,2553.62,1.1759,0,0,11,0.1268,0,0,0,0,1756,1,new_mule_fraud,0.8561
cd649c8c-fa75-43bf-9cda-ba5eb7408b02,2026-09-09T16:34:01.622416,QuickCash,quickcash@demo,2104.75,1.4977,0,2,7,0.1192,0,1,0,0,1840,0,genuine,
ccac1d13-aa65-4cca-87eb-d15cf7e89fb2,2026-09-10T03:20:01.727955,Rahul,rahul@demo,1283.67,0.4672,0,1,6,0.1511,0,0,0,0,1650,0,genuine,
082e43d8-860a-41f9-9784-dcee631845f8,2026-09-10T15:29:01.631412,QuickCash,quickcash@demo,1279.27,1.1373,0,1,18,0.2009,0,0,0,0,1031,0,genuine,
18b9112b-583e-4ddd-83c9-0b9fe7d2e3cb,2026-09-10T23:51:01.648286,Rahul,rahul@demo,767.57,0.6445,0,0,9,0.5273,0,0,0,0,458,0,genuine,
60692ffe-6034-421f-abed-43a0d5f2e661,2026-09-10T22:55:01.775373,RewardDesk,rewarddesk@demo,2082.66,0.801,1,0,5,0.374,0,0,0,1,1007,1,new_mule_fraud,0.9393
3ded8b72-3931-469e-9060-d636ecd9a5b0,2026-09-10T14:54:01.632937,Rahul,rahul@demo,4186.42,1.064,0,1,23,0.116,0,0,0,1,1943,0,genuine,
37ef8f05-ece1-4ba5-bc80-fe54cc1809cb,2026-09-10T21:38:01.667574,Rahul,rahul@demo,28797.88,2.6967,0,6,59,0.8504,2,0,2,1,134,1,old_fraud,
0404c421-66a0-492c-8187-e264e46f50a1,2026-09-12T08:25:01.575002,RewardDesk,rewarddesk@demo,3151.09,0.8044,0,1,5,0.4014,0,0,0,0,930,1,new_mule_fraud,0.9608
a37b2840-d940-49a4-ad49-9036fb33c27d,2026-09-10T16:14:01.676647,Neha,neha@demo,734.15,1.7069,0,0,2,0.1448,0,0,0,0,1290,0,genuine,
c976955d-d4ba-49c7-96f8-6ea91161ae90,2026-09-11T08:46:01.776421,RewardDesk,rewarddesk@demo,2894.35,0.8443,0,1,1,0.3803,0,1,1,0,2229,0,genuine,
9eea7342-9b68-447e-999e-891794335744,2026-09-12T12:40:01.684777,RewardDesk,rewarddesk@demo,2672.71,0.6504,1,1,2,0.5399,0,0,0,0,2437,0,genuine,
82eade8b-45d4-4980-b9e8-4adbfeef52b4,2026-09-10T16:37:01.775225,Rahul,rahul@demo,1035.8,0.8899,0,1,16,0.1243,0,0,0,0,512,0,genuine,
b8166fd6-fbdd-47d3-96a3-762ec784c228,2026-09-11T19:26:01.667377,RewardDesk,rewarddesk@demo,2134.87,1.5984,0,0,2,0.5276,0,0,0,0,1046,0,genuine,
6cde7000-3f30-4265-98ce-b23b131e47be,2026-09-11T00:37:01.607371,Neha,neha@demo,750.77,1.4124,0,1,10,0.2412,0,0,0,0,653,0,genuine,
08a11c7f-3156-48cc-8fbb-a78bd5647373,2026-09-11T09:39:01.695646,Rahul,rahul@demo,18544.87,4.9242,1,6,37,0.8344,1,1,2,0,178,1,old_fraud,
9cdc73d7-a10f-4b0f-8675-bf8fa7ade1f2,2026-09-12T09:37:01.704480,RewardDesk,rewarddesk@demo,569.18,1.9357,0,2,16,0.3907,0,0,0,1,1638,0,genuine,
c257ac15-6420-4782-85e9-edb6371f6922,2026-09-10T18:15:01.658121,Neha,neha@demo,5688.42,1.6871,0,1,24,0.1726,0,0,0,0,401,0,genuine,
631dc8db-31c4-4959-b136-bb9caf02302d,2026-09-12T04:11:01.602407,Rahul,rahul@demo,986.92,1.6531,0,1,20,0.1688,0,0,0,0,549,0,genuine,
694cdee6-e9e0-4d96-9ce1-aba256f4af9a,2026-09-10T22:45:01.635548,RewardDesk,rewarddesk@demo,629.91,1.2017,0,4,5,0.1622,0,0,0,0,121,0,genuine,
a8817498-093f-4ecc-9374-46ec91adcabe,2026-09-09T14:22:01.679428,Rahul,rahul@demo,1446.58,2.031,0,1,14,0.2244,0,0,0,0,634,0,genuine,
5fae9af8-a1f8-43a4-a604-3f0e92651e11,2026-09-09T16:04:01.754137,Neha,neha@demo,2573.2,0.9747,0,2,10,0.4203,0,0,0,0,230,0,genuine,
545e2b25-c3c3-496d-aec2-7a65393615cf,2026-09-11T03:56:01.589091,Neha,neha@demo,706.05,2.1321,1,3,13,0.3298,0,0,0,0,629,0,genuine,
9e0bce47-61ec-477f-b147-873d09895e03,2026-09-12T13:44:01.562235,Neha,neha@demo,1585.98,1.2205,0,2,23,0.1484,0,0,0,0,1124,0,genuine,
c12007aa-5593-4630-8382-7b0e5a722e1f,2026-09-12T02:03:01.684260,RewardDesk,rewarddesk@demo,41727.4,3.043,1,6,63,0.8549,1,1,2,1,203,1,old_fraud,
c64e0c98-ed57-471b-9a1e-5acf054ed37b,2026-09-12T12:18:01.768673,Neha,neha@demo,446.94,0.3781,0,0,11,0.2163,0,0,0,0,872,0,genuine,
2dbd8f45-7e65-4fdc-b98d-4c676819ad8a,2026-09-11T16:23:01.732375,Rahul,rahul@demo,1548.86,0.8584,0,0,14,0.3946,0,0,0,0,2078,0,genuine,
2bcf2264-2d01-4a49-ba66-4b7a45ec13a9,2026-09-12T11:22:01.621139,Neha,neha@demo,1637.17,2.1321,0,0,8,0.1725,0,0,0,0,1400,0,genuine,
f2070bd2-ade8-427b-b46d-6e44fb982155,2026-09-09T17:16:01.643446,Rahul,rahul@demo,3280.29,1.5927,0,0,11,0.445,0,0,0,0,672,0,genuine,
557a2069-43a3-4dc0-b22a-9133a396aa00,2026-09-11T14:52:01.558634,Neha,neha@demo,1164.62,0.9036,0,2,4,0.4143,0,1,0,0,2423,0,genuine,
0b09f9c9-8ac9-46a1-bf5e-7ac38571369d,2026-09-09T18:34:01.616622,QuickCash,quickcash@demo,2242.9,0.4096,0,1,15,0.4435,0,0,0,0,1271,0,genuine,
d38cf060-aab4-4c12-98a8-0367c1210b00,2026-09-12T08:51:01.553079,QuickCash,quickcash@demo,1171.4,1.2303,0,1,1,0.2432,0,0,0,0,1985,0,genuine,
8ebb5ff3-ff78-4899-b9b0-bb1a0a75eb13,2026-09-10T19:50:01.684221,RewardDesk,rewarddesk@demo,1265.77,1.1305,1,1,9,0.2101,0,0,0,0,394,0,genuine,
7476d722-325d-4ba3-98dd-a8b01c28b673,2026-09-11T23:29:01.745309,Rahul,rahul@demo,646.38,0.8997,0,0,21,0.0684,0,0,0,0,2310,0,genuine,
5999d4c2-2929-4b5d-87ac-9fd00144d4bb,2026-09-10T07:38:01.664970,Neha,neha@demo,4038.47,2.1231,0,4,5,0.1175,0,0,1,0,883,0,genuine,
d2bea243-472b-44ab-8374-359e2867e78c,2026-09-11T18:23:01.618658,Neha,neha@demo,524.72,1.2859,0,1,10,0.3082,0,0,1,0,1223,0,genuine,
6009c7bd-6b3b-4d44-8b2c-98958deff549,2026-09-09T20:53:01.574783,RewardDesk,rewarddesk@demo,279.11,0.7585,1,2,4,0.1281,0,0,0,0,813,0,genuine,
6861c047-aeaa-4754-a5f7-613f612287af,2026-09-09T18:47:01.700610,Rahul,rahul@demo,19217.88,3.6249,1,3,57,0.8814,3,0,2,0,188,1,old_fraud,
3d39920d-f2ab-4dc7-9ce7-691cabcd0853,2026-09-11T02:51:01.634289,Rahul,rahul@demo,367.34,1.1849,0,0,22,0.2158,0,0,0,0,165,0,genuine,
8d209b38-131e-4d48-997e-8621d8f75b98,2026-09-10T10:23:01.692353,Rahul,rahul@demo,1087.22,0.359,0,1,18,0.0748,0,0,0,0,1733,0,genuine,
6273938c-7e45-4215-8e14-e2275d3bc240,2026-09-09T21:49:01.577397,Rahul,rahul@demo,693.55,1.0482,0,0,22,0.3438,0,0,0,0,2459,0,genuine,
5b9ce2d3-0aaf-4d5d-847a-f3b23db6978d,2026-09-09T14:12:01.604978,Neha,neha@demo,395.02,0.8918,0,0,5,0.5358,0,0,0,0,1054,0,genuine,
ea89abf6-63d8-4fed-9bee-208dce03ba23,2026-09-10T10:07:01.757152,Rahul,rahul@demo,1167.89,0.4075,0,1,13,0.4315,0,0,1,0,581,0,genuine,
1c66145a-4a2e-436b-9a0c-ef4922f6beb6,2026-09-10T18:02:01.694198,RewardDesk,rewarddesk@demo,2809.38,1.296,0,1,13,0.1907,0,0,0,0,2335,0,genuine,
69765b23-3309-4d3b-8c40-d256758f6963,2026-09-11T01:19:01.744202,RewardDesk,rewarddesk@demo,965.96,1.1943,0,1,3,0.5019,0,0,0,0,1740,0,genuine,
40564d8a-6cce-41fe-894e-ce4799beca79,2026-09-12T03:42:01.664509,Neha,neha@demo,808.13,1.2426,0,1,10,0.242,0,0,0,0,1927,0,genuine,
82477535-2258-478d-bab6-cf64658e4aab,2026-09-11T13:00:01.776369,Rahul,rahul@demo,1223.02,2.1627,0,1,1,0.4504,0,0,0,0,1393,0,genuine,
6760ec1d-17bd-4cd6-ba51-7909a9d8ed00,2026-09-10T08:55:01.686448,QuickCash,quickcash@demo,1030.15,1.3156,0,3,19,0.5066,0,0,0,0,1810,0,genuine,
a6f40cca-b2a2-4063-975b-76e338dbd579,2026-09-11T22:36:01.617511,Rahul,rahul@demo,3114.64,0.8578,1,1,8,0.1179,0,0,0,0,942,1,new_mule_fraud,0.8926
4e2919a3-8b23-4540-a57d-700c055556b0,2026-09-10T14:47:01.736465,Neha,neha@demo,1991.23,1.2108,0,1,20,0.0511,0,0,0,0,1796,0,genuine,
3ff5f0b8-7c13-43b7-84d4-fa90157c41d8,2026-09-10T08:11:01.621556,Neha,neha@demo,2606.99,1.4089,0,1,2,0.1553,0,0,0,0,403,0,genuine,
40e073bd-678d-42f3-ad93-5a0490f26953,2026-09-09T18:21:01.600412,Neha,neha@demo,778.69,1.7869,0,1,23,0.3235,0,0,0,0,1889,0,genuine,
1d3b816a-2b0f-4051-b488-a2a9080a2d29,2026-09-11T22:55:01.679338,Rahul,rahul@demo,673.48,1.8585,1,1,7,0.5245,0,1,0,0,1918,0,genuine,
a5323d73-2697-439a-818a-a9e1463ba6f5,2026-09-10T01:03:01.660043,Rahul,rahul@demo,3669.55,1.86,0,1,9,0.2285,0,0,0,0,143,0,genuine,
dacb79f8-f620-4c1b-a0d9-b880da1a7a28,2026-09-12T04:40:01.576866,Rahul,rahul@demo,2096.86,2.0797,1,2,2,0.418,0,0,0,0,1360,0,genuine,
13e98667-5f29-48a0-b9b4-2a4c12fce3f1,2026-09-11T07:46:01.694031,RewardDesk,rewarddesk@demo,550.43,1.4344,0,1,14,0.4577,0,1,1,0,1545,0,genuine,
ef275ff1-bb8f-4561-beae-5d2d23ebb632,2026-09-10T23:17:01.742359,QuickCash,quickcash@demo,1031.22,0.7264,0,1,11,0.255,0,0,0,1,1549,0,genuine,
c8753dc3-b203-40a5-8ccb-d3b3ba56775b,2026-09-10T14:50:01.594795,Rahul,rahul@demo,3796.65,1.8742,0,1,14,0.5493,0,0,0,0,1398,0,genuine,
958243c1-31da-43d9-979a-61ad84f38a84,2026-09-09T13:25:01.662187,Neha,neha@demo,1579.07,0.9994,0,1,18,0.3995,0,0,0,0,643,0,genuine,
bb339c25-1757-420f-9499-6852b2f39d07,2026-09-10T16:58:01.771362,RewardDesk,rewarddesk@demo,1841.75,1.7073,0,1,16,0.4212,0,0,0,0,2354,0,genuine,
b346a4ad-2b00-41dc-bec5-509ba03451b4,2026-09-11T17:17:01.656297,QuickCash,quickcash@demo,4766.32,0.3174,0,1,23,0.0806,0,0,0,0,358,0,genuine,
feda80cc-3467-486c-ab66-06686ab82079,2026-09-09T14:22:01.769997,RewardDesk,rewarddesk@demo,1470.21,0.2744,0,2,3,0.4115,0,0,0,0,217,0,genuine,
29b862e2-0e8d-4fd2-adab-385d93367056,2026-09-11T00:33:01.775334,Neha,neha@demo,5812.83,1.1925,0,0,7,0.1161,0,0,0,0,307,0,genuine,
fd52f352-022f-4ad5-bee8-d32dc107b3cf,2026-09-11T15:09:01.637283,Neha,neha@demo,1119.62,0.3803,0,1,14,0.1986,0,0,0,0,1428,0,genuine,
93359824-426c-4984-8bc8-9f3e1c194778,2026-09-11T08:36:01.649492,RewardDesk,rewarddesk@demo,1614.2,0.3574,0,2,12,0.2551,0,0,0,0,990,0,genuine,
09945c3d-2100-4f05-92da-55577e55c031,2026-09-11T23:52:01.585882,Neha,neha@demo,1068.67,2.1429,0,1,8,0.2216,0,1,0,0,482,0,genuine,
8c8a0742-959e-4df1-942c-23e55b27c600,2026-09-10T14:10:01.591229,RewardDesk,rewarddesk@demo,3999.87,1.5365,0,0,5,0.2604,0,0,0,0,1883,0,genuine,
47558fee-4dac-4f73-8ce5-4c8a7795fe12,2026-09-11T10:00:01.566327,Rahul,rahul@demo,393.58,0.9494,0,2,10,0.251,0,0,1,0,1561,0,genuine,
08eaef1d-6ed3-4f04-a204-956e7bc64d01,2026-09-11T09:45:01.678323,Rahul,rahul@demo,1206.09,1.0216,0,0,24,0.4798,0,0,0,1,1078,0,genuine,
9099a430-47fa-4030-aa8a-00a6064a34c0,2026-09-11T23:02:01.748947,RewardDesk,rewarddesk@demo,1791.2,1.0148,0,2,9,0.4285,0,0,0,0,1046,0,genuine,
d935dbf6-178f-49fc-b08c-814c34ac86f6,2026-09-10T22:51:01.676486,QuickCash,quickcash@demo,1135.57,1.4854,1,0,17,0.1576,0,0,0,0,2162,0,genuine,
c50b6c21-ac98-4ff2-9674-74e34bfc2249,2026-09-10T01:11:01.676142,Neha,neha@demo,1409.17,1.4936,0,0,18,0.4098,0,0,0,0,171,0,genuine,
cd2cfacd-15ae-4d23-987b-9e13465179a1,2026-09-09T17:34:01.778630,QuickCash,quickcash@demo,15893.13,4.1171,0,7,53,0.9268,4,0,3,0,23,1,old_fraud,
3242a426-8523-4192-9f9f-f27dbc8e23da,2026-09-10T12:45:01.688488,QuickCash,quickcash@demo,2689.88,1.232,0,0,21,0.5271,0,0,0,0,917,0,genuine,
93ddd4b2-db5a-4b52-9eed-9f737cf81283,2026-09-09T18:58:01.622508,RewardDesk,rewarddesk@demo,2096.96,1.3875,0,0,19,0.1083,0,0,0,0,1058,1,new_mule_fraud,0.9167
773d23a2-fd4e-4554-96e7-8ed7af5f14e7,2026-09-12T00:38:01.654462,Rahul,rahul@demo,209.39,1.4054,0,0,7,0.4898,1,1,0,0,2080,0,genuine,
6934d5ca-49a7-40cf-a729-121e89e329a2,2026-09-11T12:36:01.775428,Rahul,rahul@demo,1485.91,0.6762,0,2,8,0.3186,0,0,0,0,136,0,genuine,
7f97ebd2-0326-4eea-91bd-b2fbde3b7531,2026-09-11T07:36:01.547036,RewardDesk,rewarddesk@demo,1073.46,0.5275,0,0,22,0.2158,0,0,0,0,488,0,genuine,
9e798fae-5b47-48c9-b35e-5aeabe9a492e,2026-09-10T01:56:01.630159,RewardDesk,rewarddesk@demo,1469.59,0.5709,0,1,18,0.2285,0,0,0,0,515,1,new_mule_fraud,0.9752
340e064b-3a2c-4788-9906-f93adcb9ea46,2026-09-11T08:08:01.681115,Neha,neha@demo,247.18,1.2044,0,1,10,0.2311,0,0,0,0,168,0,genuine,
67a69921-5025-424e-ab6a-baf9e3b5b86b,2026-09-09T20:56:01.572774,Rahul,rahul@demo,712.14,2.1336,0,2,23,0.2203,0,0,0,0,927,0,genuine,
8ea6c302-131a-4ad6-ad8f-c25c7b67c715,2026-09-11T13:38:01.770572,Neha,neha@demo,801.64,0.2949,0,0,2,0.1813,0,0,0,0,2119,0,genuine,
96e3952a-2cb7-47bf-a536-a4c197ee0520,2026-09-09T19:15:01.636399,RewardDesk,rewarddesk@demo,1527.69,1.747,0,1,15,0.0758,0,0,0,0,2369,0,genuine,
f4799f05-a3fd-434e-b5a6-06ee1cba864f,2026-09-11T15:42:01.570529,RewardDesk,rewarddesk@demo,1428.91,1.9576,0,2,17,0.4945,0,0,0,0,1565,0,genuine,
31ee206e-0e4f-4e5c-bbe8-2cd539ac530f,2026-09-12T11:18:01.658969,RewardDesk,rewarddesk@demo,483.4,0.4936,0,1,16,0.4878,0,0,0,0,1414,0,genuine,
c19b2dfe-b5c7-4850-9fe5-5c01929618c7,2026-09-09T23:53:01.750308,Neha,neha@demo,708.36,0.7816,0,1,23,0.4897,0,0,0,1,864,0,genuine,
6468f6a3-563c-4cab-8dba-bf6f5d860ab3,2026-09-11T01:50:01.677688,RewardDesk,rewarddesk@demo,258.56,1.4638,0,3,20,0.4061,0,0,0,0,2033,0,genuine,
2ed232d4-6c7d-4cd0-a4a8-7f4da201f871,2026-09-11T16:14:01.633929,Rahul,rahul@demo,1331.56,1.0842,0,3,4,0.2551,0,0,0,0,1492,0,genuine,
19abd067-8835-4c1a-834b-381640941b10,2026-09-11T22:32:01.750615,Rahul,rahul@demo,2010.36,0.4108,0,3,4,0.2793,0,1,0,0,2217,0,genuine,
a3ce5d70-f5c3-4723-b2e3-a161866b65e8,2026-09-11T19:32:01.781511,Rahul,rahul@demo,3060.1,0.5924,0,1,20,0.1738,0,0,0,0,847,1,new_mule_fraud,0.901
a986d224-63ad-472c-bd07-84e75373a044,2026-09-10T11:08:01.654674,RewardDesk,rewarddesk@demo,2177.65,1.5414,0,1,12,0.1969,0,1,0,0,774,0,genuine,
6b6db2f6-6847-40c1-9427-b3171b1483b9,2026-09-12T13:40:01.665465,QuickCash,quickcash@demo,1801.3,1.7327,0,0,24,0.2937,0,0,0,0,1809,0,genuine,
dd0e0d73-9f1b-499c-ab2a-091ba4ed4d1c,2026-09-11T08:28:01.652488,RewardDesk,rewarddesk@demo,2931.47,1.1752,1,1,8,0.4828,0,0,1,0,2228,0,genuine,
b2455452-a0e3-4365-b96b-e96e4b79e4a3,2026-09-11T02:26:01.532946,Rahul,rahul@demo,3035.54,1.5584,1,0,20,0.2943,0,0,0,1,1698,0,genuine,
000c27ed-b51a-4a2e-899f-c0f6ec1630c8,2026-09-11T12:29:01.591588,RewardDesk,rewarddesk@demo,2907.59,1.4318,0,1,13,0.3932,0,0,0,0,687,1,new_mule_fraud,0.8742
77df9255-af76-4cf8-a6e1-b7cc893aadf5,2026-09-12T11:54:01.658477,RewardDesk,rewarddesk@demo,769.65,0.4328,0,0,7,0.1485,0,0,0,0,874,1,new_mule_fraud,0.9159
8b0f2399-74a3-4d15-8a6c-be7ee8528dbe,2026-09-09T21:56:01.747883,Rahul,rahul@demo,2780.71,0.3698,0,2,6,0.132,0,0,0,0,141,0,genuine,
5123580c-19b0-42a8-a165-55538a236759,2026-09-11T17:58:01.774050,RewardDesk,rewarddesk@demo,1269.61,0.3201,0,1,20,0.4181,1,0,0,0,165,0,genuine,
6f76cda3-649e-4eb0-9611-3a6802d7111b,2026-09-11T22:42:01.718202,Neha,neha@demo,929.63,1.7757,0,3,16,0.3283,0,0,0,0,1318,0,genuine,
1108797a-5c26-4ad2-a861-8d1ec7ed375c,2026-09-10T22:32:01.609535,Rahul,rahul@demo,1016.5,0.8824,0,1,21,0.2622,0,0,0,0,192,0,genuine,
6c5dead7-f4d6-41da-99e0-20d2b56bd9cc,2026-09-12T00:06:01.643287,Neha,neha@demo,3045.25,1.8182,0,4,6,0.4847,0,0,0,0,1501,0,genuine,
758cf485-eb7a-46e5-83fc-974c14027433,2026-09-10T23:51:01.660973,Rahul,rahul@demo,739.6,1.1522,0,1,2,0.0771,0,0,0,0,1589,0,genuine,
5071692c-982e-4ced-966f-4e3fcb192e4a,2026-09-12T10:59:01.679375,Rahul,rahul@demo,1239.54,1.4089,0,0,23,0.1474,0,0,0,0,1708,1,new_mule_fraud,0.881
95fc3cf5-ad1e-4fc1-9764-6c439ad4bd0c,2026-09-10T19:22:01.674430,Neha,neha@demo,17146.26,2.2918,1,3,47,0.8979,1,0,1,0,89,1,old_fraud,
57a4a0f7-2732-44e0-b799-a20397b78330,2026-09-10T00:32:01.669425,RewardDesk,rewarddesk@demo,407.3,1.1681,0,0,4,0.4006,0,0,0,1,1938,0,genuine,
d41b2c7a-c259-4fcd-92ee-eacb12858ac4,2026-09-10T17:00:01.590227,QuickCash,quickcash@demo,2343.31,2.1617,0,2,8,0.2374,0,0,1,1,1498,0,genuine,
59893510-0a60-418a-81f5-afe8a516aec1,2026-09-12T11:58:01.782233,Neha,neha@demo,3195.95,0.8295,0,2,13,0.2981,0,0,0,1,696,0,genuine,
b4ad738e-6555-4c31-bff1-0008c0c02a9d,2026-09-10T11:56:01.640160,RewardDesk,rewarddesk@demo,813.1,0.7035,0,1,19,0.3214,0,0,0,0,763,1,new_mule_fraud,0.9767
4aa35a89-0480-44fd-94b0-98484fe77038,2026-09-11T14:35:01.646830,Neha,neha@demo,2252.88,1.6391,0,3,21,0.3136,0,0,0,0,2157,0,genuine,
65d716a6-43c2-4239-bbef-25a7999f0999,2026-09-11T02:09:01.679281,Neha,neha@demo,2208.03,1.5593,0,1,24,0.4981,0,0,0,0,1669,0,genuine,
afdba0ff-5073-4f67-9b8d-84d868eb1801,2026-09-09T15:16:01.655029,Neha,neha@demo,5310.7,1.0398,0,0,19,0.1853,0,0,0,0,1246,0,genuine,
478c8a71-13e9-4bfb-b91d-4ae2957c0a7e,2026-09-09T15:28:01.660097,Rahul,rahul@demo,2119.33,0.9442,0,2,14,0.3311,0,0,0,0,1441,0,genuine,
e208b3ad-00cf-445e-8c4c-39e2bf59f35a,2026-09-10T11:08:01.628564,RewardDesk,rewarddesk@demo,1950.67,0.5204,0,1,11,0.0668,0,0,0,0,1560,0,genuine,
df393595-5fb0-414b-ae2a-cc3e7194cb1a,2026-09-11T02:32:01.610386,Neha,neha@demo,3131.46,2.1457,1,2,1,0.5364,0,0,1,0,1302,0,genuine,
fed31812-f57a-4db6-85a6-cdba557e805e,2026-09-09T13:48:01.757356,RewardDesk,rewarddesk@demo,1612.73,1.4902,0,1,17,0.3194,0,0,0,0,1658,1,new_mule_fraud,0.8639
855ffe4d-6984-4823-a6a8-93727b8e37a7,2026-09-10T06:32:01.681428,Rahul,rahul@demo,3145.06,1.0925,0,1,23,0.3044,0,0,0,0,2279,0,genuine,
c53a63d5-15dc-4759-a63a-cdc13d089197,2026-09-11T03:24:01.564780,Rahul,rahul@demo,3381.19,1.6891,0,0,9,0.3951,0,0,1,1,542,0,genuine,
4e1628cf-87bf-4743-9275-3011e7c0dfb4,2026-09-10T00:41:01.653109,RewardDesk,rewarddesk@demo,476.7,0.9068,0,0,11,0.4931,0,0,0,0,2065,0,genuine,
b58aeac7-2aac-4bba-ba6f-2763297fea0e,2026-09-10T16:44:01.633239,RewardDesk,rewarddesk@demo,713.81,1.5176,0,1,8,0.0948,0,0,0,0,1816,0,genuine,
6633a1aa-b509-45dc-a499-9dfae85f07e4,2026-09-10T15:44:01.752481,RewardDesk,rewarddesk@demo,1017.25,0.6066,0,1,21,0.4282,0,0,0,0,1605,0,genuine,
d01cba5f-242f-44c4-a346-0316ad7dfd9d,2026-09-09T17:28:01.572406,Neha,neha@demo,257.87,2.07,1,1,19,0.5208,0,0,0,0,2227,0,genuine,
a15139c6-8956-42e1-b86b-58b127455432,2026-09-11T10:58:01.670282,Neha,neha@demo,1855.22,0.379,1,0,8,0.4889,0,0,0,0,1518,0,genuine,
67136075-e334-4b24-9604-74c01952c13f,2026-09-09T18:26:01.746575,Neha,neha@demo,2019.47,0.218,0,2,20,0.2264,0,0,1,0,893,0,genuine,
6f0775ee-4c51-4c20-b869-7bf66ed046f6,2026-09-10T07:39:01.776888,Neha,neha@demo,527.39,1.5442,0,2,16,0.3371,0,0,0,0,485,0,genuine,
3c883182-2514-4c4f-b323-04445f70f797,2026-09-11T16:05:01.530545,QuickCash,quickcash@demo,8806.2,1.4708,0,1,2,0.3082,0,0,1,0,2310,0,genuine,
a29bb72a-9128-4473-ad4b-25d81e68a1b7,2026-09-10T10:44:01.604014,QuickCash,quickcash@demo,2271.11,0.2949,0,0,20,0.3238,0,0,0,0,1721,0,genuine,
0a7347a8-b569-4fc7-b8dc-9ea3b9e6ec17,2026-09-11T16:59:01.609359,Rahul,rahul@demo,2655.25,0.8875,0,1,12,0.1534,0,0,0,0,907,1,new_mule_fraud,0.9801
5df0d27d-0db0-4b4c-9984-dae42b55cea4,2026-09-11T11:57:01.746966,RewardDesk,rewarddesk@demo,1102.9,0.9545,0,1,9,0.5245,0,0,0,0,855,0,genuine,
9c5939ad-4cdf-4816-8499-c8c339e88f6d,2026-09-10T19:13:01.759615,RewardDesk,rewarddesk@demo,555.92,0.953,0,1,6,0.5119,0,0,0,0,583,0,genuine,
0854da5d-38f3-46f1-85e0-e47c4e2a6b0a,2026-09-12T10:15:01.727655,Rahul,rahul@demo,332.51,0.3277,0,5,22,0.3219,0,1,0,0,1331,0,genuine,
4858da47-7f5b-45a6-8ed6-49c4a34c8e1c,2026-09-12T04:56:01.767353,Rahul,rahul@demo,1188.01,1.4789,0,2,3,0.2791,0,0,0,0,2017,0,genuine,
d58861f7-f253-4192-b5fb-5b0e310fcb70,2026-09-09T20:33:01.758988,RewardDesk,rewarddesk@demo,1038.3,0.2033,0,0,4,0.3105,0,0,0,0,2445,0,genuine,
d7be1096-7a8e-48fb-8e32-3cd33dc7ff96,2026-09-11T01:41:01.771625,RewardDesk,rewarddesk@demo,1017.27,1.8855,0,0,11,0.2727,0,0,0,0,1620,0,genuine,
73c7f089-2a38-4f39-81ff-a53f6a0df194,2026-09-11T02:01:01.648497,Neha,neha@demo,2231.84,1.9171,0,0,16,0.2135,1,0,0,0,2390,0,genuine,
25b367d1-027e-4843-8e82-095c913c8d03,2026-09-12T02:18:01.678914,RewardDesk,rewarddesk@demo,3978.77,1.381,0,2,14,0.1815,0,0,0,0,2185,0,genuine,
8c11fd21-f5ad-436e-8ec6-971abd76a6ac,2026-09-10T14:59:01.596124,RewardDesk,rewarddesk@demo,1472.84,1.3993,0,0,12,0.186,0,0,0,0,1515,0,genuine,
e8979217-c388-4ecc-be0a-b51bee3959ea,2026-09-11T02:06:01.709482,Rahul,rahul@demo,461.21,0.9208,0,2,22,0.2637,0,0,0,0,1495,0,genuine,
3d3f85de-f086-457f-9fb0-f2ccb8c676f3,2026-09-12T05:51:01.600952,QuickCash,quickcash@demo,802.7,1.4597,0,0,24,0.1392,0,0,0,0,1757,0,genuine,
81251485-3ea9-4d0f-acad-3a1914133527,2026-09-10T22:17:01.584567,Neha,neha@demo,5139.98,1.6422,0,1,9,0.3071,0,0,0,0,1487,0,genuine,
f9333fb6-4131-4f6d-ac97-fe50a2e199a6,2026-09-11T22:41:01.769433,Neha,neha@demo,2158.19,2.04,1,1,7,0.5141,0,0,1,0,635,0,genuine,
62b5ee1c-98b0-42da-b8d9-5189aad823a7,2026-09-10T05:40:01.605480,Neha,neha@demo,2603.31,0.7897,0,1,2,0.4088,0,0,0,1,2225,0,genuine,
6b6ef13b-4c06-4b75-b8a9-1e5b937a2ae6,2026-09-12T11:09:01.567116,Rahul,rahul@demo,369.41,0.3337,0,0,16,0.472,0,0,0,0,248,0,genuine,
ebb53a59-d6ff-4ce0-9934-256f7fb298b4,2026-09-11T22:05:01.780513,RewardDesk,rewarddesk@demo,5791.91,1.3764,0,3,24,0.3497,0,0,0,0,735,0,genuine,
f18e05a6-6012-42ea-a4fa-8423420578ad,2026-09-11T09:06:01.663646,RewardDesk,rewarddesk@demo,1746.28,0.7036,1,4,24,0.1212,0,0,0,0,745,0,genuine,
e0b632bc-26ab-4b46-82b5-c6e9d9b42ace,2026-09-09T13:08:01.698141,Neha,neha@demo,44274.1,5.3909,1,7,54,0.9246,3,0,3,1,181,1,old_fraud,
c9cb6d30-b2fb-448d-9498-2e90a3a46504,2026-09-11T23:57:01.660658,RewardDesk,rewarddesk@demo,462.83,0.9312,0,2,9,0.5222,0,1,0,0,439,0,genuine,
8c0cf450-b0ff-4143-9da4-512cec4072f3,2026-09-09T18:13:01.602209,Rahul,rahul@demo,2778.08,1.8656,0,0,24,0.4755,0,0,0,0,678,0,genuine,
10cc2dcc-9064-4e04-ab06-272b1811f51a,2026-09-12T00:07:01.627985,Neha,neha@demo,817.52,2.0671,1,1,23,0.1177,0,0,0,0,2381,0,genuine,
9573c425-8b50-4af1-9f94-06f8a99243d7,2026-09-11T11:07:01.712968,RewardDesk,rewarddesk@demo,2161.46,0.9721,1,0,5,0.4106,0,0,0,0,578,1,new_mule_fraud,0.9174
2d29d051-c806-470f-9298-5d7d1fee2e3d,2026-09-10T06:35:01.559486,RewardDesk,rewarddesk@demo,1715.38,2.0601,0,1,8,0.2124,0,0,0,0,1164,0,genuine,
fb845e6a-da23-4631-89d3-d65ba03a5acb,2026-09-10T20:23:01.740739,Rahul,rahul@demo,944.6,1.2841,0,0,8,0.061,0,0,1,1,2123,0,genuine,
49d386c3-aa29-42fe-b02d-868ff0b119e8,2026-09-10T16:58:01.752832,Rahul,rahul@demo,1360.14,0.3225,1,1,14,0.2104,0,0,0,0,729,0,genuine,
e020e5de-9dc1-46fd-ae46-6f0a9ad815ad,2026-09-12T00:04:01.576674,RewardDesk,rewarddesk@demo,448.38,2.05,0,3,17,0.4924,0,1,0,0,326,0,genuine,
866d0339-d671-45f3-8ee5-8d79456a8fd9,2026-09-10T13:38:01.756576,QuickCash,quickcash@demo,305.14,0.3282,0,0,1,0.2322,0,0,1,0,1258,0,genuine,
e3e3bc9b-73dc-4dbc-ab7d-9d523f34abfd,2026-09-10T21:23:01.574856,Neha,neha@demo,1294.4,0.4193,0,4,20,0.174,0,0,0,0,977,0,genuine,
8b86287e-1393-4061-8287-b4ce0372566e,2026-09-12T13:27:01.585719,QuickCash,quickcash@demo,1048.4,2.0106,0,1,15,0.3411,1,0,0,0,1508,0,genuine,
2a5dbb2e-efa3-43a6-8fcd-d8522d474eef,2026-09-11T11:29:01.638048,Neha,neha@demo,5132.72,2.1312,0,1,3,0.5373,0,0,0,0,672,0,genuine,
aec5447b-17c4-4d8f-98d6-9078bb4b9a7e,2026-09-12T08:29:01.631253,Neha,neha@demo,1679.2,2.1529,0,0,21,0.4342,0,0,0,0,1641,0,genuine,
f44a9260-d058-4ccc-8002-59221587b9e9,2026-09-09T15:01:01.783322,RewardDesk,rewarddesk@demo,1851.8,1.3254,0,0,22,0.4201,0,0,0,0,1020,1,new_mule_fraud,0.9053
97123d92-69ab-4cda-aa7a-cf382f4f20b7,2026-09-09T20:45:01.758075,Neha,neha@demo,1190.3,0.2159,1,2,19,0.1898,0,0,0,0,636,0,genuine,
80769e73-3bb4-45f6-90f8-d960309629e2,2026-09-11T18:45:01.763126,RewardDesk,rewarddesk@demo,3897.87,0.4678,0,1,24,0.2972,0,0,0,0,660,0,genuine,
f89326f7-b7b6-4470-91f2-5921a7af85fa,2026-09-11T04:06:01.747116,Rahul,rahul@demo,697.57,1.6497,0,0,10,0.2067,0,0,0,1,1302,0,genuine,
a7b066fc-f325-47f0-9029-e92b0eda15ee,2026-09-11T19:53:01.731201,Neha,neha@demo,1275.4,0.6022,0,0,5,0.3514,0,0,0,0,1730,0,genuine,
4bb1705c-5497-4802-bccf-c8e54fb64a94,2026-09-11T04:53:01.721590,Neha,neha@demo,2267.28,1.5608,0,3,8,0.0908,0,0,0,0,669,0,genuine,
209c004a-9680-4bec-a649-953a2d4f278d,2026-09-12T07:34:01.529200,Rahul,rahul@demo,618.44,0.5542,0,0,5,0.1063,0,0,0,0,326,0,genuine,
b9a5c41a-a5ff-4c5d-8ae6-f0e5493c5c21,2026-09-11T20:51:01.604210,QuickCash,quickcash@demo,1269.41,0.7294,0,3,19,0.493,0,0,1,0,2311,0,genuine,
31296229-6b40-4aab-8073-d68ea22eab94,2026-09-11T05:04:01.659023,RewardDesk,rewarddesk@demo,651.45,0.7972,0,0,24,0.1159,0,0,0,0,594,0,genuine,
aa0dd487-ba53-4fd1-895d-0cdbd9dfc560,2026-09-12T12:20:01.659180,Rahul,rahul@demo,914.17,1.694,0,0,7,0.3578,0,0,0,0,194,0,genuine,
f38f8ad1-f2bb-4dfc-99f4-dd817b1e36a9,2026-09-10T10:40:01.572828,Rahul,rahul@demo,11820.09,3.0446,1,7,45,0.9171,2,0,1,1,241,1,old_fraud,
2fa1dc02-cf89-4a24-a93f-bf9343d9a8e6,2026-09-10T01:47:01.649225,Rahul,rahul@demo,2672.24,2.0005,0,2,13,0.0946,0,1,1,0,247,0,genuine,
79410919-1ee9-45ce-968c-ff375a6412a4,2026-09-12T04:54:01.718321,Rahul,rahul@demo,379.12,0.274,1,4,19,0.0942,0,0,0,0,752,0,genuine,
ade4a92f-3926-4925-8cde-e2e3e9fd32f4,2026-09-10T17:43:01.700423,RewardDesk,rewarddesk@demo,1112.08,1.7894,0,1,19,0.4686,0,0,0,0,1325,0,genuine,
14d3006e-cd1d-4f5f-9e65-d1e2e62ea6aa,2026-09-12T12:54:01.676699,Rahul,rahul@demo,338.37,0.3473,0,2,1,0.2373,0,0,0,0,1582,0,genuine,
6691c118-a979-4530-aa5c-df78580bd1a1,2026-09-12T11:58:01.745874,Rahul,rahul@demo,3942.81,1.0547,0,0,5,0.3635,0,0,0,0,404,0,genuine,
0bb8128a-2c79-468e-a183-903fea2fe02c,2026-09-12T03:16:01.731297,RewardDesk,rewarddesk@demo,2281.5,0.4648,0,0,11,0.4595,0,0,0,0,1114,0,genuine,
c5d851d7-bdc5-48f4-8293-7ef73e9a55cd,2026-09-11T04:16:01.653948,Rahul,rahul@demo,930.2,0.2566,0,1,14,0.4461,0,0,0,0,1258,0,genuine,
8bd434e7-cb40-42dc-8100-f402860c547d,2026-09-11T00:10:01.737488,Rahul,rahul@demo,1462.62,1.4148,0,0,7,0.1957,0,0,1,0,2140,0,genuine,
bb284215-3707-4e43-9055-e99e6528273f,2026-09-10T22:24:01.769838,Rahul,rahul@demo,24059.67,4.7084,1,3,32,0.9968,3,1,2,0,136,1,old_fraud,
fc156d4c-c819-4e4e-9f0e-556866772522,2026-09-10T23:34:01.777615,QuickCash,quickcash@demo,1448.02,0.2586,0,1,12,0.1955,0,0,0,0,977,0,genuine,
ce55e5f7-42b5-4f0a-8e1a-0823feb6e761,2026-09-10T07:38:01.695847,Rahul,rahul@demo,534.65,1.1648,0,2,14,0.3373,0,1,0,0,1338,0,genuine,
1641d4fd-0b71-4df4-840c-5d532f64f5b6,2026-09-11T01:43:01.531444,Neha,neha@demo,2150.32,1.1126,0,2,20,0.0523,1,0,0,0,1806,0,genuine,
a8bcb4cf-091d-4e4f-b8dd-98347790e537,2026-09-10T06:26:01.616372,Neha,neha@demo,972.69,0.6882,1,2,10,0.2728,0,1,0,0,1094,0,genuine,
03fa1d87-35d6-4fba-b8c7-c5ddd5926271,2026-09-10T11:50:01.675503,Rahul,rahul@demo,462.74,1.3114,0,0,21,0.2532,0,0,0,0,2075,0,genuine,
da2cdfb5-6ffc-43f1-acc9-ae889673169e,2026-09-10T02:38:01.672197,QuickCash,quickcash@demo,1102.75,2.0455,0,2,21,0.159,0,0,1,0,2204,0,genuine,
103ae188-f05b-4733-9fcb-6b69999aa916,2026-09-11T15:48:01.753669,Neha,neha@demo,4721.41,0.8239,0,0,13,0.4412,0,0,0,0,1575,0,genuine,
53090f8c-e7f6-4a36-8819-baa551ac49ef,2026-09-12T05:02:01.572629,Rahul,rahul@demo,248.23,1.0969,1,1,5,0.2839,0,0,0,0,563,0,genuine,
96015d65-35c6-4566-81be-bb03168720b1,2026-09-10T11:56:01.776006,Neha,neha@demo,900.78,2.1514,0,2,2,0.1457,0,0,0,0,368,0,genuine,
b0b32028-5146-4050-b7fe-9a4fd9648afb,2026-09-11T10:37:01.604844,Neha,neha@demo,1106.15,1.4899,0,1,10,0.3529,0,0,0,0,1326,1,new_mule_fraud,0.9708
dc3fb2eb-3294-4f01-b5c9-ae137311136b,2026-09-09T16:41:01.633816,RewardDesk,rewarddesk@demo,647.38,1.1722,0,1,13,0.1243,0,1,1,0,2426,0,genuine,
ac50390c-a087-4d9a-b6e5-8762533796a3,2026-09-10T00:14:01.551929,Neha,neha@demo,1903.7,0.2115,0,2,20,0.2537,0,0,0,0,2323,0,genuine,
93683f66-47e3-42fa-8bc8-1401a274633e,2026-09-09T18:32:01.758927,RewardDesk,rewarddesk@demo,1730.88,2.1189,0,1,11,0.3271,0,0,0,1,2357,0,genuine,
25544b8f-9379-4347-945e-4e2524c21e80,2026-09-10T06:57:01.764875,Rahul,rahul@demo,2301.84,1.0495,0,2,18,0.0574,0,0,0,0,682,0,genuine,
b64d0003-9c36-4a7a-952c-9e80ccf95532,2026-09-12T04:16:01.672719,RewardDesk,rewarddesk@demo,762.82,2.1711,1,1,17,0.1994,0,0,0,0,2004,0,genuine,
c74f8e56-2fd1-4ceb-9d80-b0f18defceaa,2026-09-12T00:32:01.731674,Rahul,rahul@demo,1383.6,0.9832,0,0,12,0.191,0,0,0,0,1450,0,genuine,
3eaafb8d-50f7-43f1-859f-96ab6ae7dd3c,2026-09-10T05:33:01.696186,Neha,neha@demo,2177.81,0.7417,0,0,21,0.3785,0,0,0,0,1509,0,genuine,
69db4723-d1ce-450a-812e-299829bf4da5,2026-09-09T21:49:01.671294,Neha,neha@demo,2696.43,1.4278,0,0,9,0.267,0,0,0,0,1748,0,genuine,
4254516a-70ee-47a6-8453-66deccf80046,2026-09-10T13:45:01.534781,Neha,neha@demo,1238.21,1.2931,0,1,6,0.1555,0,0,0,0,1975,0,genuine,
7de9dcec-fe14-4446-a70a-dcc8b0daaf29,2026-09-11T16:21:01.691705,Rahul,rahul@demo,8740.73,1.3049,0,1,11,0.4576,0,0,0,0,1818,0,genuine,
a869aed4-7921-41a4-b671-b79880568ff8,2026-09-10T14:44:01.672774,QuickCash,quickcash@demo,2609.42,1.5036,0,0,14,0.433,0,0,1,0,1959,0,genuine,
8e73ef73-d2d6-4903-ab76-9b036731ec54,2026-09-11T16:50:01.707749,Rahul,rahul@demo,2849.05,1.611,0,1,23,0.4956,0,0,0,0,2288,0,genuine,
3d7f061c-30a9-470a-bf44-029d95c0f822,2026-09-12T12:26:01.674392,Neha,neha@demo,493.04,1.391,0,3,6,0.2086,0,0,0,0,271,0,genuine,
385f0b99-33ff-4f37-bdd3-a8de8ab8263e,2026-09-10T18:04:01.677491,QuickCash,quickcash@demo,21103.02,5.137,1,3,74,0.7398,3,0,2,0,139,1,old_fraud,
cf1a5b54-0b44-4320-9835-dd2f0d91ca16,2026-09-09T22:17:01.691209,Neha,neha@demo,4419.6,1.3889,0,0,4,0.0999,0,0,0,0,650,0,genuine,
cc7a4b13-adfc-40af-bb24-c9cf55acbdcb,2026-09-10T21:39:01.622817,Neha,neha@demo,5291.93,0.7172,0,0,4,0.2776,0,0,0,0,293,0,genuine,
528ca184-39bc-4aa1-8d14-e8de7869cbdd,2026-09-10T19:13:01.704423,Rahul,rahul@demo,667.15,0.2672,0,4,19,0.0505,0,0,0,0,1452,0,genuine,
53ce829e-62c1-4782-95ee-3b3cdb39d90d,2026-09-09T16:59:01.702197,RewardDesk,rewarddesk@demo,891.96,0.4154,0,0,13,0.1963,0,0,0,0,1181,1,new_mule_fraud,0.8522
bc512e47-3984-47d7-bed0-45b6742ccbe7,2026-09-12T12:29:01.778343,Neha,neha@demo,2543.98,2.0157,0,0,14,0.5199,0,0,0,0,880,0,genuine,
65dfe369-08a6-41a4-a479-9e7d28cd2f00,2026-09-09T18:21:01.707696,Neha,neha@demo,1780.29,1.1005,0,1,14,0.3014,0,0,1,0,2295,0,genuine,
c248dde4-bcd7-492f-a488-160e676968eb,2026-09-12T13:53:01.666240,Rahul,rahul@demo,306.92,1.0576,0,1,12,0.3385,0,0,0,0,528,0,genuine,
fd2c93b9-6292-4400-84ce-b1f9fbeec68a,2026-09-10T13:39:01.550465,Neha,neha@demo,1032.98,0.6544,0,0,19,0.323,0,0,1,0,552,0,genuine,
b6985242-c8fd-4296-8ff2-b1e7f4ff1807,2026-09-09T18:09:01.668487,RewardDesk,rewarddesk@demo,1513.13,1.0156,1,1,14,0.2247,0,0,1,0,615,0,genuine,
8a599ebf-d818-416b-ae00-24eab90a5512,2026-09-11T02:47:01.738764,Rahul,rahul@demo,1734.59,0.7277,0,1,11,0.4123,0,0,0,0,2145,0,genuine,
16959d22-4a84-4471-b85d-cc153c89fdae,2026-09-10T06:20:01.665728,RewardDesk,rewarddesk@demo,959.95,1.4888,0,0,15,0.1984,0,0,0,0,1231,1,new_mule_fraud,0.9667
a515dddb-3297-45db-9e15-265b0368538a,2026-09-10T18:01:01.761417,Rahul,rahul@demo,1090.19,2.1653,0,3,11,0.4724,0,0,1,0,2442,0,genuine,
d06b56d2-da8c-4c58-a5b3-ebf8a05e0351,2026-09-12T03:37:01.758269,QuickCash,quickcash@demo,458.04,1.8568,0,1,22,0.3268,0,0,0,0,1827,0,genuine,
74640184-1f5f-42c7-9e87-034d2bb45ab5,2026-09-10T12:55:01.607686,Neha,neha@demo,5481.11,0.3209,0,1,21,0.3759,0,0,0,0,525,0,genuine,
a5af6bdc-5564-4f9b-b08b-edfc7991ac90,2026-09-10T16:52:01.748143,RewardDesk,rewarddesk@demo,941.02,0.7576,0,2,24,0.299,0,0,0,1,2409,0,genuine,
c3addbc5-87b2-4c28-92be-a6f0cbdbd417,2026-09-11T22:37:01.688127,RewardDesk,rewarddesk@demo,734.16,0.9589,0,0,10,0.3729,0,0,0,0,1198,1,new_mule_fraud,0.9731
1b8c456f-b951-475a-900d-c961b3472da9,2026-09-09T22:19:01.611765,QuickCash,quickcash@demo,622.58,1.2725,0,1,2,0.4803,0,0,0,0,519,0,genuine,
0f4f7e06-93db-4f8e-8c0b-949236baca3c,2026-09-11T15:33:01.777311,Rahul,rahul@demo,888.92,0.818,0,3,11,0.4232,0,0,0,0,1899,0,genuine,
3c6b1f7f-e916-4a3a-85fe-55ae344a4772,2026-09-11T22:53:01.568099,QuickCash,quickcash@demo,18239.85,2.9458,1,3,62,0.7946,4,0,2,1,159,1,old_fraud,
58c6f3c0-d464-474f-8ea5-56afa9f58f8a,2026-09-09T16:18:01.707636,Rahul,rahul@demo,670.1,1.5606,0,1,12,0.261,0,0,0,0,1392,0,genuine,
4a72cb2d-35a8-49f9-b35b-e0f90eede8be,2026-09-10T05:12:01.568661,QuickCash,quickcash@demo,1124.36,2.1129,0,2,15,0.0985,1,0,0,0,1001,0,genuine,
b24a8e8e-aedf-494b-a109-e12c2876696c,2026-09-12T10:43:01.593199,Neha,neha@demo,782.77,1.0513,0,0,19,0.0706,0,0,0,0,2454,0,genuine,
69abfead-4957-4fed-8b22-7d974a93ba10,2026-09-10T20:52:01.742951,Rahul,rahul@demo,841.61,0.3321,0,1,16,0.2158,0,0,0,1,1356,0,genuine,
5957e29d-80be-476b-ba63-06fbcd7f13d6,2026-09-10T00:55:01.584924,Rahul,rahul@demo,3206.41,0.3654,0,1,4,0.2332,0,0,0,0,2294,0,genuine,
7f2edd05-f8ac-41fe-8504-4dc102cd809a,2026-09-10T11:46:01.644935,Rahul,rahul@demo,857.08,1.8467,1,1,11,0.3335,0,0,0,0,2086,0,genuine,
9c6e3a5f-3dc7-4af1-871f-4bd6e34bec9c,2026-09-10T12:05:01.586249,Rahul,rahul@demo,25287.03,4.8877,1,3,52,0.76,3,1,1,1,198,1,old_fraud,
82648f39-2576-4791-baf6-463c0c9a781b,2026-09-09T20:26:01.565976,RewardDesk,rewarddesk@demo,573.67,2.0583,0,2,21,0.0683,0,0,0,0,2449,0,genuine,
6e4f9405-ad32-4d5f-b40c-233ff18394b9,2026-09-10T07:26:01.591308,Rahul,rahul@demo,417.09,1.7877,1,2,9,0.5191,0,0,0,0,1360,0,genuine,
f3ee79a5-2132-41ff-a21d-cd420296b02e,2026-09-09T18:25:01.598999,Rahul,rahul@demo,2018.4,1.3493,0,2,15,0.3469,0,0,0,0,1394,0,genuine,
5877f4d0-0ba6-4a30-aa28-2853fd65576c,2026-09-09T21:20:01.759773,Neha,neha@demo,2362.02,1.0008,1,1,9,0.2761,0,0,0,1,327,0,genuine,
55304a5e-2b5b-4cba-ba9b-979854b307f7,2026-09-09T14:00:01.764614,Rahul,rahul@demo,1609.1,1.7581,0,0,6,0.3526,0,0,1,0,2455,0,genuine,
d50930f0-f619-49b4-b5e6-7d302227d38a,2026-09-09T23:17:01.682958,Rahul,rahul@demo,1320.14,1.8973,1,0,5,0.4607,0,0,0,0,1929,0,genuine,
d3fa7f76-c24a-433d-86a3-9b16deedc030,2026-09-12T04:28:01.633747,QuickCash,quickcash@demo,14609.51,5.3242,1,7,79,0.8321,2,0,2,0,230,1,old_fraud,
edb980dd-0c68-463d-9f07-fb09f8f90a55,2026-09-10T12:16:01.709407,RewardDesk,rewarddesk@demo,2817.83,1.7552,0,2,1,0.0836,0,0,0,0,229,0,genuine,
4b9b38b8-bfb5-45de-b883-0962ad6135e3,2026-09-10T00:59:01.620687,Neha,neha@demo,2088.17,0.6226,0,0,13,0.327,0,0,0,0,1425,1,new_mule_fraud,0.9255
724b1ce8-9ac3-4a75-9080-02c3359f05cc,2026-09-10T11:20:01.754449,QuickCash,quickcash@demo,2778.94,1.4863,0,2,10,0.4469,0,0,0,0,1466,0,genuine,
605a27b3-ae07-449a-b7f0-84fce3298e43,2026-09-10T12:45:01.573951,Rahul,rahul@demo,1493.86,0.2581,0,1,18,0.4596,0,0,0,0,1785,0,genuine,
82bc84d1-1c74-41ba-bc30-4c23e71156d9,2026-09-10T18:23:01.783084,Neha,neha@demo,1050.74,0.8263,0,1,13,0.4086,0,0,0,0,1474,0,genuine,
f777dab4-27c0-4180-b126-705341384f14,2026-09-12T09:44:01.669925,Neha,neha@demo,751.69,1.859,0,1,7,0.1985,0,0,0,0,244,0,genuine,
510ccb94-ce43-4794-9a42-85e3e182d3ca,2026-09-10T23:04:01.637551,QuickCash,quickcash@demo,2367.53,0.6151,0,1,3,0.5381,0,0,0,0,2383,0,genuine,
bc1ae819-08f8-496b-8cb9-ea31ac39011b,2026-09-10T10:06:01.663541,Rahul,rahul@demo,740.7,1.7008,0,2,4,0.316,0,0,1,0,913,0,genuine,
f7a82f25-7f3a-4960-a9ad-ca40e590dd54,2026-09-10T01:09:01.764823,Rahul,rahul@demo,2781.15,0.4912,0,0,8,0.4176,0,0,0,0,836,0,genuine,
752077d3-4ad1-4fb6-8037-e9248ac30f21,2026-09-10T10:24:01.661234,Neha,neha@demo,1534.76,1.7472,1,1,19,0.1651,0,1,1,0,1712,0,genuine,
e4097822-0796-484c-b9f2-4cc371178dd6,2026-09-11T13:47:01.561787,Rahul,rahul@demo,6435.86,1.455,0,0,6,0.1056,0,0,0,0,803,0,genuine,
fc28777c-15f5-4bf7-8a12-bc72994e3ff7,2026-09-10T03:25:01.693788,RewardDesk,rewarddesk@demo,2208.44,0.7343,0,0,23,0.2851,0,0,0,0,333,1,new_mule_fraud,0.8571
dfa9a67a-239d-4fa3-b02a-875ce6b1e152,2026-09-11T09:10:01.663342,Neha,neha@demo,1865.05,2.1725,0,1,3,0.156,0,0,0,0,1223,0,genuine,
e3fc8e6c-0e28-465c-9155-0be662ab0995,2026-09-11T11:04:01.548906,RewardDesk,rewarddesk@demo,481.78,1.6329,0,0,18,0.5473,0,0,0,0,596,0,genuine,
167d4512-d6be-4300-a588-deaf7605f0d6,2026-09-11T15:42:01.579852,QuickCash,quickcash@demo,1782.45,1.9052,0,0,7,0.4171,0,0,1,0,871,0,genuine,
db105594-fb46-42e4-a3b9-355a16378c79,2026-09-10T17:01:01.586115,Rahul,rahul@demo,756.84,1.8783,0,0,3,0.4683,0,0,0,0,644,0,genuine,
155960e9-c892-40c1-8029-31c408392160,2026-09-11T18:11:01.650581,QuickCash,quickcash@demo,900.95,1.6897,0,1,7,0.1111,0,0,0,0,626,0,genuine,
95b61de0-27a8-4a96-b97d-9659c1cad7b3,2026-09-09T19:44:01.676900,RewardDesk,rewarddesk@demo,2500.68,0.8541,0,1,5,0.4822,0,0,0,0,1508,1,new_mule_fraud,0.9675
e1f00654-268d-4426-a5e5-3867252a97b5,2026-09-09T13:38:01.618320,Rahul,rahul@demo,3390.19,0.5285,0,1,8,0.2936,0,0,0,0,1147,0,genuine,
7f000440-4877-40ad-8cf8-ebdbd91a1190,2026-09-09T17:04:01.638141,Neha,neha@demo,4509.51,2.0137,0,1,13,0.0626,0,0,0,0,390,0,genuine,
360b8a56-cd74-495b-9d51-18b482bd3473,2026-09-09T18:53:01.649821,QuickCash,quickcash@demo,761.77,0.6146,0,1,19,0.0927,0,0,0,0,1624,0,genuine,
2a3bd13e-5f81-4ded-9b71-f53cbd69e89c,2026-09-11T14:43:01.641806,RewardDesk,rewarddesk@demo,970.09,0.7476,0,1,6,0.1412,0,0,0,0,342,1,new_mule_fraud,0.8761
088a505f-e421-4adc-a314-fe033343a234,2026-09-10T04:45:01.770101,Rahul,rahul@demo,377.58,1.0589,1,0,19,0.3795,0,0,1,0,2205,0,genuine,
f82779af-9ac3-467d-8b41-0a885c3e6b2c,2026-09-10T15:08:01.612207,RewardDesk,rewarddesk@demo,2241.01,0.6165,0,1,16,0.3072,0,0,0,0,989,0,genuine,
d8f2f1b4-2d45-4e21-8fb4-0e45eb113add,2026-09-12T01:55:01.690537,RewardDesk,rewarddesk@demo,2390.98,0.7903,0,2,6,0.4474,0,0,0,0,1697,0,genuine,
e9e3b76d-5b39-4311-b37e-2c5cef4c60dd,2026-09-09T14:57:01.643184,Rahul,rahul@demo,971.96,1.5922,0,5,24,0.2658,0,0,1,0,2347,0,genuine,
03bf99f0-2c35-4e92-a2ba-ea3189e1a127,2026-09-09T16:15:01.739588,RewardDesk,rewarddesk@demo,667.48,1.4157,1,0,10,0.4626,0,1,0,0,316,0,genuine,
f93db229-618c-4e0b-9490-527acd1d1284,2026-09-10T05:23:01.751475,Neha,neha@demo,848.72,1.3849,1,0,11,0.2878,0,0,0,0,374,1,new_mule_fraud,0.8977
007748b2-5022-4efb-a6df-003b5baf1938,2026-09-11T13:00:01.546661,Rahul,rahul@demo,3001.59,1.0118,1,0,13,0.351,0,0,0,0,1419,0,genuine,
024580bf-d63a-41c7-8b06-faa1a28751bb,2026-09-10T09:08:01.615616,RewardDesk,rewarddesk@demo,983.79,1.3588,0,4,16,0.4421,0,1,0,0,757,0,genuine,
adbd9175-70f4-44df-83a8-9f8ba9e54eff,2026-09-09T15:40:01.600479,RewardDesk,rewarddesk@demo,6020.07,0.8002,0,2,8,0.3302,1,1,0,0,1506,0,genuine,
6fd7dec8-cb24-4173-bbb2-fb06cdddc7fe,2026-09-11T07:23:01.677528,QuickCash,quickcash@demo,3442.48,1.1116,1,0,17,0.352,0,0,0,0,314,1,new_mule_fraud,0.8706
0d00a059-13ff-4094-b97d-b0f26377d797,2026-09-09T19:06:01.643901,RewardDesk,rewarddesk@demo,5616.15,0.2329,0,0,24,0.4783,0,0,0,0,2271,0,genuine,
67c54169-6121-4cc0-ae2b-7355f79f9df3,2026-09-10T04:00:01.581835,Neha,neha@demo,3780.36,2.1808,1,2,5,0.1095,1,0,1,0,2483,0,genuine,
496ab450-b7c8-4659-a359-ccaadbe4cef4,2026-09-11T10:17:01.650366,Neha,neha@demo,1990.12,1.8034,0,1,2,0.5169,0,0,0,0,2323,0,genuine,
abd71931-484e-4701-ab94-94f95ae5820a,2026-09-10T11:03:01.672303,RewardDesk,rewarddesk@demo,2496.26,1.7368,0,2,12,0.0951,0,0,0,0,2282,0,genuine,
a00d7990-cc2b-46f5-b0ec-aca853553ad4,2026-09-10T03:33:01.646070,Rahul,rahul@demo,2409.55,0.8643,0,2,4,0.1669,0,0,0,1,1947,0,genuine,
3c5beab4-9fe6-48f7-82f5-6b51c209b993,2026-09-12T07:01:01.592482,Rahul,rahul@demo,3356.68,0.3391,0,0,23,0.186,0,0,0,0,389,0,genuine,
488785ff-5850-4087-abca-424eace2542d,2026-09-12T09:15:01.719761,RewardDesk,rewarddesk@demo,2037.14,0.9479,0,0,11,0.4631,0,1,0,0,1431,1,new_mule_fraud,0.8682
6a70e4c1-30a5-4106-8878-9544407a6bf6,2026-09-11T17:53:01.668155,Neha,neha@demo,2734.54,2.0269,0,1,2,0.5413,0,0,0,0,908,0,genuine,
e9a9f53a-9a03-47a3-b692-9fb2aec5acb0,2026-09-09T23:33:01.753328,Neha,neha@demo,1701.26,0.2506,0,2,7,0.503,0,0,0,0,738,0,genuine,
20747770-21cf-4d19-825c-9545d4f85b44,2026-09-10T07:43:01.550032,RewardDesk,rewarddesk@demo,2373.84,0.4448,0,0,21,0.081,0,0,0,0,2041,0,genuine,
062d0950-080e-4710-92f6-4ea80588514c,2026-09-10T22:22:01.644477,Rahul,rahul@demo,3744.27,2.0758,0,0,1,0.2792,0,1,0,0,1827,0,genuine,
30e3b960-a788-4071-b696-e0c40f00f2da,2026-09-12T10:31:01.737799,Rahul,rahul@demo,877.01,1.4012,0,3,5,0.0884,0,0,1,0,1962,0,genuine,
5550433c-de34-48b1-ad36-654ccee20c12,2026-09-11T21:54:01.654409,Neha,neha@demo,2714.01,0.7978,0,1,23,0.1996,0,0,0,0,2447,0,genuine,
4139a5ac-4f3a-4fd3-96c8-c9991cc7ac18,2026-09-11T09:12:01.721683,RewardDesk,rewarddesk@demo,2041.77,0.3524,0,0,6,0.1914,0,0,0,1,1452,1,new_mule_fraud,0.9708
6beeea51-6058-43a9-bc15-46127c368e83,2026-09-11T03:31:01.736262,RewardDesk,rewarddesk@demo,590.38,0.355,0,0,14,0.3546,0,0,0,0,1243,0,genuine,
250dd4d6-733b-4583-bf2e-89ff5abe9672,2026-09-11T04:47:01.654002,Neha,neha@demo,1964.78,1.2927,0,0,17,0.3625,0,0,0,0,333,0,genuine,
bd35c91f-0c45-4cbe-a2ba-cf5b2a74b240,2026-09-10T05:52:01.734873,Neha,neha@demo,2493.33,1.2424,1,2,15,0.3695,0,0,1,0,1615,0,genuine,
1490ec4b-841a-4641-abf8-cba011155cc7,2026-09-09T20:17:01.569166,Rahul,rahul@demo,932.57,2.1089,0,3,15,0.3752,0,0,1,0,1610,0,genuine,
d558038c-adae-4791-bf56-e9e7e25b7447,2026-09-11T21:00:01.713028,Neha,neha@demo,2433.56,0.2251,0,0,13,0.3658,0,0,0,0,1395,0,genuine,
8a55e908-eed9-43ca-9eae-1519aaba2484,2026-09-10T20:23:01.542920,RewardDesk,rewarddesk@demo,676.69,0.9035,0,1,8,0.1817,0,0,0,0,2304,0,genuine,
48ddadb5-9e3b-4583-9052-1829e224ef3c,2026-09-11T02:59:01.583359,Rahul,rahul@demo,395.83,0.4227,0,1,6,0.1747,0,0,0,0,1238,0,genuine,
691be511-5db3-452d-9828-a34a634cefc3,2026-09-10T05:16:01.621504,RewardDesk,rewarddesk@demo,1332.44,1.8809,0,6,17,0.451,0,0,0,0,2424,0,genuine,
a07480c2-c3ff-46f1-b2d2-e99fc7171482,2026-09-11T13:50:01.656972,Neha,neha@demo,2236.38,0.7953,0,2,2,0.2381,0,0,0,0,1127,0,genuine,
3f15a002-f2f5-416e-ba79-d3ce192f9a61,2026-09-09T16:17:01.601549,Neha,neha@demo,921.1,1.8384,1,0,1,0.2264,0,1,0,0,1466,0,genuine,
d204281d-bcde-4662-91e3-500626815db6,2026-09-12T06:08:01.740469,Rahul,rahul@demo,1621.69,0.6069,0,1,23,0.2269,0,0,0,0,1754,0,genuine,
1a6fbbf8-4578-4fcf-8eca-c44229f10844,2026-09-10T15:47:01.565809,RewardDesk,rewarddesk@demo,1486.69,1.4457,0,0,23,0.4217,0,0,0,0,1147,1,new_mule_fraud,0.8676
e39b007d-283b-4b4d-912b-6d7efc27b487,2026-09-10T11:28:01.711616,RewardDesk,rewarddesk@demo,678.76,0.5772,1,1,18,0.1418,0,1,0,0,574,0,genuine,
db61032c-4b87-463a-906c-461b5def3279,2026-09-10T08:16:01.688381,Neha,neha@demo,2885.48,0.7114,0,1,16,0.3978,0,0,0,0,295,0,genuine,
138cd167-a4bc-477b-b61a-e0a90795cd90,2026-09-10T20:54:01.579999,RewardDesk,rewarddesk@demo,456.55,1.4261,0,1,10,0.3739,0,0,0,0,1866,0,genuine,
98d9d13b-441d-403f-a62a-70784fccc9f6,2026-09-09T13:34:01.540089,Rahul,rahul@demo,8860.97,1.0839,0,1,14,0.2301,0,0,0,0,1515,0,genuine,
fc1c8f44-384a-4e86-99c3-a903ddd91b2b,2026-09-11T20:05:01.588818,Rahul,rahul@demo,2877.55,2.0983,0,0,15,0.1792,0,0,0,0,164,0,genuine,
79b015cc-890b-4267-aaca-b835d311f140,2026-09-10T05:56:01.596195,Neha,neha@demo,500.5,1.633,0,2,10,0.0554,0,0,1,0,459,0,genuine,
10aa4298-6235-4ac3-a4ee-741bb52b3def,2026-09-10T11:24:01.669794,Neha,neha@demo,3175.23,2.1513,0,1,18,0.2953,0,0,0,0,1578,0,genuine,
f7ae891d-6eef-4e87-97c0-7574499bbf56,2026-09-09T13:25:01.692514,QuickCash,quickcash@demo,3727.31,1.0873,0,3,13,0.2646,0,1,0,0,280,0,genuine,
ac3116c7-edf1-4e6c-83bd-ba2fcd88b2b5,2026-09-12T11:20:01.589171,QuickCash,quickcash@demo,1291.67,2.0836,0,1,18,0.2405,0,0,0,0,906,0,genuine,
ebe9eb9b-2d7d-4abe-a3c8-e4a7c648662b,2026-09-11T20:35:01.776836,RewardDesk,rewarddesk@demo,3063.21,0.7252,0,2,6,0.4052,0,0,1,0,239,0,genuine,
92d84e0e-75f2-44e1-8ab2-923653fa8d20,2026-09-12T00:36:01.544148,QuickCash,quickcash@demo,13451.61,0.2518,1,1,23,0.2384,0,0,0,0,938,0,genuine,
2b607c79-fa1f-4aa4-bd1f-e85543aad6a4,2026-09-11T19:24:01.772846,Neha,neha@demo,428.17,1.2064,0,1,13,0.1871,0,0,0,0,677,0,genuine,
8879aca3-6a0f-4247-8604-959e35830531,2026-09-11T16:00:01.609792,QuickCash,quickcash@demo,1091.98,1.1078,0,1,20,0.3029,0,0,0,0,928,0,genuine,
2daaf7bb-1d63-4e2c-b01a-474598492b77,2026-09-10T14:24:01.541788,QuickCash,quickcash@demo,4093.82,0.4111,0,1,4,0.2058,0,0,0,0,261,0,genuine,
46c06d7d-5d00-4120-868d-c6ca0ebc4f1b,2026-09-12T13:08:01.580487,RewardDesk,rewarddesk@demo,1216.91,1.3912,0,1,12,0.3087,0,0,0,1,143,0,genuine,
72c11534-0171-4f1f-ae81-108b7e52db36,2026-09-11T05:49:01.589000,QuickCash,quickcash@demo,1624.09,1.7908,0,1,19,0.4684,0,0,0,0,2468,0,genuine,
780a4c6c-db48-4177-b2db-868aa9f8a58c,2026-09-09T18:42:01.607499,QuickCash,quickcash@demo,2627.09,1.7741,0,0,19,0.1189,0,0,0,0,1609,0,genuine,
b842079b-7e90-4072-abba-849b280a707f,2026-09-11T15:21:01.587209,Neha,neha@demo,1292.6,0.8814,0,2,11,0.3893,0,0,0,0,1104,0,genuine,
8449cf7d-0658-470a-baf2-117eb597d418,2026-09-12T12:20:01.667994,RewardDesk,rewarddesk@demo,1449.08,0.3115,0,0,15,0.2805,0,0,0,0,1483,1,new_mule_fraud,0.9899
0376a22a-2d8b-4eec-9be3-d4c3dda9a319,2026-09-09T13:14:01.735830,QuickCash,quickcash@demo,2060.28,0.3942,0,0,18,0.5377,0,0,0,0,1876,0,genuine,
f399df85-c525-4d74-88d2-687674dd87fd,2026-09-10T06:02:01.772493,Rahul,rahul@demo,1142.03,0.99,1,3,8,0.3135,0,0,0,0,1628,0,genuine,
cf08a9b6-cec2-47c1-84ba-8673f80f172c,2026-09-11T06:46:01.694491,Neha,neha@demo,1267.5,0.3252,0,1,24,0.3459,0,1,0,0,2018,0,genuine,
aa0325bf-7559-4385-959e-4770a16d0651,2026-09-11T22:05:01.571795,QuickCash,quickcash@demo,1337.36,0.9553,0,2,16,0.2499,0,0,0,0,1289,0,genuine,
151b5c2f-e0a2-44ac-bfc5-012f1f5d5f08,2026-09-12T10:43:01.619941,Neha,neha@demo,761.29,0.9718,0,0,15,0.5409,0,0,0,0,436,0,genuine,
bcc1b056-219d-427a-845d-5cbcebe7dc75,2026-09-11T05:09:01.781883,Rahul,rahul@demo,4928.07,0.9802,0,2,21,0.3678,0,1,0,0,2133,0,genuine,
4caf9257-0f82-4e9b-9eaf-1ee68decb3db,2026-09-11T03:36:01.690065,Neha,neha@demo,1076.51,1.1757,1,3,13,0.4914,0,0,0,0,2455,0,genuine,
35d4f6ac-2132-4a30-a3cc-eaf556210755,2026-09-09T18:48:01.762627,RewardDesk,rewarddesk@demo,1125.2,2.0952,0,1,2,0.1039,0,0,0,0,616,0,genuine,
cb43c952-612f-4536-9253-51b6ec5aaee8,2026-09-09T22:26:01.707138,Neha,neha@demo,15656.95,0.9987,0,2,2,0.3191,0,1,0,0,2293,0,genuine,
f3fe0581-e262-4503-80f1-274e61ef3bfa,2026-09-10T20:27:01.583873,Neha,neha@demo,3295.4,1.7135,0,3,11,0.2637,0,0,0,0,1191,0,genuine,
ec07140f-51b3-4940-a4cb-e500785b2c40,2026-09-10T08:26:01.631199,Rahul,rahul@demo,1162.65,2.0064,1,0,18,0.101,0,0,0,0,1499,0,genuine,
09210e9d-b4a0-4dba-82c1-9ba345858ce5,2026-09-11T01:22:01.566227,RewardDesk,rewarddesk@demo,717.66,0.7794,0,2,7,0.1321,0,0,0,0,767,0,genuine,
d123cb36-45b5-4995-bb57-640eba3e41e8,2026-09-09T18:00:01.646177,Neha,neha@demo,1549.7,0.3072,0,0,21,0.1508,0,0,0,0,1673,0,genuine,
ea052285-64f9-45fd-99be-28a8f7142491,2026-09-11T22:55:01.727770,Rahul,rahul@demo,1546.47,1.3269,0,0,19,0.1758,0,0,0,0,1773,0,genuine,
c4f80b68-5aca-468e-bbc8-a0121bf59395,2026-09-10T07:50:01.645739,Rahul,rahul@demo,20975.81,2.1153,0,7,36,0.6653,1,0,3,0,240,1,old_fraud,
5896ff3a-f82f-49f1-ad00-c7b3d021968e,2026-09-10T06:41:01.777668,QuickCash,quickcash@demo,850.83,0.499,1,2,11,0.1218,0,0,0,0,966,0,genuine,
f2c66b5f-22b9-4797-a98a-027a9c27682c,2026-09-11T09:40:01.656771,Neha,neha@demo,2028.3,0.3684,0,3,14,0.3993,0,0,0,0,629,0,genuine,
a3f5ed02-b599-4bb3-94eb-85e74909d441,2026-09-09T21:28:01.630731,Rahul,rahul@demo,1103.88,1.0589,0,0,8,0.1393,0,0,0,0,1811,0,genuine,
dcc3e723-0314-4e4c-a79c-d7179e86b236,2026-09-11T05:57:01.623126,RewardDesk,rewarddesk@demo,1408.36,1.8244,0,2,24,0.4435,0,0,0,0,1559,0,genuine,
a5f39203-b3fb-4e78-9e36-db5c388e1041,2026-09-10T19:17:01.718381,RewardDesk,rewarddesk@demo,4302.36,2.087,0,1,20,0.2202,0,0,0,0,1353,0,genuine,
d7cd8c6e-10f1-4987-bacc-0e8ebb7152ff,2026-09-10T00:15:01.557342,RewardDesk,rewarddesk@demo,3490.78,1.2695,0,1,7,0.109,0,0,0,0,1239,1,new_mule_fraud,0.9951
66472637-7629-438c-aa63-9ce6c7e13f0e,2026-09-11T23:36:01.697043,Neha,neha@demo,1203.06,1.4449,0,0,16,0.0797,0,0,0,0,354,0,genuine,
6f5b1735-4870-427e-bace-b94c850c827f,2026-09-11T20:42:01.742037,Neha,neha@demo,1707.14,1.8729,0,3,11,0.084,0,0,0,0,2205,0,genuine,
ab32495b-e3a5-4493-8117-0a5219e2d0c2,2026-09-10T08:18:01.706123,QuickCash,quickcash@demo,405.76,1.963,0,3,3,0.4642,0,0,0,0,1113,0,genuine,
eeb0d101-865f-491f-9290-1b04d44d2c14,2026-09-11T07:20:01.681010,Neha,neha@demo,774.34,2.1568,0,1,21,0.2583,0,1,1,1,2487,0,genuine,
c04e05ca-be35-4f55-9026-39b911ac67ed,2026-09-11T06:27:01.697717,Neha,neha@demo,5883.63,0.604,1,0,18,0.3289,0,0,0,0,1133,0,genuine,
05827030-62f5-4f96-b3ee-59944a0b1186,2026-09-10T10:54:01.607436,Rahul,rahul@demo,3203.0,1.0545,0,1,9,0.3002,0,0,0,0,2479,0,genuine,
1e87fe1d-2a38-4a95-8a40-3505c36a8b2a,2026-09-12T09:43:01.562057,RewardDesk,rewarddesk@demo,2031.72,0.8579,1,3,19,0.2932,0,0,0,0,856,0,genuine,
927e6970-b410-4e72-a383-729450b2afb1,2026-09-09T23:32:01.680145,Rahul,rahul@demo,293.05,0.5985,1,1,9,0.1717,0,0,1,0,1081,0,genuine,
66183357-8335-4fc9-a45f-39e35f4cc0d4,2026-09-11T09:13:01.650208,Rahul,rahul@demo,2431.34,1.8252,0,0,16,0.3871,0,0,0,0,925,0,genuine,
55561e7b-3d7d-4fc3-8a95-8ee5d71c147f,2026-09-10T23:01:01.581538,Neha,neha@demo,917.11,0.9316,0,1,14,0.1916,0,0,0,0,744,0,genuine,
ca79d574-98e0-427d-ac2f-eba21d7c1aa0,2026-09-09T20:55:01.735617,Rahul,rahul@demo,260.63,0.8979,1,1,10,0.0538,0,0,0,0,1348,0,genuine,
d7a87096-a601-4e34-a3cb-0c00b2d36eef,2026-09-09T13:42:01.755087,QuickCash,quickcash@demo,1519.49,0.215,0,2,11,0.5481,0,0,0,0,1855,0,genuine,
82ece413-7823-4419-9066-037a46705c1f,2026-09-10T19:54:01.695175,Rahul,rahul@demo,813.25,0.9348,0,2,18,0.0566,0,0,1,0,1227,0,genuine,
d62f41e6-8121-41b8-b886-b3b2f10b6f44,2026-09-11T09:20:01.662094,RewardDesk,rewarddesk@demo,3104.12,0.6835,0,1,11,0.203,0,0,0,0,1994,0,genuine,
e5c7fa87-1184-4099-bf8c-715b5cf96ce9,2026-09-11T11:40:01.737998,Neha,neha@demo,1686.78,0.9015,0,2,15,0.5261,0,1,0,1,448,0,genuine,
4049b39f-b653-4ded-9382-8cd36df0b5e4,2026-09-11T00:18:01.747007,RewardDesk,rewarddesk@demo,42195.98,4.921,0,4,49,0.8585,1,0,1,0,130,1,old_fraud,
71a30132-63fe-4133-b560-ffb8719b8627,2026-09-09T20:46:01.650982,RewardDesk,rewarddesk@demo,2034.28,1.1759,0,0,21,0.2859,0,0,0,0,857,1,new_mule_fraud,0.9565
c3f1fee4-7df3-4b77-8ff1-47966c8b36ea,2026-09-12T11:45:01.556699,QuickCash,quickcash@demo,947.57,0.9483,0,4,8,0.1385,0,0,0,0,1752,0,genuine,
03ba361d-d7fa-48a7-b929-7f189a24be56,2026-09-11T10:05:01.526970,Neha,neha@demo,351.5,1.5878,0,1,10,0.529,0,0,0,0,1796,0,genuine,
73fa172c-2ab4-48c1-90b1-d8a47b9325ba,2026-09-09T14:17:01.689718,QuickCash,quickcash@demo,1323.35,0.3258,1,0,22,0.5451,0,0,1,0,2178,0,genuine,
98c54cdb-6070-45ea-8215-3b6833b635dd,2026-09-11T18:37:01.640121,RewardDesk,rewarddesk@demo,1020.04,1.4359,1,2,17,0.3845,0,0,0,0,1097,0,genuine,
fcea113c-dc07-4469-b522-f40dd8bd4ba5,2026-09-12T12:47:01.706061,Neha,neha@demo,3012.42,1.5211,0,2,23,0.2373,0,0,1,0,410,0,genuine,
5eb49e9a-ef2b-4735-aeec-51dc7094ea6b,2026-09-11T23:55:01.670761,QuickCash,quickcash@demo,1277.55,2.014,0,3,16,0.2475,0,0,0,0,2394,0,genuine,
e599cf5e-e772-4481-9a40-17df1509d957,2026-09-11T09:22:01.637126,RewardDesk,rewarddesk@demo,2101.61,0.599,0,0,13,0.3192,0,0,0,0,2424,0,genuine,
746abe2d-250c-49dd-8137-d4b158feb136,2026-09-10T21:54:01.590967,QuickCash,quickcash@demo,297.34,2.1694,0,4,12,0.1187,0,0,0,0,1557,0,genuine,
bce7d13e-16fc-4e52-8787-e08cef49282f,2026-09-11T13:54:01.754344,Neha,neha@demo,453.32,0.9633,0,0,10,0.1992,0,0,0,0,789,0,genuine,
0bc0c4fa-b2a9-4e5a-9beb-4610d1a97baf,2026-09-11T22:19:01.677797,Rahul,rahul@demo,1311.05,2.187,0,0,9,0.5018,0,0,0,0,1984,0,genuine,
ac62fd4f-23e7-4006-9850-0d6584108710,2026-09-10T13:27:01.631904,Neha,neha@demo,8746.91,0.9811,0,2,6,0.1673,0,0,0,0,502,0,genuine,
1bedbcf5-5080-41a9-b06c-5cb95548d0f6,2026-09-09T21:34:01.636292,Rahul,rahul@demo,656.11,2.1966,0,0,10,0.5366,0,0,0,0,2239,0,genuine,
653d30a1-d1d8-445c-96e7-ac3231faf2be,2026-09-11T18:16:01.667051,Neha,neha@demo,29820.9,4.1265,0,3,30,0.8615,4,1,3,0,86,1,old_fraud,
2beb003b-f5a3-45e2-ae6b-4132533e4bc5,2026-09-11T02:41:01.634814,Rahul,rahul@demo,1243.23,0.4186,0,1,4,0.2862,0,0,0,0,1304,0,genuine,
a5b71cab-01f0-4e12-80b6-fc4b87545f18,2026-09-09T14:41:01.748040,QuickCash,quickcash@demo,1525.29,0.6352,1,2,13,0.4449,0,0,0,0,1804,0,genuine,
5b73eced-c4eb-44ba-be33-ca5526418df9,2026-09-10T06:45:01.603159,Rahul,rahul@demo,3266.21,1.7931,0,1,12,0.4052,0,0,1,0,285,0,genuine,
0c72836f-f396-4d25-bd32-742f4337905d,2026-09-11T05:50:01.668102,Neha,neha@demo,2309.48,1.4395,0,0,21,0.1702,0,0,0,1,1931,0,genuine,
684298f0-46a1-4703-8364-7eb61fcc0176,2026-09-10T11:30:01.532135,RewardDesk,rewarddesk@demo,915.7,1.9284,0,3,21,0.3842,0,0,1,0,1360,0,genuine,
8f1e8d1e-1480-4d2f-8088-2f41b6228ecd,2026-09-11T09:51:01.573874,Rahul,rahul@demo,575.98,1.5533,0,0,22,0.3403,0,0,0,0,704,0,genuine,
fe0c4a4d-df92-418a-8236-fa8c4669750d,2026-09-10T15:23:01.651709,Neha,neha@demo,924.94,0.8548,0,0,24,0.4591,0,0,0,0,1369,0,genuine,
0b1e3edb-3e2a-4f4a-9671-f8368b52f23e,2026-09-12T02:59:01.529893,Rahul,rahul@demo,769.48,0.5321,0,2,15,0.4605,0,0,0,0,693,0,genuine,
d43e122d-a429-46c3-873a-3b6e6723c5fd,2026-09-10T19:03:01.623052,Neha,neha@demo,1847.0,1.7253,0,1,14,0.4744,0,0,0,0,524,0,genuine,
be9d26b7-6395-4884-b849-55a912372bde,2026-09-11T04:50:01.568411,Rahul,rahul@demo,142.04,1.4217,0,3,12,0.2266,0,0,1,0,1051,0,genuine,
2a806dda-23ee-408c-8f32-11d7475a138e,2026-09-11T02:22:01.651942,Rahul,rahul@demo,971.31,0.894,0,0,9,0.4629,0,0,0,0,412,0,genuine,
027cd657-cd56-4440-90b6-e62223a59a79,2026-09-11T23:57:01.599240,Neha,neha@demo,4229.54,2.0647,0,4,19,0.4603,0,0,0,0,787,0,genuine,
49d7bccf-58be-4ce6-8e67-5786093a20fd,2026-09-11T07:14:01.646344,RewardDesk,rewarddesk@demo,1265.19,1.7052,0,1,11,0.4153,0,0,1,0,1126,0,genuine,
6369fa66-101d-4f12-a94e-cf5f90b3fe5e,2026-09-10T21:35:01.592834,Rahul,rahul@demo,1460.43,1.5141,1,1,24,0.2592,0,0,0,0,2162,0,genuine,
88926505-9039-4089-bda6-9ec6f0cbddd1,2026-09-12T13:44:01.779728,Rahul,rahul@demo,510.06,1.5987,0,2,21,0.2785,0,0,1,0,471,0,genuine,
aa3d5bd4-aa1d-4c94-88c4-0f99f5e53264,2026-09-10T13:39:01.623729,QuickCash,quickcash@demo,3160.76,1.5689,0,1,2,0.3956,0,0,1,0,1435,0,genuine,
ba48adda-07d0-4b5c-bc4e-6600e4d35806,2026-09-09T18:55:01.608879,RewardDesk,rewarddesk@demo,3045.77,1.6958,1,1,7,0.0959,0,0,0,0,1233,0,genuine,
81d84bb7-ba42-4e21-9883-8d01743bff90,2026-09-09T20:53:01.754801,Neha,neha@demo,1104.09,1.8148,0,2,1,0.2983,0,1,0,0,1000,0,genuine,
a0651946-0872-4683-88b3-b16388475cb0,2026-09-11T14:37:01.653306,QuickCash,quickcash@demo,14035.78,4.0558,1,5,57,0.9117,1,0,3,0,114,1,old_fraud,
c0f7c610-e109-4910-9e19-f45c87d7ab00,2026-09-09T14:37:01.601417,Rahul,rahul@demo,2264.24,1.185,0,0,4,0.4035,0,0,0,0,2164,0,genuine,
de95b958-1c85-49b5-b066-903e4e0b2117,2026-09-12T04:42:01.578151,RewardDesk,rewarddesk@demo,1858.11,0.9216,0,0,15,0.4779,0,0,0,0,592,1,new_mule_fraud,0.929
58947e6d-1c64-4604-b7d2-29d17e9ae88f,2026-09-11T22:19:01.768817,RewardDesk,rewarddesk@demo,1612.06,1.2992,0,2,3,0.1085,0,0,0,0,541,0,genuine,
5d9a9bb9-eeff-45a0-8a3c-86b47b279a1e,2026-09-11T06:02:01.675592,Neha,neha@demo,37978.67,3.8366,1,4,29,0.8875,4,0,3,0,133,1,old_fraud,
497a8b3d-4c63-494c-b5f9-d7f9c6b139a6,2026-09-09T18:45:01.737543,Rahul,rahul@demo,221.73,0.3053,0,2,19,0.4379,0,0,1,0,2284,0,genuine,
4e4b31d7-c18b-4dc3-8894-59944ad7dc8a,2026-09-11T00:16:01.741178,Neha,neha@demo,2287.69,1.0815,0,2,4,0.3624,0,0,1,0,1792,0,genuine,
87886567-e6f7-47b5-8e36-1d50e8ff9a5c,2026-09-10T06:16:01.711341,Rahul,rahul@demo,291.86,1.3954,1,2,7,0.1529,0,1,0,0,684,0,genuine,
7b380bde-cb4a-4224-a9a5-080e525cf6f0,2026-09-10T18:58:01.676268,RewardDesk,rewarddesk@demo,433.91,0.4259,0,1,12,0.3147,0,0,0,0,722,0,genuine,
8bfad19e-fa21-45c2-81c7-c5e021e480ab,2026-09-11T10:49:01.697559,QuickCash,quickcash@demo,4052.03,0.3161,0,5,4,0.0936,0,1,0,0,1579,0,genuine,
3b726ebc-9b1b-41a3-8a45-fe5ee1e07ae2,2026-09-12T06:45:01.648229,Neha,neha@demo,209.48,1.2411,0,1,14,0.5025,0,0,0,0,288,0,genuine,
059a9ec4-8511-4b04-aa54-e42aaded43ca,2026-09-11T10:30:01.619817,Neha,neha@demo,1206.66,1.3927,0,0,9,0.3271,0,0,0,0,1453,0,genuine,
581a8309-dcb7-4465-94b8-84fe2f94ae3d,2026-09-10T17:25:01.674339,Neha,neha@demo,1930.13,1.9465,0,0,6,0.5007,0,0,0,0,1771,0,genuine,
96f0af49-4b1a-43ae-91b7-6fca95c1bba8,2026-09-11T18:31:01.691441,Rahul,rahul@demo,6477.43,1.9568,0,0,6,0.0573,0,1,0,0,1539,0,genuine,
ca4d948e-bd3c-4dc8-99e8-5f9fae0ee346,2026-09-10T05:33:01.731620,RewardDesk,rewarddesk@demo,100.18,1.0431,0,1,6,0.4514,0,0,0,0,2068,0,genuine,
9ce647b0-92a7-46c2-8bfa-2baa05e875c2,2026-09-09T23:47:01.640846,RewardDesk,rewarddesk@demo,1506.52,0.4939,0,0,7,0.2753,0,0,0,0,641,0,genuine,
303a73be-63d6-46f4-9d1e-435fd415a6e2,2026-09-09T17:15:01.654514,QuickCash,quickcash@demo,821.58,1.2038,0,0,19,0.2819,0,0,1,0,1432,0,genuine,
d9c75901-f59f-46d5-8719-f619a32bf3e4,2026-09-09T14:34:01.636346,RewardDesk,rewarddesk@demo,3873.34,1.9181,0,1,7,0.1556,1,0,0,0,1522,0,genuine,
dd6e4639-4d64-4f7d-98b8-2aacdf52dcb9,2026-09-10T12:53:01.720644,Neha,neha@demo,2311.63,1.0828,1,2,5,0.4597,0,0,0,0,2389,0,genuine,
5db5b26e-c139-4a5f-bce4-ac01050a1ea3,2026-09-09T19:37:01.612867,Rahul,rahul@demo,2103.01,0.7623,0,2,22,0.0921,0,0,1,0,426,0,genuine,
f908a705-74a4-434f-819d-c0322b1ab3f3,2026-09-10T05:42:01.620741,Neha,neha@demo,2695.87,1.7922,0,2,2,0.3855,0,0,1,0,420,0,genuine,
58736174-a44f-4a2a-8349-2e752f301bac,2026-09-11T10:45:01.674030,RewardDesk,rewarddesk@demo,642.15,1.8683,0,1,7,0.3813,0,1,0,0,2392,0,genuine,
504df802-f40b-417c-af2b-14bf9e02ab13,2026-09-10T16:55:01.742077,RewardDesk,rewarddesk@demo,2518.93,0.7853,0,0,12,0.1284,0,0,0,0,362,1,new_mule_fraud,0.9755
fa6ee833-40f5-4fe1-96cd-8179e0c0833b,2026-09-10T15:39:01.755299,RewardDesk,rewarddesk@demo,2120.23,1.4497,0,1,11,0.3987,0,1,0,0,1287,0,genuine,
f258ddea-6c51-4c68-aa5b-e54859b63f8b,2026-09-11T14:55:01.743782,Rahul,rahul@demo,586.55,0.8691,0,0,17,0.2916,0,1,0,0,380,0,genuine,
a54bd119-b6ef-4f5e-a82c-cda51d411a53,2026-09-10T02:39:01.642114,RewardDesk,rewarddesk@demo,42578.65,4.5221,1,5,56,0.867,2,1,1,0,57,1,old_fraud,
3a9ad0ac-8bef-4c66-b00a-d73e408c35c9,2026-09-09T13:06:01.743284,Rahul,rahul@demo,978.08,1.9594,1,1,16,0.326,0,0,0,0,1714,0,genuine,
6a49d76d-f3b6-4f88-8430-04b3ba6e9618,2026-09-10T19:47:01.741490,RewardDesk,rewarddesk@demo,2585.39,1.2607,0,1,13,0.2272,0,0,0,0,1422,1,new_mule_fraud,0.9471
7b44ab71-a6b9-428b-8d58-0b4e834a7309,2026-09-12T11:54:01.543705,QuickCash,quickcash@demo,1485.18,1.6479,1,1,9,0.2502,0,0,0,0,2238,0,genuine,
1d14d703-955a-4a0a-9987-022646fb1a70,2026-09-12T10:58:01.765283,QuickCash,quickcash@demo,6871.42,0.9046,0,0,11,0.3952,0,0,0,0,219,0,genuine,
a13ea751-ceed-4e28-b34e-ec098bb9b2ba,2026-09-12T13:40:01.777561,Rahul,rahul@demo,1425.91,0.2149,1,0,2,0.3412,0,1,0,0,2154,0,genuine,
55af0a8a-ad55-4fb7-8678-35b07d31086d,2026-09-10T22:36:01.748519,RewardDesk,rewarddesk@demo,913.16,0.3364,0,1,10,0.4198,0,0,0,0,1399,1,new_mule_fraud,0.9513
d97946c0-79fe-448a-8724-15fb09d23623,2026-09-10T15:18:01.563712,Neha,neha@demo,447.16,1.8564,0,1,14,0.1438,0,0,0,0,2483,0,genuine,
fed098d6-0540-46c1-889b-82697ecb30dd,2026-09-11T10:46:01.527108,Neha,neha@demo,368.09,0.7978,0,0,11,0.2275,0,0,0,0,1191,0,genuine,
0ef62dbb-d45a-45b5-b7b8-0d3460fac200,2026-09-10T17:35:01.597414,Rahul,rahul@demo,346.61,0.6453,0,0,3,0.4469,0,0,0,0,363,0,genuine,
5a998488-5487-48b2-a8fe-93859597595d,2026-09-09T13:40:01.673171,QuickCash,quickcash@demo,1074.05,0.3637,1,2,21,0.0727,0,0,0,0,1332,0,genuine,
a740a39f-2f6d-4102-b945-aad6aaf565a1,2026-09-11T00:20:01.747779,Neha,neha@demo,38167.24,3.7538,1,4,35,0.7963,3,1,2,1,203,1,old_fraud,
433b082f-6f9c-44d1-85ca-af628c2bfad9,2026-09-11T18:12:01.683780,Neha,neha@demo,5541.14,1.8208,1,1,2,0.4448,0,0,0,0,1497,0,genuine,
82add7a9-f0c5-4fd9-b45f-81893ccedf81,2026-09-12T09:16:01.678267,Neha,neha@demo,40567.51,2.7335,1,6,23,0.7718,1,0,1,0,184,1,old_fraud,
0caf9866-aa14-4a51-86bb-b903d7605c7c,2026-09-10T07:27:01.783138,Neha,neha@demo,1296.91,1.0469,0,2,8,0.331,0,0,0,1,980,0,genuine,
a94d8092-2690-4d3e-b545-fca1bca09879,2026-09-11T03:37:01.619662,Neha,neha@demo,577.67,1.3333,0,0,15,0.4603,0,0,0,0,2356,0,genuine,
57d94092-fb12-45d5-a577-3994d08e3b79,2026-09-10T16:11:01.530416,Rahul,rahul@demo,3681.95,0.5593,0,2,7,0.2271,0,0,1,0,497,0,genuine,
261eff63-5476-41f9-8934-55e2fa22a249,2026-09-12T00:21:01.724004,Rahul,rahul@demo,4554.12,0.3222,1,1,21,0.1334,0,0,0,0,1874,0,genuine,
d4dbfa5f-eff5-4a87-b4cc-3c292cb471d8,2026-09-10T01:38:01.752532,RewardDesk,rewarddesk@demo,510.87,1.0782,0,2,23,0.056,0,1,1,1,256,0,genuine,
6401122c-f7db-404e-8b09-53df468b02be,2026-09-09T14:26:01.765335,Rahul,rahul@demo,759.87,0.5788,0,0,2,0.2722,0,0,0,0,345,0,genuine,
8d086158-ab0e-4700-a8c4-8d71fc678253,2026-09-10T09:16:01.666958,Neha,neha@demo,503.84,1.2324,0,1,8,0.2643,0,0,0,0,421,0,genuine,
fbf6903f-561b-4770-b3ba-98c22e1d21a1,2026-09-10T04:21:01.753488,Neha,neha@demo,13842.93,2.019,1,1,23,0.3521,0,0,0,0,702,0,genuine,
00f69b99-b2ce-484d-afc3-233a8a29125f,2026-09-09T13:39:01.616873,RewardDesk,rewarddesk@demo,1282.45,1.114,0,1,12,0.1446,0,0,1,0,575,0,genuine,
2acd8346-5a66-4bd3-9c22-96b66ebfd740,2026-09-12T06:39:01.740201,Rahul,rahul@demo,409.05,1.2634,0,1,3,0.2011,0,0,0,0,519,0,genuine,
65e87bb1-c8c9-4fa9-8a38-22ba30b142b2,2026-09-10T21:10:01.684558,QuickCash,quickcash@demo,17547.1,2.2171,1,4,56,0.96,1,0,2,0,179,1,old_fraud,
fb6d6fe0-2303-4e78-bbad-8a1c39efc60c,2026-09-11T21:35:01.705750,Rahul,rahul@demo,817.65,1.0309,1,2,23,0.4349,0,0,0,0,340,0,genuine,
390a45bb-8641-46b4-9c1a-c05dfa4bb5a5,2026-09-11T10:00:01.699244,RewardDesk,rewarddesk@demo,2463.22,2.1711,0,0,2,0.3461,0,0,0,0,461,0,genuine,
67520b75-370f-4fc5-bbf0-a2a484e5965e,2026-09-09T16:23:01.694396,RewardDesk,rewarddesk@demo,3299.61,0.6187,0,0,6,0.4109,0,0,0,0,879,1,new_mule_fraud,0.9575
1dcf4f02-e8ca-4113-ab76-e7cb29a60e04,2026-09-11T11:23:01.698518,Neha,neha@demo,1194.83,0.7843,0,3,12,0.2369,0,0,1,0,1832,0,genuine,
04998937-f0ad-45a5-a810-c3057a4e1c4d,2026-09-10T17:17:01.719566,Rahul,rahul@demo,517.94,1.0086,1,1,17,0.3876,0,0,0,0,418,0,genuine,
8734b0c1-3a8a-4b63-98a0-9ad521972a3a,2026-09-11T05:10:01.650893,Neha,neha@demo,841.09,0.6805,0,0,17,0.2238,0,0,0,0,2111,0,genuine,
d4cfa70d-733d-4bc1-a1c8-4054a4779fbc,2026-09-11T16:58:01.605736,Neha,neha@demo,1458.82,0.7945,0,0,5,0.1638,0,0,0,0,1096,0,genuine,
4a9d1a4d-27a0-41ce-a451-5eb7975a88f9,2026-09-12T13:34:01.658174,RewardDesk,rewarddesk@demo,997.52,0.5254,0,0,4,0.4865,0,0,1,0,936,0,genuine,
7ccdd330-ca03-4c20-8c20-c5da7d94c11c,2026-09-11T00:09:01.648903,Rahul,rahul@demo,4596.07,0.6736,0,2,17,0.3487,0,0,0,0,1783,0,genuine,
9a352055-5c3f-432d-9d00-784004cfe0e4,2026-09-09T19:11:01.670494,Neha,neha@demo,13619.28,4.7838,0,7,39,0.9558,3,1,3,1,241,1,old_fraud,
e4969239-a1c4-4eb4-9520-c53ef0ebc2ab,2026-09-11T07:41:01.719079,QuickCash,quickcash@demo,908.96,2.1991,0,0,3,0.1236,0,0,0,0,1144,0,genuine,
f3681e73-9689-4e29-9cde-ebd9e2340879,2026-09-12T09:44:01.566596,QuickCash,quickcash@demo,2456.55,2.1238,1,3,5,0.4407,0,0,0,0,633,0,genuine,
93573189-ac51-4923-b4b3-2b326f7baa3c,2026-09-11T05:55:01.647349,Rahul,rahul@demo,2459.36,0.8264,0,2,16,0.1425,0,0,0,0,418,0,genuine,
99e8a5cb-6362-4f63-bb59-60a48b43af17,2026-09-12T10:57:01.682800,Neha,neha@demo,494.96,2.1915,1,1,1,0.465,0,1,0,0,1259,0,genuine,
f47bbc2b-6023-4fe6-95d2-72ce5bad82b7,2026-09-10T00:35:01.659341,Rahul,rahul@demo,386.55,2.0575,0,1,10,0.0634,0,1,0,1,1736,0,genuine,
fa861380-d5d5-4c96-a9e1-c193cc3aa899,2026-09-10T09:22:01.743835,Rahul,rahul@demo,2228.63,1.1897,0,4,17,0.2264,0,0,0,0,1228,0,genuine,
f77233b7-4211-4458-9ddc-fdfc4ab699f7,2026-09-09T13:10:01.634144,Neha,neha@demo,1868.01,1.2993,0,4,23,0.4479,0,0,0,0,2137,0,genuine,
096039e1-d246-42f0-8a56-9a21f2b14540,2026-09-11T09:06:01.671560,RewardDesk,rewarddesk@demo,1605.39,0.264,0,0,23,0.2321,0,0,0,0,812,0,genuine,
376f7589-0a13-43ca-9615-d3a38dbb338d,2026-09-11T07:38:01.651656,Rahul,rahul@demo,1332.41,2.1438,1,1,9,0.2573,0,1,0,0,154,0,genuine,
1e5093c6-837d-4376-8a9a-8c7e1976368c,2026-09-11T21:10:01.763532,RewardDesk,rewarddesk@demo,1689.96,0.8059,0,1,17,0.4096,0,0,0,0,806,1,new_mule_fraud,0.852
fd189064-aba6-47b2-a9b7-446efac752fc,2026-09-10T08:26:01.531371,Rahul,rahul@demo,2463.34,1.1356,1,2,6,0.0745,1,0,0,0,1216,0,genuine,
bebbc952-6585-4005-a5dd-37998233ff3a,2026-09-12T03:32:01.627492,Rahul,rahul@demo,517.78,1.5398,0,0,18,0.3313,0,0,0,0,1552,0,genuine,
4f8b0839-ab02-4ee1-aaa9-5f70dc5c3aea,2026-09-09T17:13:01.760654,Neha,neha@demo,2920.83,0.9301,0,0,4,0.2288,0,0,0,0,1482,0,genuine,
c419a05d-a2eb-450d-b7dd-8aad6ff2a222,2026-09-12T12:34:01.689888,Rahul,rahul@demo,1254.78,2.1189,0,2,8,0.2449,0,0,0,1,734,0,genuine,
c2ce0ba8-696d-4eb2-946c-9949b78a1be2,2026-09-10T22:41:01.603477,RewardDesk,rewarddesk@demo,6487.59,0.5796,0,2,6,0.3892,0,0,0,0,1702,0,genuine,
8e2bf018-c395-487e-a3b4-b1f28341609a,2026-09-11T17:49:01.692567,RewardDesk,rewarddesk@demo,1044.0,1.0819,0,1,15,0.488,0,0,0,0,1161,0,genuine,
85860e48-2189-4666-a846-f7e6cc9d8ef7,2026-09-11T22:07:01.769486,Neha,neha@demo,1461.47,0.4609,0,2,11,0.1518,0,0,1,0,1748,0,genuine,
8c20ec9b-f180-4c95-9850-14a4aaf28701,2026-09-12T09:34:01.642275,Rahul,rahul@demo,1281.29,1.5035,0,0,14,0.5475,0,0,1,0,667,0,genuine,
60acdcee-b191-48c8-8770-6b221191832d,2026-09-10T10:30:01.591534,Neha,neha@demo,417.48,0.6651,1,2,5,0.3422,0,0,0,0,1401,0,genuine,
6d245ee8-24bf-40ea-aa8b-1913babc4fba,2026-09-09T15:47:01.581293,QuickCash,quickcash@demo,2157.68,2.111,0,0,2,0.4411,0,0,0,0,873,0,genuine,
37bcfd0e-1e50-444e-a8d7-1791a7da6c9f,2026-09-12T01:28:01.539277,QuickCash,quickcash@demo,9471.88,0.8782,0,0,17,0.5243,0,0,0,1,118,0,genuine,
20c0445f-83ac-42f2-88dd-940e2f80d481,2026-09-11T04:30:01.641004,Rahul,rahul@demo,1172.02,1.5216,1,2,17,0.1469,0,0,0,0,969,0,genuine,
cea66036-b350-4688-8fcb-39c1449b6a05,2026-09-09T15:20:01.691389,Neha,neha@demo,4854.63,0.3853,0,0,18,0.1225,1,0,1,0,1138,0,genuine,
b1c328e1-0bdb-452f-8993-ea8b780ac541,2026-09-11T00:57:01.575083,Rahul,rahul@demo,541.96,1.5048,1,0,7,0.2412,0,0,0,0,2340,0,genuine,
f2e752f6-aef3-4ffa-a140-c333068dd350,2026-09-12T09:13:01.549927,Neha,neha@demo,802.21,1.9101,0,0,13,0.1115,1,0,1,0,2187,0,genuine,
585f11b3-aa75-4915-b42c-b4760ea2b87d,2026-09-09T14:42:01.681167,Neha,neha@demo,1640.05,1.3211,1,0,23,0.1583,0,0,0,0,333,0,genuine,
94e62e6e-2a5c-4f5f-b439-4a0c156f949a,2026-09-10T16:49:01.659876,RewardDesk,rewarddesk@demo,908.62,1.5546,1,1,7,0.3974,0,1,0,0,1891,0,genuine,
57344ac1-dd01-4d71-9411-cc5f4b271783,2026-09-12T03:56:01.718263,Neha,neha@demo,2201.32,0.944,1,1,6,0.4478,0,0,0,1,474,0,genuine,
16e0494f-23a9-49b8-89de-267362d7f2d2,2026-09-09T21:51:01.670035,RewardDesk,rewarddesk@demo,1049.02,0.23,0,1,2,0.4081,0,0,0,0,1146,0,genuine,
209cec4d-a0c8-46dc-97a3-9911a07c58ef,2026-09-09T19:15:01.766865,Neha,neha@demo,1011.13,0.3051,0,0,15,0.3674,0,0,0,0,2213,0,genuine,
22e0fed9-9b87-4408-94ac-dd19ce9bbbdd,2026-09-11T07:44:01.690839,Neha,neha@demo,3021.11,1.6536,0,1,18,0.2803,0,0,0,0,1082,0,genuine,
f89adcd9-5173-4eb1-a5cf-6c117eb1ffbd,2026-09-12T07:27:01.741233,RewardDesk,rewarddesk@demo,3701.38,0.6012,0,2,22,0.2129,0,0,0,0,1432,0,genuine,
b4fe24e1-d22b-476a-8579-a9f7a10a844a,2026-09-09T14:42:01.692822,QuickCash,quickcash@demo,900.31,1.8329,1,2,9,0.3818,0,0,0,0,194,0,genuine,
3f17e139-ee00-4912-ac80-6f85ed57d5fa,2026-09-11T06:41:01.712511,Rahul,rahul@demo,818.12,0.9577,0,0,10,0.4136,0,0,1,0,1329,0,genuine,
f63551d8-e4a7-4d08-992e-1b091078a641,2026-09-11T20:12:01.621072,RewardDesk,rewarddesk@demo,1747.46,0.8523,0,1,8,0.2568,0,0,0,0,1553,1,new_mule_fraud,0.9486
18e4b2cc-2342-44a8-84e9-07d24a166279,2026-09-10T11:17:01.704877,Rahul,rahul@demo,2689.13,2.1352,0,2,9,0.5294,0,0,1,1,439,0,genuine,
2c1d7bcd-9894-4cd5-af20-98c6f8713807,2026-09-11T09:48:01.749990,Neha,neha@demo,781.37,0.9675,0,0,7,0.2358,0,0,0,0,2428,0,genuine,
5d898fff-a401-4ab9-a769-e4f01ee5e332,2026-09-10T14:48:01.610154,Rahul,rahul@demo,1162.85,1.653,0,4,19,0.4801,0,0,0,0,953,0,genuine,
00577f8e-09cb-4b16-9fcc-5276a42dc07a,2026-09-10T03:15:01.635184,Neha,neha@demo,449.43,0.343,0,1,3,0.5426,0,0,0,0,113,0,genuine,
31f42d4c-ff86-4359-ab9c-e286297f9ef7,2026-09-09T15:52:01.681681,RewardDesk,rewarddesk@demo,2159.71,0.6489,0,1,20,0.4016,0,0,0,0,386,0,genuine,
7fa1d2da-8eba-47e3-b833-60245062be37,2026-09-12T04:36:01.649994,QuickCash,quickcash@demo,722.87,0.5736,0,0,22,0.4152,0,0,0,0,1530,0,genuine,
60db0e71-eaac-4ddd-90ff-8684fb5af332,2026-09-10T09:19:01.744938,QuickCash,quickcash@demo,781.74,1.1853,0,2,24,0.1299,0,0,0,0,279,0,genuine,
e0b90fce-e583-45e3-a895-fe2fd549f16e,2026-09-09T19:52:01.695450,Rahul,rahul@demo,2566.81,1.6508,0,1,5,0.0656,0,0,0,1,1233,0,genuine,
f28281fc-1e30-4c67-85cd-b6b310d09707,2026-09-10T18:56:01.601815,Neha,neha@demo,805.62,2.0049,0,1,23,0.3316,0,0,0,0,2354,0,genuine,
c54a5063-3f6f-4270-89f6-257c7308abf4,2026-09-11T12:39:01.581618,Neha,neha@demo,2256.53,2.1159,1,2,19,0.4345,0,0,0,1,2340,0,genuine,
fe6ff43d-dcd2-4b51-9e74-d9fe5456bcb2,2026-09-11T14:12:01.631305,Rahul,rahul@demo,3561.96,1.1154,0,1,8,0.5067,0,1,0,0,698,0,genuine,
aa781d4b-864d-466b-9fa1-bcbb235fc617,2026-09-12T01:20:01.566503,QuickCash,quickcash@demo,1409.29,0.7469,0,3,7,0.2983,0,0,0,0,600,0,genuine,
9bf46f19-34ad-4f4f-845b-a7d303223a7d,2026-09-09T19:30:01.762784,Rahul,rahul@demo,1246.12,2.0484,0,2,10,0.5249,0,1,0,0,305,0,genuine,
0b3567dd-1dbd-476d-b486-bfd59f492081,2026-09-11T04:27:01.719200,QuickCash,quickcash@demo,1524.55,1.9772,0,0,24,0.4762,0,0,0,0,602,0,genuine,
353a191a-b4ef-41a6-be63-da44f13070b0,2026-09-11T02:53:01.732432,QuickCash,quickcash@demo,900.0,0.5616,1,1,21,0.311,0,0,0,1,1109,0,genuine,
0be25100-80eb-4823-b004-f5df9c59ef31,2026-09-10T19:14:01.533463,Neha,neha@demo,1457.48,0.2574,0,1,5,0.5014,0,0,0,0,1711,0,genuine,
c869f2d5-d943-4e6d-b518-a5e211bf5e72,2026-09-10T09:44:01.619012,RewardDesk,rewarddesk@demo,629.13,2.1525,0,2,6,0.1349,0,1,0,0,2338,0,genuine,
1bc7ae8a-b325-4054-bf8e-3a5f1ce97d43,2026-09-10T14:40:01.571639,Rahul,rahul@demo,1363.33,1.2579,0,1,10,0.0972,0,0,0,0,1922,0,genuine,
710df3b4-bd38-4485-ae67-1cab94cefa6d,2026-09-10T22:34:01.702634,RewardDesk,rewarddesk@demo,670.67,1.4902,0,1,19,0.3015,0,0,0,0,1595,0,genuine,
9e3323cd-33b1-4f97-8fea-67bc3bc94613,2026-09-10T12:17:01.739646,Rahul,rahul@demo,278.37,0.9885,0,1,14,0.2324,0,0,0,0,1075,0,genuine,
d47d79bf-cd9a-4f31-a688-9f9db30ae50e,2026-09-10T10:54:01.719396,RewardDesk,rewarddesk@demo,1581.35,0.5196,0,0,6,0.3898,0,0,0,0,2321,0,genuine,
0613f47f-8667-4b64-b733-a9f0b0b2248d,2026-09-09T20:39:01.776682,Rahul,rahul@demo,3562.5,1.1646,0,2,3,0.311,0,0,0,0,1067,0,genuine,
859d62a9-a8ff-4b72-9e78-a184e4bd21f9,2026-09-12T03:32:01.753183,RewardDesk,rewarddesk@demo,681.21,1.5116,0,0,13,0.1683,0,1,0,1,1959,0,genuine,
bd2f9add-ac1a-4d6c-b42a-28446e648048,2026-09-10T13:58:01.620264,Rahul,rahul@demo,43451.03,2.9611,1,4,36,0.9997,3,0,3,1,83,1,old_fraud,
b3449e46-7c5a-408a-80ee-a0cf2ba2dc93,2026-09-10T03:07:01.646616,Neha,neha@demo,2730.89,1.143,0,2,5,0.2594,0,0,0,0,2168,0,genuine,
2f4fb51b-fb3c-48c2-aa90-837b159710f9,2026-09-10T03:17:01.661601,RewardDesk,rewarddesk@demo,2111.39,1.3293,0,1,7,0.337,0,0,0,0,854,1,new_mule_fraud,0.9252
01ae2a7c-71f7-4533-af3b-7a3e6dede8b3,2026-09-11T02:13:01.637231,Rahul,rahul@demo,1318.18,1.4101,0,1,10,0.1638,0,0,0,0,1454,0,genuine,
88e28c24-33ea-4f36-abeb-6f057d819842,2026-09-12T00:18:01.629656,QuickCash,quickcash@demo,31150.0,3.021,0,4,39,0.9186,3,1,2,0,197,1,old_fraud,
39715b2f-3bbf-4290-a9e7-8303502924d1,2026-09-10T10:18:01.545622,QuickCash,quickcash@demo,1886.86,1.4355,0,3,1,0.369,0,0,0,0,1642,0,genuine,
cc59a2b5-6fe7-49e9-becc-a7fe0ee79cbd,2026-09-10T06:33:01.644677,Rahul,rahul@demo,678.6,0.9873,0,0,14,0.2806,0,0,0,0,2448,0,genuine,
d5cab6bf-f980-403f-bf0d-3dec3c484706,2026-09-09T20:04:01.649171,Neha,neha@demo,846.1,0.4249,0,2,1,0.4214,1,1,0,0,1805,0,genuine,
b4c8e491-ec63-483b-8427-a35e63d10f27,2026-09-11T19:11:01.540821,Neha,neha@demo,281.6,1.6959,0,1,21,0.1176,1,0,0,0,1809,0,genuine,
79e07743-ac49-4529-96c6-5d39c02c0d9e,2026-09-10T09:05:01.772190,Neha,neha@demo,2154.01,0.3771,0,1,3,0.1769,0,0,0,1,2289,0,genuine,
69988e23-c3df-456f-ac95-c69d45414643,2026-09-11T21:00:01.543519,Neha,neha@demo,1566.41,1.8103,0,1,10,0.2374,0,0,0,0,1550,0,genuine,
a721ce07-6480-4c89-ad0a-ff9a0c2f74b7,2026-09-12T06:11:01.691977,RewardDesk,rewarddesk@demo,2906.18,0.7937,0,1,11,0.2565,0,0,0,0,969,0,genuine,
79ae7f87-d693-42ac-ae98-e8f6d8adda78,2026-09-12T11:41:01.696241,Neha,neha@demo,857.29,2.024,0,3,22,0.1732,0,1,0,0,747,0,genuine,
3d7731d6-69ff-4c93-8953-38f9321a09d1,2026-09-10T17:16:01.687264,Rahul,rahul@demo,1631.34,1.1249,0,3,14,0.5336,0,0,0,0,1167,0,genuine,
e3c61c27-1c0f-4b5a-8ecc-7a56ca905352,2026-09-11T21:36:01.753126,Neha,neha@demo,497.84,1.9567,0,1,4,0.2215,0,0,0,0,408,0,genuine,
e0e96abe-9d3f-42ce-94f6-e982a8841057,2026-09-11T09:53:01.737944,RewardDesk,rewarddesk@demo,1224.02,1.3088,0,0,14,0.1431,0,0,0,0,1284,1,new_mule_fraud,0.9343
f2f20676-bcfc-455b-94ec-c53aa89891a1,2026-09-11T04:12:01.703726,RewardDesk,rewarddesk@demo,1264.2,0.5196,0,1,15,0.1492,0,0,0,0,783,0,genuine,
18696cc0-8a69-4931-8e5e-223b2193a09b,2026-09-11T12:16:01.710079,Neha,neha@demo,1239.08,2.0911,0,0,8,0.1039,0,0,0,0,122,0,genuine,
fee5abfb-a663-482b-a389-0d0ee55df38b,2026-09-10T16:35:01.757761,RewardDesk,rewarddesk@demo,1270.84,0.8444,0,0,11,0.1123,0,1,0,0,1325,0,genuine,
e2111412-8dce-490b-a776-0ec9447e7ee0,2026-09-10T23:48:01.737002,Rahul,rahul@demo,1296.66,1.5848,0,3,8,0.533,0,1,0,0,2032,0,genuine,
0b7d9963-0859-47ed-9c7c-28c0a2b87098,2026-09-12T12:59:01.605060,RewardDesk,rewarddesk@demo,3202.31,0.859,0,0,22,0.3307,0,0,0,0,341,0,genuine,
958599d8-ab60-4705-aca8-a2a138f696af,2026-09-09T15:12:01.655973,RewardDesk,rewarddesk@demo,4475.31,0.5726,0,2,22,0.3212,0,1,0,0,717,0,genuine,
afbc3c2d-7adf-4483-8390-12e4b5544839,2026-09-11T13:20:01.670655,Neha,neha@demo,1052.44,1.6556,0,1,11,0.3993,0,0,1,0,2046,0,genuine,
496adb3b-8c8f-4d54-add0-045971489866,2026-09-11T09:02:01.594086,RewardDesk,rewarddesk@demo,1051.0,1.6192,0,3,7,0.4824,0,0,0,0,1116,0,genuine,
85b7bd7e-2b4a-4cb5-9d73-6e09b12b9a84,2026-09-11T19:41:01.622721,RewardDesk,rewarddesk@demo,1527.94,0.902,0,1,16,0.14,0,0,0,0,1090,0,genuine,
1d1c3879-af3e-470d-a283-68de01bb5a64,2026-09-10T12:53:01.657025,Rahul,rahul@demo,525.76,0.6646,1,1,11,0.384,1,0,0,0,649,0,genuine,
8111c662-461e-4b69-916b-425c91f5e95c,2026-09-10T10:11:01.670391,Rahul,rahul@demo,19570.3,3.3866,1,5,35,0.7356,4,0,1,1,72,1,old_fraud,
153c1310-59fd-403b-ac3d-7ccf0e994db9,2026-09-12T06:14:01.670708,Rahul,rahul@demo,584.46,0.2388,0,1,6,0.1455,0,0,0,0,2274,0,genuine,
d6ee7dd2-1afb-4f40-8390-bfd5b959e19d,2026-09-11T13:23:01.762958,Neha,neha@demo,224.44,2.0213,0,1,14,0.4648,0,0,1,0,2313,0,genuine,
c8eb507b-0973-4832-a979-cf6b1c339e22,2026-09-12T13:52:01.584488,RewardDesk,rewarddesk@demo,3450.82,0.3275,1,1,14,0.2887,0,0,1,0,428,0,genuine,
b2923158-25e2-4391-8841-02c0855edd4e,2026-09-10T22:49:01.721032,RewardDesk,rewarddesk@demo,2098.47,0.3614,0,0,16,0.1016,0,0,0,0,1658,1,new_mule_fraud,0.9033
636d208d-5f35-4c21-b39e-e956429bf914,2026-09-09T15:29:01.707004,RewardDesk,rewarddesk@demo,1372.6,1.8542,1,1,19,0.195,0,0,0,0,2207,0,genuine,
cdceb84c-4de6-4b2f-b2b3-ca2a9651d9c4,2026-09-12T02:37:01.695068,Rahul,rahul@demo,3666.28,0.6311,0,0,23,0.4361,0,0,0,1,226,0,genuine,
81d873d7-92bf-448c-a2b9-bedd95fcb38f,2026-09-10T16:20:01.729293,RewardDesk,rewarddesk@demo,822.09,1.0511,0,3,7,0.2157,0,0,1,0,1543,0,genuine,
0dcc190c-1be8-404d-b228-217b3a795039,2026-09-10T01:02:01.615680,Rahul,rahul@demo,1152.74,1.6974,0,5,6,0.5316,0,1,0,0,2112,0,genuine,
34643a41-6035-40d6-997b-765d67a10267,2026-09-11T18:59:01.713550,QuickCash,quickcash@demo,1688.94,2.0754,1,2,12,0.3634,0,0,0,0,180,0,genuine,
39fba004-f803-4b1b-a4fc-181816f7988d,2026-09-11T03:35:01.563801,Neha,neha@demo,3477.32,0.9603,0,1,2,0.4091,0,0,0,1,1997,0,genuine,
8d1558c2-f031-43d3-9ae0-4e470f4c315d,2026-09-11T05:22:01.783861,Rahul,rahul@demo,3040.8,1.6705,1,0,7,0.5118,0,0,0,0,812,0,genuine,
09895463-4e07-4c98-a803-d0b37f4eb513,2026-09-11T12:22:01.737651,Rahul,rahul@demo,583.83,0.6985,0,0,23,0.1575,0,0,0,0,2229,0,genuine,
5d2a1fd3-c2b4-4d52-8cad-148dcec10eba,2026-09-10T01:50:01.694923,Neha,neha@demo,1059.35,1.2003,0,0,20,0.2422,0,0,1,0,164,0,genuine,
83bdfaf1-47d6-4f94-b71c-5ca6b8667d2e,2026-09-11T16:09:01.618952,Neha,neha@demo,733.6,1.5906,1,4,1,0.5473,1,0,0,0,456,0,genuine,
60fa06b2-ad71-47c7-a19c-fee20ed6c97d,2026-09-11T17:37:01.530225,Rahul,rahul@demo,4958.33,1.3239,0,1,1,0.4862,0,1,0,0,2378,0,genuine,
4cd670a7-413c-4164-846f-723451995b4c,2026-09-09T20:33:01.662602,QuickCash,quickcash@demo,941.54,1.3413,0,2,3,0.1322,0,0,0,0,1724,0,genuine,
3996f29c-765b-4fbd-b745-0fbbc8f5d9e0,2026-09-11T23:38:01.765795,RewardDesk,rewarddesk@demo,889.07,0.967,1,0,23,0.4156,0,0,0,0,742,1,new_mule_fraud,0.9259
cc2c50c0-5e82-4034-a578-44080ae69bad,2026-09-09T19:17:01.611955,Neha,neha@demo,785.83,1.5743,0,0,16,0.518,0,0,1,0,2373,0,genuine,
0c39adda-35e5-4e0a-86fc-4b46cd758048,2026-09-12T06:22:01.778021,Rahul,rahul@demo,1105.08,1.1273,1,0,17,0.2645,0,0,0,0,2283,0,genuine,
c6c618c7-b916-4b70-91be-15ff10ab0d35,2026-09-09T19:33:01.720414,Rahul,rahul@demo,1097.34,0.9534,1,0,24,0.5381,1,0,1,0,978,0,genuine,
ef9d16c0-3d65-41b7-9770-d083611cee85,2026-09-09T23:11:01.578295,RewardDesk,rewarddesk@demo,226.4,2.046,0,2,12,0.163,0,0,0,0,2390,0,genuine,
bc0cbe8a-9716-46bf-a4aa-a7c7a12393d4,2026-09-10T19:50:01.730488,RewardDesk,rewarddesk@demo,944.69,2.0233,0,0,13,0.363,0,0,1,0,493,0,genuine,
d6c5ce00-96ef-4823-8ae5-88717e3d057f,2026-09-12T07:00:01.605616,RewardDesk,rewarddesk@demo,2706.49,1.0354,1,0,15,0.5056,1,1,0,0,2029,0,genuine,
7d3180dc-c689-4f38-8faf-4df2b0ad45c5,2026-09-12T10:24:01.651039,Neha,neha@demo,283.31,0.4232,0,1,3,0.4803,0,0,0,0,1693,0,genuine,
d5721936-9ae3-4ebc-91a0-3decbbbe2c38,2026-09-09T14:26:01.683833,Neha,neha@demo,622.59,1.1551,0,0,20,0.1352,0,0,1,0,199,0,genuine,
f0f5edce-d398-4441-a9c1-6697a945b80c,2026-09-11T20:40:01.767774,Neha,neha@demo,162.62,1.326,0,1,23,0.362,0,0,0,0,1436,0,genuine,
cb7f819c-0698-48de-9bc2-50c1bae2827a,2026-09-09T20:48:01.610622,RewardDesk,rewarddesk@demo,2948.94,0.9189,0,0,19,0.2402,0,1,0,0,1271,1,new_mule_fraud,0.9005
5eb05985-f051-4187-923a-7f272791fed3,2026-09-11T13:03:01.783486,RewardDesk,rewarddesk@demo,567.37,0.7908,0,4,22,0.3814,0,0,0,0,2246,0,genuine,
6356782d-43a0-4aae-b6ff-af990474db5a,2026-09-11T18:56:01.659745,Rahul,rahul@demo,29503.58,4.721,1,4,53,0.8398,1,0,1,1,144,1,old_fraud,
1acc66f7-9392-413c-abcb-650a0d9423de,2026-09-11T11:52:01.723480,RewardDesk,rewarddesk@demo,627.65,1.1483,0,1,22,0.3601,0,0,0,0,1290,0,genuine,
b67c9856-b218-48df-aaa5-5f4ce524358f,2026-09-10T09:05:01.626392,RewardDesk,rewarddesk@demo,693.06,1.7274,0,1,18,0.3127,0,0,0,0,550,0,genuine,
610a1944-bca0-4450-9564-4022d74403ee,2026-09-09T17:52:01.741981,RewardDesk,rewarddesk@demo,1212.3,0.5284,1,0,13,0.5288,0,0,0,0,2036,0,genuine,
c4a24c4e-b2d9-4208-a490-1e3241cf594d,2026-09-11T06:49:01.617000,Rahul,rahul@demo,986.68,1.7592,0,2,3,0.3135,0,0,1,0,2319,0,genuine,
81ae9a7c-d358-4a53-9230-f07caebc4df2,2026-09-09T22:41:01.765952,Neha,neha@demo,2323.42,0.8214,0,0,24,0.451,0,0,0,0,197,0,genuine,
427ad9fe-6a70-4d0b-b779-669fb38b07b9,2026-09-09T16:00:01.690786,RewardDesk,rewarddesk@demo,1235.87,1.1251,0,1,14,0.1541,0,0,0,1,2230,0,genuine,
a20acd1d-99d9-4c17-a4c1-2e24f7d5a617,2026-09-10T12:03:01.613464,RewardDesk,rewarddesk@demo,4357.95,1.2084,0,3,1,0.3023,0,0,0,0,2441,0,genuine,
94154b60-a67d-40a0-b14b-0183787ebc66,2026-09-10T23:39:01.629949,Neha,neha@demo,3596.81,0.5835,0,3,10,0.1109,0,0,0,0,1959,0,genuine,
aa26248e-0815-4610-a657-6f8c04358fd8,2026-09-11T04:00:01.635289,RewardDesk,rewarddesk@demo,747.74,0.2157,1,0,9,0.1565,0,0,0,1,1918,0,genuine,
1791d42e-e088-493f-a4ca-484a3d7d0c63,2026-09-10T15:09:01.642445,QuickCash,quickcash@demo,365.93,1.5176,0,2,4,0.5147,0,0,1,0,658,0,genuine,
ef0f4f40-0551-4771-806a-2f26bfc3f7f0,2026-09-11T01:21:01.646399,Neha,neha@demo,2091.41,1.8829,0,1,24,0.443,0,0,0,0,411,0,genuine,
27dbef71-fc55-4dd9-acac-85c24d857b55,2026-09-10T23:09:01.711400,Neha,neha@demo,1125.29,2.0915,0,1,8,0.4244,0,0,0,0,1017,0,genuine,
17feffcf-f1ab-4719-97a8-635dbc054b02,2026-09-10T00:17:01.745151,Neha,neha@demo,506.54,1.4059,0,0,16,0.0613,0,0,0,0,1840,0,genuine,
1416fa55-c588-4b6f-ab40-8bbaa21eba7d,2026-09-12T01:31:01.783246,Rahul,rahul@demo,2518.4,1.8002,0,0,12,0.4498,0,0,0,0,1313,0,genuine,
d69bcf58-f9f4-499f-a340-6122f3f83b3a,2026-09-10T02:38:01.557261,Neha,neha@demo,1016.31,1.5113,1,0,14,0.2807,0,0,0,0,219,0,genuine,
65c2c680-f102-423b-97b6-b8f72eeb33d8,2026-09-09T16:08:01.748623,Neha,neha@demo,3401.37,0.2014,0,1,21,0.4896,0,0,1,0,1707,0,genuine,
c4c701e8-614e-4b8e-8ec2-87d950a3e973,2026-09-10T05:22:01.614915,RewardDesk,rewarddesk@demo,492.62,1.1674,0,1,1,0.4175,0,1,0,0,1320,0,genuine,
14a3e13a-eeb8-4c67-a031-3f033b6ca6ff,2026-09-09T15:48:01.697344,RewardDesk,rewarddesk@demo,860.87,0.2556,0,2,23,0.054,0,0,0,0,963,0,genuine,
0b6587ca-289f-4bd8-ac7e-7bb88afce179,2026-09-10T17:25:01.752220,RewardDesk,rewarddesk@demo,1356.8,1.2003,0,1,5,0.2349,0,0,0,0,2486,0,genuine,
f7587c6d-de72-425a-a0b1-a122c26adb75,2026-09-12T07:42:01.536910,Neha,neha@demo,1009.88,0.3382,0,1,17,0.2953,0,0,0,0,1363,0,genuine,
cbb5bad4-78eb-42ae-ba84-da689fa3fa84,2026-09-12T03:04:01.565577,Rahul,rahul@demo,343.01,2.0998,0,0,19,0.4498,0,0,0,0,318,0,genuine,
9b871db0-06b5-4da0-9031-8d3df46538e5,2026-09-11T08:49:01.746837,RewardDesk,rewarddesk@demo,506.06,2.1675,0,1,23,0.5099,0,0,0,0,1608,0,genuine,
08630c79-6a50-4b48-8135-3605ee36d8fa,2026-09-11T22:51:01.612679,Rahul,rahul@demo,3237.71,1.5862,1,1,10,0.0726,0,0,0,0,1958,0,genuine,
141173f6-781f-46ae-b694-fa3b67252a8b,2026-09-11T18:07:01.605413,RewardDesk,rewarddesk@demo,156.44,1.1258,1,1,16,0.5075,0,1,1,0,1278,0,genuine,
47acf1cc-e98d-4824-8b21-fc3434ada566,2026-09-10T12:52:01.619979,RewardDesk,rewarddesk@demo,1018.69,1.0076,0,1,20,0.1702,0,0,0,1,1027,1,new_mule_fraud,0.9185
1b013b21-7652-4359-bd8a-89f29fe83169,2026-09-12T12:56:01.754749,Rahul,rahul@demo,970.99,1.8624,1,1,17,0.0704,0,0,1,0,1344,0,genuine,
e68a019c-9b41-4749-ad9c-d015e2493735,2026-09-09T18:37:01.644369,Neha,neha@demo,491.79,0.8563,0,0,12,0.2164,0,0,0,0,829,0,genuine,
d0432f2a-10c0-4d71-b231-62c6016fad5a,2026-09-11T20:34:01.688595,RewardDesk,rewarddesk@demo,1561.63,2.0129,0,1,10,0.502,0,0,0,0,606,0,genuine,
aebb2362-9515-4e84-9a2c-4962de5dde84,2026-09-09T15:56:01.783808,Rahul,rahul@demo,1971.54,2.0612,0,1,8,0.3816,0,1,0,0,591,0,genuine,
166c4342-5570-428d-91a7-5733704c478e,2026-09-10T20:36:01.700372,RewardDesk,rewarddesk@demo,320.02,1.5802,0,0,9,0.1849,0,0,0,0,1136,0,genuine,
6c7fb246-a528-41e0-a4eb-a91ae0319719,2026-09-09T13:23:01.783591,RewardDesk,rewarddesk@demo,839.03,1.4157,1,0,14,0.3931,0,0,0,0,1645,0,genuine,
b31d740d-2f6a-4631-a276-a22a1fc71cb2,2026-09-12T11:13:01.617417,RewardDesk,rewarddesk@demo,2586.82,0.3455,0,0,12,0.3385,0,1,0,1,2334,0,genuine,
5e0de876-9ef6-4f3c-94e1-ff33eefe6044,2026-09-10T01:04:01.765757,RewardDesk,rewarddesk@demo,2168.95,1.3998,1,1,15,0.4484,0,0,0,0,902,0,genuine,
e60432d3-abb7-42d8-9734-33beab81508f,2026-09-11T18:24:01.584087,RewardDesk,rewarddesk@demo,1444.32,1.7416,0,3,1,0.1577,0,0,0,0,1843,0,genuine,
186a2f3a-48de-4a17-990a-98de07312514,2026-09-10T15:43:01.778876,Neha,neha@demo,1147.41,0.8638,0,2,15,0.4734,0,0,0,0,168,0,genuine,
ae142013-e5f7-4818-842d-3dd33256ea2e,2026-09-10T01:16:01.698875,RewardDesk,rewarddesk@demo,2189.11,0.8453,0,1,15,0.1468,0,0,0,0,1308,0,genuine,
a3523c7a-8e45-4b80-98fe-bea207408275,2026-09-12T11:36:01.670549,RewardDesk,rewarddesk@demo,379.82,1.8348,0,0,3,0.4705,0,0,0,0,2313,0,genuine,
8e8743ca-e06f-4094-a357-46c07012603f,2026-09-11T11:11:01.669162,Neha,neha@demo,1954.44,0.8998,0,1,15,0.0753,0,0,0,0,1820,0,genuine,
3f07dad3-f3e8-4145-bb01-bbb9e03e88be,2026-09-11T11:06:01.632536,Rahul,rahul@demo,5192.0,0.4365,0,1,11,0.2789,0,0,1,0,1434,0,genuine,
c3fc791e-e797-4116-860c-30d4fc3dbffe,2026-09-11T02:09:01.644009,QuickCash,quickcash@demo,355.26,0.6517,0,2,5,0.1428,0,0,0,0,2311,0,genuine,
11cc5ed8-3ba3-43a9-991b-6b16eff6128c,2026-09-09T22:41:01.660446,RewardDesk,rewarddesk@demo,966.53,0.2256,1,5,4,0.4257,0,0,0,0,2340,0,genuine,
433931d9-1320-4189-a402-fdb77377741a,2026-09-12T09:57:01.712687,Rahul,rahul@demo,27872.37,4.6201,1,4,40,0.9053,4,0,2,0,189,1,old_fraud,
244f8b4f-338e-4a59-8314-7304364e51bf,2026-09-11T14:06:01.763495,RewardDesk,rewarddesk@demo,1583.76,0.2763,0,1,13,0.3119,0,0,0,0,304,0,genuine,
69e70991-6527-4718-8831-fe24a816c7d6,2026-09-12T10:42:01.780459,Neha,neha@demo,1673.52,0.7708,0,0,2,0.3546,0,0,0,0,502,0,genuine,
f4090561-7448-4ceb-9890-ce8f7215764b,2026-09-09T22:04:01.708232,QuickCash,quickcash@demo,352.17,1.5872,1,2,19,0.2918,0,0,0,0,1971,0,genuine,
14cb8b06-1f08-4945-8543-bd1c81238815,2026-09-09T21:54:01.714320,Rahul,rahul@demo,6591.68,1.1189,0,1,2,0.2939,0,0,0,0,244,0,genuine,
2a8084dc-826d-4c29-8c61-f77d007772ed,2026-09-11T19:24:01.766056,RewardDesk,rewarddesk@demo,3408.17,1.4026,0,0,20,0.3196,0,1,0,0,2198,0,genuine,
8eb5aa15-2b99-4526-94fb-d7b3365c222e,2026-09-12T12:45:01.622361,QuickCash,quickcash@demo,5537.94,0.567,0,1,16,0.437,0,0,0,0,873,0,genuine,
664c08a4-89bb-4992-9eb7-24a06a724992,2026-09-10T00:09:01.647085,RewardDesk,rewarddesk@demo,673.69,1.127,0,0,17,0.3508,0,0,1,0,925,0,genuine,
86d4b58b-076d-4bb0-a4d6-71de63985d73,2026-09-12T11:26:01.612080,RewardDesk,rewarddesk@demo,1341.82,2.0866,0,3,10,0.4312,0,0,0,0,716,0,genuine,
59180b9b-f4c2-4f0b-88e2-09c9302883b8,2026-09-11T12:47:01.769023,RewardDesk,rewarddesk@demo,2606.78,1.3308,0,1,4,0.0912,0,0,1,0,664,0,genuine,
8c015531-ce79-4d3e-9353-918ab99407e5,2026-09-10T07:44:01.567412,Neha,neha@demo,15798.42,1.0924,0,1,23,0.1492,0,1,0,0,1288,0,genuine,
48236f31-64fe-4271-98fd-2ef5c023b1b7,2026-09-12T04:54:01.541342,RewardDesk,rewarddesk@demo,2882.08,0.4174,0,1,10,0.4721,0,0,0,0,830,1,new_mule_fraud,0.9588
72a6afde-895e-47a3-afaa-eecf02552320,2026-09-10T04:03:01.723359,Rahul,rahul@demo,800.97,1.8624,0,0,11,0.1585,0,0,0,0,2163,0,genuine,
21c1f7f1-a61f-44eb-8d71-616413af01d1,2026-09-10T03:05:01.766654,Rahul,rahul@demo,512.02,1.3743,0,2,21,0.219,1,0,1,0,2392,0,genuine,
530d7faa-d13e-4deb-8311-895d6bb0c076,2026-09-12T01:58:01.698357,Rahul,rahul@demo,737.93,1.8542,0,1,18,0.2137,0,0,0,0,273,0,genuine,
db818e7d-6e03-4291-a0c8-e45c27b14fa4,2026-09-11T00:08:01.655781,Neha,neha@demo,2472.14,1.7164,0,2,12,0.1397,0,0,0,0,1386,0,genuine,
2e7f3af3-6eee-4c31-81bf-14add069a2fd,2026-09-11T16:56:01.574638,RewardDesk,rewarddesk@demo,708.52,1.298,0,0,9,0.3549,0,0,0,0,1560,0,genuine,
82c00d6c-8a1e-4f38-97cc-3c4be8c490cb,2026-09-12T00:21:01.659128,RewardDesk,rewarddesk@demo,394.71,1.817,0,1,21,0.5286,0,0,0,0,1396,0,genuine,
818e69dc-cbad-4449-85ee-5c18ed313ee4,2026-09-10T00:28:01.613977,Rahul,rahul@demo,2327.58,1.1971,0,1,11,0.2002,0,0,1,0,176,0,genuine,
c8947495-eb84-4ea4-bbd2-0784e4235869,2026-09-09T15:12:01.637337,QuickCash,quickcash@demo,1762.86,1.9793,0,0,20,0.2914,1,0,0,0,1990,0,genuine,
afe1defc-3e5c-4b5e-998b-82a365e6d96e,2026-09-10T02:32:01.695736,RewardDesk,rewarddesk@demo,1114.35,0.4863,0,1,6,0.4228,0,0,0,0,527,1,new_mule_fraud,0.8923
1b863c43-cb5d-407f-8f06-9664b60c3434,2026-09-11T06:33:01.587528,QuickCash,quickcash@demo,529.71,1.3823,0,2,18,0.4226,0,0,0,0,666,0,genuine,
da74dcfd-ff6e-4378-83b9-a2deb81af8c1,2026-09-09T14:01:01.671241,Neha,neha@demo,1765.01,1.6935,0,2,7,0.4491,0,0,0,1,1813,0,genuine,
ce4a5fe8-1943-482a-8839-8339ae01d158,2026-09-10T00:08:01.737276,Neha,neha@demo,891.41,0.6142,0,2,1,0.2303,0,0,0,0,1147,0,genuine,
0b4c6720-3ed6-45f4-b429-a36126fab8e3,2026-09-12T05:11:01.758112,QuickCash,quickcash@demo,2700.75,1.4403,1,1,6,0.4892,0,0,0,0,1737,1,new_mule_fraud,0.9203
d0ef5088-c3f1-4d25-bcda-ffc65959b117,2026-09-10T20:57:01.588261,Neha,neha@demo,817.02,1.039,0,1,2,0.5124,0,0,0,0,1411,0,genuine,
111a86b7-b176-4448-988a-006f52e9d6d1,2026-09-09T17:49:01.644116,RewardDesk,rewarddesk@demo,1767.72,1.6393,0,2,2,0.0764,0,0,1,0,1246,0,genuine,
30944540-0d9a-43d8-9040-450c8a211c26,2026-09-10T16:59:01.783966,Neha,neha@demo,1016.82,0.365,0,3,12,0.3837,0,1,0,0,1634,0,genuine,
93e31cef-69e0-457b-a546-5e0230435213,2026-09-10T05:13:01.637391,QuickCash,quickcash@demo,759.84,0.3235,0,0,19,0.2595,0,0,0,0,172,0,genuine,
711bab52-6404-4a21-bf33-59d4f09da096,2026-09-10T02:57:01.713724,Rahul,rahul@demo,4110.7,1.8026,0,1,19,0.3648,0,1,1,0,1028,0,genuine,
805c7dff-9ae7-4b69-b4dc-3f56e389592f,2026-09-10T14:43:01.778395,Neha,neha@demo,2051.97,0.7839,0,0,2,0.2883,0,0,0,0,1915,0,genuine,
5c976689-d3e5-44e5-a148-a62b6e5811dc,2026-09-11T09:39:01.575799,Rahul,rahul@demo,2340.77,1.0318,0,2,22,0.4988,0,0,0,0,510,0,genuine,
8383018f-a56d-4d91-9af5-90393ac70145,2026-09-10T02:10:01.734456,RewardDesk,rewarddesk@demo,790.11,2.0308,0,2,12,0.3586,0,0,0,0,207,0,genuine,
34d95378-4f5f-456f-92aa-398984efaf06,2026-09-10T06:42:01.749814,RewardDesk,rewarddesk@demo,3312.17,0.6076,0,2,16,0.1725,0,0,1,0,833,0,genuine,
b35938ca-3025-4480-a825-8ca7608adc00,2026-09-10T20:04:01.536248,RewardDesk,rewarddesk@demo,805.58,0.9173,0,1,18,0.1217,0,0,0,0,1434,1,new_mule_fraud,0.8938
6a465b89-74d6-4635-848d-fb4b1ad004a6,2026-09-10T08:20:01.687406,Rahul,rahul@demo,236.47,1.4452,0,1,4,0.2394,0,1,0,0,2438,0,genuine,
b4b18922-a920-418c-930a-faa337ebf4ba,2026-09-09T15:28:01.736708,Neha,neha@demo,1070.39,0.2248,1,2,2,0.0558,0,0,0,0,1927,0,genuine,
2ae1111e-a36a-407c-b977-4c8c722b2ee6,2026-09-12T13:02:01.780365,RewardDesk,rewarddesk@demo,2400.19,1.5173,0,0,10,0.095,0,0,1,0,384,0,genuine,
8d61326e-7360-4203-8f1b-e46726dff9a1,2026-09-09T19:51:01.619331,RewardDesk,rewarddesk@demo,1126.49,1.2529,0,3,5,0.4226,0,0,0,0,1372,0,genuine,
1511489c-36a4-44d4-b0d7-b7fad638511e,2026-09-09T16:49:01.725617,Neha,neha@demo,304.65,0.822,0,1,15,0.4275,0,0,0,0,1546,0,genuine,
b27bf21b-2e87-4c86-9bf6-65139459d78f,2026-09-10T07:26:01.741718,QuickCash,quickcash@demo,1886.43,1.606,0,0,1,0.2859,0,1,0,0,902,0,genuine,
a5ceb7a8-b1c2-423a-8505-e418d94e06b7,2026-09-12T08:58:01.694359,QuickCash,quickcash@demo,922.03,1.9303,1,0,16,0.0566,0,0,0,0,1171,0,genuine,
ccad35ae-ec0f-454d-8773-e8c7f24ff15a,2026-09-10T07:52:01.684371,Neha,neha@demo,1108.99,1.7619,0,0,21,0.2199,0,0,0,0,2140,0,genuine,
683e873f-3645-473c-95a2-71cf26197ce8,2026-09-10T17:17:01.784435,Rahul,rahul@demo,362.35,1.8332,0,0,24,0.3411,0,0,0,0,1393,0,genuine,
f14d0717-97ec-4d67-919e-3e2077dc5b93,2026-09-12T02:24:01.598213,Rahul,rahul@demo,13741.99,1.342,1,1,9,0.2229,0,0,0,0,329,0,genuine,
17a6218d-d1a6-46f0-8fb1-c31b45eea34f,2026-09-10T10:59:01.719340,Rahul,rahul@demo,5538.42,1.723,0,1,13,0.2846,0,0,0,0,473,0,genuine,
d2a885ea-3ae1-4b4a-b9e8-46ddcab97755,2026-09-12T02:18:01.774154,RewardDesk,rewarddesk@demo,93.61,2.0065,0,3,3,0.187,0,0,0,0,125,0,genuine,
810a09e6-384a-43ea-82c8-023173e488ce,2026-09-09T20:53:01.730566,Neha,neha@demo,1485.78,1.0532,0,0,23,0.3031,0,0,1,1,2366,0,genuine,
85c2d1ff-a904-4f0d-ad3e-9213672a5419,2026-09-10T16:00:01.723948,RewardDesk,rewarddesk@demo,168.06,2.0146,0,1,8,0.0653,0,0,0,1,2166,0,genuine,
24935848-10bc-48b2-8da8-3668465e9631,2026-09-10T22:53:01.703787,Neha,neha@demo,609.73,0.6435,1,2,23,0.3404,0,0,0,0,2340,0,genuine,
7c55f230-8549-4e0c-91ac-6e80515a27d8,2026-09-09T15:00:01.669637,Rahul,rahul@demo,5017.75,1.1074,0,1,22,0.0746,0,0,0,0,613,0,genuine,
36b70c4d-cfcf-416f-8c62-280513524e5a,2026-09-11T13:34:01.545220,Rahul,rahul@demo,1988.51,1.8867,0,3,1,0.1873,1,0,0,0,619,0,genuine,
3ea884a7-056a-4f84-aae9-63a9e0373cd7,2026-09-11T00:09:01.613653,RewardDesk,rewarddesk@demo,2044.53,1.5364,0,0,7,0.2183,0,0,0,0,1054,0,genuine,
2ba4f0de-0647-45da-85af-7ac215671cf0,2026-09-11T21:50:01.709797,Neha,neha@demo,2501.88,1.1813,1,2,6,0.3521,0,0,0,0,197,0,genuine,
1fc36ce0-d990-4cca-bb48-d3cfc3494885,2026-09-11T15:38:01.771728,RewardDesk,rewarddesk@demo,4985.33,1.26,0,1,7,0.4351,0,0,0,0,298,0,genuine,
d21a8e89-9ca2-456b-9754-8bc6088db0b7,2026-09-09T17:54:01.568571,Neha,neha@demo,4435.33,1.655,0,1,21,0.2443,0,0,0,0,1838,0,genuine,
fc052df7-6a6a-456f-9ebd-5a74e4ad9b06,2026-09-11T00:44:01.669214,Rahul,rahul@demo,1095.54,0.61,1,3,17,0.1329,0,0,1,0,470,0,genuine,
2e9ab959-e507-4583-a9b9-dd42c3cc60d3,2026-09-11T15:38:01.646992,Neha,neha@demo,721.78,0.7842,0,4,8,0.1119,0,0,0,0,127,0,genuine,
6600d9ca-be5d-4c03-a3e5-92ee1b53c0ac,2026-09-12T10:53:01.702560,QuickCash,quickcash@demo,1265.91,0.7381,0,2,17,0.2463,0,0,0,0,2220,0,genuine,
b9638160-08a4-4383-8144-8200d3c9cb2a,2026-09-11T23:56:01.626867,Rahul,rahul@demo,684.5,2.0225,0,1,9,0.326,0,0,0,0,288,0,genuine,
ff253d60-36cc-4e3e-af0a-27ae8e6ae204,2026-09-10T21:27:01.689468,RewardDesk,rewarddesk@demo,2008.77,0.9685,0,0,10,0.4073,0,0,0,0,816,1,new_mule_fraud,0.9631
b7c52eec-e7b3-488a-8a65-655e73ed77c6,2026-09-10T16:11:01.574080,Neha,neha@demo,1721.1,1.7839,0,0,14,0.279,0,0,0,0,2115,0,genuine,
51a29c16-aef1-4dba-a7ba-aa4090c20232,2026-09-10T05:41:01.751736,Neha,neha@demo,1515.09,0.3221,0,0,9,0.5485,0,0,0,0,1852,0,genuine,
6f12ef3e-fefc-433a-8c42-1f5ad626dc4d,2026-09-11T23:22:01.777969,RewardDesk,rewarddesk@demo,8300.34,4.839,0,4,47,0.669,1,1,1,0,172,1,old_fraud,
40eefea7-9091-4472-8c3e-bf58a1da0ba6,2026-09-11T07:35:01.604341,RewardDesk,rewarddesk@demo,588.18,1.1531,0,1,16,0.2878,0,0,0,1,1348,0,genuine,
67e43e02-9d57-4264-9c1e-f198f5e641b5,2026-09-12T05:39:01.604731,Rahul,rahul@demo,918.2,1.2278,0,1,14,0.407,0,0,0,1,1908,0,genuine,
97a829d5-7db5-448d-85e8-774cfdc5c35f,2026-09-12T02:02:01.701255,Neha,neha@demo,3415.89,0.6163,0,1,15,0.2973,0,0,0,0,1036,0,genuine,
6e12ae94-3577-4bd3-ae80-a82cc9e240bd,2026-09-12T04:21:01.533250,Rahul,rahul@demo,2628.26,1.2914,1,0,23,0.4272,0,0,0,0,2119,0,genuine,
01700698-3033-40ba-a5b9-b51b807a446b,2026-09-11T14:41:01.579778,RewardDesk,rewarddesk@demo,1065.46,1.9206,1,1,19,0.1734,1,0,0,0,322,0,genuine,
b0bc1ab4-93fd-4441-b875-46d7887298fa,2026-09-11T22:20:01.759030,QuickCash,quickcash@demo,33363.58,4.7564,0,4,67,0.6632,1,0,3,0,119,1,old_fraud,
ee1c267b-54c5-4a98-926e-b006313e0419,2026-09-11T21:16:01.696616,RewardDesk,rewarddesk@demo,1384.24,1.476,0,0,19,0.1369,0,0,0,0,728,0,genuine,
6c79cef8-d949-4a3d-b3c3-3df447224a9c,2026-09-11T06:48:01.687935,Neha,neha@demo,657.52,0.4937,0,2,7,0.1601,0,0,0,0,200,0,genuine,
507c46f2-40dd-4af1-9732-c5374d2f3813,2026-09-10T20:14:01.754853,Neha,neha@demo,1130.1,1.5226,0,2,19,0.1476,0,0,0,0,1403,0,genuine,
bbaef2b8-eeff-40ba-ae04-fa45f6cab006,2026-09-11T12:27:01.566064,Rahul,rahul@demo,703.44,1.4033,0,0,16,0.1876,0,0,0,0,1963,0,genuine,
a32783f3-0e74-4f45-b1e6-0e69ac7b2313,2026-09-11T09:46:01.554511,QuickCash,quickcash@demo,965.54,1.7599,0,3,9,0.4289,0,0,0,0,2334,0,genuine,
74a3e571-c8d2-43ec-bdea-96ead29a71fa,2026-09-09T22:31:01.649010,Neha,neha@demo,8399.88,0.6778,0,1,11,0.2989,0,0,0,0,503,0,genuine,
413a81cf-bf5c-4f2b-906d-94e298ab06e3,2026-09-09T14:49:01.643079,Rahul,rahul@demo,230.61,0.5569,0,2,7,0.5374,0,0,0,1,684,0,genuine,
e74b0d66-5d1a-477a-98c3-a81fc7a153b5,2026-09-12T02:16:01.768018,Neha,neha@demo,765.4,1.275,0,2,8,0.1969,0,1,0,0,2325,0,genuine,
46137858-ef4a-4a87-9c69-eec1d4267ee1,2026-09-12T13:28:01.541592,RewardDesk,rewarddesk@demo,2248.95,1.5384,0,2,23,0.1646,0,0,0,0,159,0,genuine,
c407266b-b557-4086-8aa5-76699bd7c6fc,2026-09-11T12:38:01.746379,RewardDesk,rewarddesk@demo,377.42,0.2246,0,3,21,0.1556,0,0,1,0,581,0,genuine,
ef1cbaa4-ead7-473a-b3fc-3cfce21b24ce,2026-09-09T17:35:01.574342,RewardDesk,rewarddesk@demo,713.5,0.7986,1,1,13,0.349,0,0,0,0,569,1,new_mule_fraud,0.9721
828caed2-3088-489a-a33b-f79262cb87ec,2026-09-09T19:18:01.605345,Rahul,rahul@demo,3184.31,0.7628,0,0,23,0.371,0,0,0,0,2181,0,genuine,
c3c3fbf0-9624-4647-b406-d3db0d86bee1,2026-09-11T06:07:01.682853,Rahul,rahul@demo,351.31,1.8141,0,0,15,0.5443,0,1,0,0,1051,0,genuine,
75bf985b-f474-41d6-921d-20315d489e53,2026-09-12T11:52:01.543436,Rahul,rahul@demo,1599.2,1.2214,0,0,22,0.1169,0,1,0,0,1020,0,genuine,
fdce3a3e-af6e-4f5b-ab39-c7c7f6597d3a,2026-09-09T12:58:01.678702,Rahul,rahul@demo,4315.6,1.1569,1,0,6,0.0612,0,0,1,0,1095,0,genuine,
f03f6bc8-0e20-48cd-bc6e-ea922c81e47b,2026-09-10T14:58:01.694706,Rahul,rahul@demo,290.15,1.1058,0,2,15,0.4328,0,0,0,0,980,0,genuine,
f5940b7b-42b2-4730-aab0-7c01a1757ec3,2026-09-11T18:08:01.641716,RewardDesk,rewarddesk@demo,3880.77,2.1094,0,2,14,0.1556,0,0,0,1,1523,0,genuine,
82c831b2-4d93-409b-a7f2-3d5effb545e7,2026-09-09T15:15:01.686152,Neha,neha@demo,1010.05,1.4837,0,1,15,0.116,0,0,0,0,2028,0,genuine,
7ab48b71-eb45-4c7b-8398-81c02a5c151a,2026-09-09T23:57:01.538984,Neha,neha@demo,6380.14,1.1994,0,2,11,0.4821,1,0,0,0,2423,0,genuine,
71c5844a-0354-4689-b716-de071f705f44,2026-09-10T20:15:01.751334,RewardDesk,rewarddesk@demo,1773.19,1.0341,0,1,18,0.2287,0,0,0,0,1659,1,new_mule_fraud,0.9447
fa8092ec-4e61-436c-949b-f2aeb3b41170,2026-09-12T10:56:01.741288,RewardDesk,rewarddesk@demo,693.96,2.0033,0,1,18,0.4997,0,0,0,0,670,0,genuine,
92a682f7-ce46-47f7-b3e2-a1496c99eef6,2026-09-12T08:06:01.748377,Rahul,rahul@demo,4287.42,1.5755,1,0,22,0.2951,0,0,0,0,1119,0,genuine,
07ef3d4e-8050-408d-ac35-448f2beac480,2026-09-09T15:11:01.662133,Neha,neha@demo,8321.78,4.7392,1,3,33,0.8101,2,1,3,0,118,1,old_fraud,
156dc5f0-8fba-4a4f-9d73-279a253eac01,2026-09-11T11:42:01.562146,Rahul,rahul@demo,577.35,1.7385,0,3,8,0.1511,0,0,0,0,1396,0,genuine,
41451a15-6eed-4e64-bf3e-b55d75f5ed23,2026-09-09T23:51:01.723773,RewardDesk,rewarddesk@demo,2009.74,1.9292,0,3,14,0.4641,0,0,0,0,2138,0,genuine,
ea11365a-7fb7-4c43-832e-5c430a39b5fd,2026-09-11T12:47:01.561208,Rahul,rahul@demo,620.04,0.8105,0,0,7,0.2484,0,0,0,0,1024,0,genuine,
7cc6aa35-8fc7-442d-89f2-5c30787e4727,2026-09-10T08:23:01.772794,QuickCash,quickcash@demo,413.41,1.1533,0,1,5,0.5411,0,0,1,0,1092,0,genuine,
63685e58-2b5b-46d8-b9c9-76dd21651a0a,2026-09-12T12:31:01.735724,Neha,neha@demo,1425.7,1.3265,0,2,11,0.2928,0,0,0,0,2097,0,genuine,
8681c652-981b-466e-b5ab-fadab6abf284,2026-09-12T03:02:01.721535,Neha,neha@demo,1044.44,0.9722,0,3,16,0.1652,0,0,1,0,2442,0,genuine,
e3379c39-72d5-4f93-9fe7-d0f54eb47ce3,2026-09-12T02:51:01.675055,Rahul,rahul@demo,1060.09,1.5935,0,0,18,0.2983,1,0,0,0,1032,0,genuine,
fbe87914-a6dd-4393-a6ca-bc7018e0ba65,2026-09-11T14:52:01.700319,Rahul,rahul@demo,1570.76,1.8571,1,1,10,0.4867,0,0,0,0,313,0,genuine,
4c9ff4bc-af67-40a7-b970-0ae367af02a2,2026-09-11T00:22:01.696350,Rahul,rahul@demo,793.79,0.4934,1,1,5,0.1846,0,0,0,0,2135,0,genuine,
66b168af-2f0c-4a7d-9661-67a7c4df792a,2026-09-10T20:12:01.752622,RewardDesk,rewarddesk@demo,1185.43,1.0113,0,1,19,0.4935,0,0,0,0,869,1,new_mule_fraud,0.9511
318d1063-5ee7-41bc-b14d-b1f1243f1202,2026-09-11T10:36:01.710418,Rahul,rahul@demo,1722.96,1.1758,0,1,8,0.2131,0,0,0,0,1164,0,genuine,
e1287619-8d32-41db-856b-b1a1c45b1b71,2026-09-09T17:54:01.573592,Neha,neha@demo,1097.45,1.0928,0,1,24,0.2721,0,0,0,0,777,0,genuine,
a3a5b473-4804-45e8-8b5d-8f47db2b4817,2026-09-10T23:11:01.628470,RewardDesk,rewarddesk@demo,1411.23,1.6311,0,0,22,0.0856,0,0,1,0,1646,0,genuine,
115d47b6-3c15-436f-863b-8d0009a1ccc0,2026-09-10T10:36:01.729841,Neha,neha@demo,574.21,0.6472,0,2,8,0.341,0,0,0,0,1738,0,genuine,
58a238de-4ae2-4272-9aa9-b9aa6dc65899,2026-09-11T00:23:01.745037,RewardDesk,rewarddesk@demo,2340.64,0.3651,0,1,9,0.4958,0,0,0,0,849,1,new_mule_fraud,0.9793
b8843200-3cdb-48a6-bbc9-fc1094727ce4,2026-09-10T15:05:01.635980,Rahul,rahul@demo,1598.36,1.9679,0,3,2,0.5288,0,0,0,0,1025,0,genuine,
73018b20-3f22-4a85-901e-ac8c2cd1d37d,2026-09-10T18:48:01.642607,Neha,neha@demo,1133.54,1.8635,0,1,14,0.2342,0,0,0,1,912,0,genuine,
1c4e3986-369e-40a1-916e-7b37691b6aa0,2026-09-11T01:24:01.588906,Rahul,rahul@demo,1078.59,1.2652,0,2,19,0.2933,0,0,0,0,1387,0,genuine,
b4673811-7acf-41c5-bc0f-1318b9fb4ce3,2026-09-10T22:46:01.755915,RewardDesk,rewarddesk@demo,3156.03,0.8738,0,1,8,0.1876,0,0,0,0,614,1,new_mule_fraud,0.9311
58aa1b46-f2f4-4553-95d8-0eb51efe6545,2026-09-11T22:34:01.736761,Rahul,rahul@demo,1576.57,0.5538,0,2,11,0.1569,0,0,0,0,125,0,genuine,
9f497d3e-b1d1-4de1-92cf-cb2d2a5f54f3,2026-09-10T08:09:01.661025,RewardDesk,rewarddesk@demo,1738.95,0.6835,1,1,18,0.1751,1,0,0,0,1297,0,genuine,
905bba66-022a-4f72-b81b-3b6e42da75f3,2026-09-10T00:58:01.604274,RewardDesk,rewarddesk@demo,441.94,1.0698,0,1,24,0.258,1,1,1,0,1122,0,genuine,
85cd4345-82b3-4b8d-80e3-e5c108d36d4d,2026-09-10T21:40:01.685659,QuickCash,quickcash@demo,572.99,1.9739,0,1,21,0.0903,0,0,0,0,668,0,genuine,
1b485273-0431-4eec-8cbe-8c53c3930075,2026-09-10T20:05:01.732898,Neha,neha@demo,425.24,1.4977,1,3,16,0.4088,0,0,0,1,1133,0,genuine,
c8bc71f7-a8f6-4ef2-8b7a-6a471bdb61cc,2026-09-11T14:43:01.777403,QuickCash,quickcash@demo,364.3,1.5193,0,2,10,0.3479,0,0,0,0,1141,0,genuine,
711f5b75-2f6b-412f-9810-740a83480852,2026-09-12T05:53:01.592172,Neha,neha@demo,5554.39,1.7956,1,1,24,0.1375,0,0,0,0,1638,0,genuine,
90094b1a-8ae5-41c0-b68b-dfa4c90f9a27,2026-09-11T16:50:01.641118,Rahul,rahul@demo,844.35,2.0755,0,3,8,0.1549,0,0,0,0,340,0,genuine,
9adc1ef1-7739-4280-919f-8679cca8573b,2026-09-10T15:49:01.771873,Rahul,rahul@demo,1465.96,0.5713,0,2,17,0.4634,0,0,1,0,307,0,genuine,
210976d2-3930-48c9-88f8-aaf6443df034,2026-09-10T18:52:01.647297,RewardDesk,rewarddesk@demo,1403.19,0.3966,1,1,4,0.4333,0,0,1,0,614,0,genuine,
6bc8d11c-1cfe-414f-9a28-f544ee758b7a,2026-09-11T20:00:01.671400,RewardDesk,rewarddesk@demo,9866.98,1.8281,0,0,17,0.1971,0,0,0,0,555,0,genuine,
0551182a-b79b-40f6-9b84-5d02b8d97f31,2026-09-10T22:44:01.547968,Rahul,rahul@demo,567.04,0.8051,0,4,15,0.2614,0,0,1,1,2118,0,genuine,
9f335ddd-ae96-4bff-825b-9339c08b1e77,2026-09-12T07:55:01.782089,Rahul,rahul@demo,2449.92,1.8599,0,0,10,0.3626,0,0,0,0,1709,0,genuine,
6ad64f61-90ee-4784-990a-15c70e30ac46,2026-09-11T20:39:01.630990,Neha,neha@demo,1454.93,0.4863,0,1,17,0.3817,0,0,0,1,2482,0,genuine,
bf94881c-4037-4bf5-be66-eaf13c83a713,2026-09-12T06:57:01.580561,Rahul,rahul@demo,5092.87,1.6379,1,0,18,0.1675,0,0,0,0,2130,0,genuine,
75048f7f-3faa-43a1-be81-9b2849c63dcb,2026-09-10T01:57:01.712928,RewardDesk,rewarddesk@demo,309.73,0.9927,0,0,16,0.1147,0,0,0,0,1882,0,genuine,
f990fdcd-03d1-4dd0-86f0-905cd87f9869,2026-09-10T23:35:01.672356,Neha,neha@demo,1176.18,0.9629,0,1,16,0.4246,0,0,0,0,2197,0,genuine,
4d4e641e-2d7a-40ba-b97c-dd53e2986ac1,2026-09-11T02:50:01.642389,RewardDesk,rewarddesk@demo,2068.27,0.6237,0,2,17,0.4877,1,0,1,0,1165,0,genuine,
4ddb761c-efdc-4d9f-9d91-d20453f6c2e1,2026-09-12T11:25:01.652687,Rahul,rahul@demo,934.27,0.8151,0,0,3,0.3348,0,0,0,0,230,0,genuine,
d05d0d6f-1dc6-4c9e-8517-5c09aa1760f4,2026-09-10T01:40:01.695608,RewardDesk,rewarddesk@demo,275.21,0.5349,0,0,19,0.4969,0,0,0,1,1701,0,genuine,
91ce2d86-a118-4916-afbf-a1d8751beb76,2026-09-10T09:53:01.752883,Neha,neha@demo,897.01,1.8436,0,2,2,0.2311,0,0,0,0,945,0,genuine,
fa2fc3d5-1b09-4a33-8785-b0bb93830f49,2026-09-10T16:17:01.669001,QuickCash,quickcash@demo,365.58,0.9007,0,1,15,0.3277,0,0,0,0,2153,0,genuine,
dfa155b4-e86f-4e33-9863-a65b1fdc413e,2026-09-10T05:46:01.630573,QuickCash,quickcash@demo,786.49,0.7864,0,0,20,0.2513,0,0,0,0,660,0,genuine,
8ca7f913-762b-4f7f-a7b3-330873a62bcc,2026-09-10T09:14:01.723421,Rahul,rahul@demo,1249.28,0.9243,0,2,16,0.078,1,0,0,0,183,0,genuine,
b37b69fb-7ea7-4231-b745-782437cff6b0,2026-09-09T23:43:01.730689,QuickCash,quickcash@demo,1248.28,1.6379,0,1,10,0.2564,0,0,1,0,1655,0,genuine,
a744d206-93ec-42c1-a354-18126e0043be,2026-09-09T19:39:01.689770,Neha,neha@demo,2130.63,1.1394,1,1,16,0.3771,0,0,0,0,959,0,genuine,
5db7ee16-5b62-4446-9d86-56aed945f0ac,2026-09-09T19:17:01.549012,RewardDesk,rewarddesk@demo,1040.52,1.3167,0,2,21,0.2097,0,0,1,0,2159,0,genuine,
e78fda21-bf84-4635-b17f-9297e21e4f71,2026-09-11T22:21:01.765596,Neha,neha@demo,4032.51,1.4605,0,2,8,0.5419,0,0,0,0,348,0,genuine,
0b9bae75-2045-4d1e-a006-3a42ae9c997c,2026-09-09T14:29:01.581376,Neha,neha@demo,4019.94,1.4796,0,2,8,0.4288,0,0,0,0,128,0,genuine,
9b0cd09f-ed77-40be-a1ef-da4206fd27ba,2026-09-12T13:22:01.531138,Neha,neha@demo,1264.32,2.0715,0,0,2,0.454,0,0,0,0,567,0,genuine,
ab3376dc-46e8-45ab-b254-f944c2725168,2026-09-11T04:16:01.724807,Neha,neha@demo,3977.59,0.7356,0,2,15,0.1233,0,0,0,1,915,0,genuine,
a3083ba4-8bf7-45ed-86b7-53958d9f96a5,2026-09-11T03:47:01.640027,Rahul,rahul@demo,1715.43,1.5048,0,0,3,0.2688,0,0,1,0,1666,0,genuine,
24cddf72-c439-44c2-bd33-d91bd27aa3a4,2026-09-10T21:39:01.755034,QuickCash,quickcash@demo,1101.29,1.9937,0,0,6,0.3424,0,0,0,0,234,0,genuine,
1221b702-e0e1-4e50-b400-695ad79c25c6,2026-09-10T01:53:01.655611,RewardDesk,rewarddesk@demo,2743.05,0.7057,0,1,19,0.3604,0,0,0,0,1702,1,new_mule_fraud,0.9676
5749eb2b-25cf-4f5c-bc6d-f8e7603eeba8,2026-09-12T00:07:01.673061,Neha,neha@demo,2691.98,0.3577,0,0,9,0.2803,0,0,0,0,963,1,new_mule_fraud,0.9324
063e47fc-29d7-4d57-9490-36d88bf88f4d,2026-09-10T07:49:01.670982,RewardDesk,rewarddesk@demo,967.87,2.0562,0,1,6,0.3415,0,0,0,0,1068,0,genuine,
4802c838-8daf-491f-8464-ec3b8f1ab41f,2026-09-11T03:15:01.680656,Rahul,rahul@demo,1766.67,1.6071,0,0,9,0.4982,0,0,0,0,2154,0,genuine,
b22ecf5e-4849-45e5-a811-841017f0198c,2026-09-12T13:08:01.762731,Rahul,rahul@demo,423.6,1.5575,0,0,8,0.2675,0,0,0,0,1061,0,genuine,
244175ee-a014-4ed6-be03-d7a2b835bb3f,2026-09-10T20:58:01.756922,RewardDesk,rewarddesk@demo,2940.64,0.5361,0,1,24,0.3263,0,0,0,0,1521,1,new_mule_fraud,0.9155
413ca2ce-449b-4fb6-a390-68d924751bd4,2026-09-10T17:51:01.661339,RewardDesk,rewarddesk@demo,890.53,0.333,0,2,18,0.4747,0,0,0,0,1563,0,genuine,
0f68b009-bde6-4c05-8a92-1e84574ac917,2026-09-12T11:25:01.762575,QuickCash,quickcash@demo,14143.47,5.1685,1,5,22,0.8602,3,1,2,0,137,1,old_fraud,
e37b68ad-1a95-479f-b0b4-03e5dcc3b500,2026-09-10T10:18:01.764504,RewardDesk,rewarddesk@demo,1242.98,1.3053,1,0,21,0.4563,0,0,0,0,339,1,new_mule_fraud,0.9398
5f5d3923-8220-4259-b3bd-333fc523cf2e,2026-09-09T22:20:01.743337,RewardDesk,rewarddesk@demo,2796.49,1.6801,0,0,14,0.4787,0,0,0,0,1477,0,genuine,
8de1d791-cc7d-418c-b964-3522e9072665,2026-09-10T08:31:01.589952,Rahul,rahul@demo,2798.14,0.45,1,0,13,0.3949,0,1,1,0,1505,0,genuine,
749ca5f9-50c9-4400-b3a4-87177d781b70,2026-09-11T19:14:01.650261,QuickCash,quickcash@demo,1031.54,0.8065,1,1,19,0.2515,0,0,0,0,495,0,genuine,
726fdefd-6cf3-4d21-bc01-60d71534286f,2026-09-10T00:51:01.564157,Rahul,rahul@demo,1946.24,1.1544,0,2,24,0.5485,0,0,0,0,2102,0,genuine,
ff8c3e80-8911-4999-ad20-89fa60a8671b,2026-09-12T07:15:01.646936,Rahul,rahul@demo,2171.4,0.5946,0,1,18,0.0837,0,0,0,0,1650,0,genuine,
f3febe9d-7382-49f9-a356-59a020da8b52,2026-09-11T09:15:01.558317,Rahul,rahul@demo,1942.34,0.2342,0,2,19,0.5209,0,0,0,0,650,0,genuine,
811d232c-d75b-4e49-a36c-9b45ad74b812,2026-09-11T21:06:01.681220,QuickCash,quickcash@demo,879.3,1.0069,0,1,9,0.1029,1,0,1,1,2453,0,genuine,
2810d1eb-62ca-4c1c-91e8-d26f9f498a3c,2026-09-09T15:22:01.663485,Rahul,rahul@demo,12065.46,4.8005,1,5,26,0.6937,2,1,1,1,228,1,old_fraud,
8ecb03f3-1b38-4276-8112-ca203b3bad19,2026-09-11T08:22:01.777259,RewardDesk,rewarddesk@demo,280.38,1.0301,0,0,6,0.2528,0,0,0,0,2368,0,genuine,
464b7179-3936-405b-b0be-b3a2d58529b3,2026-09-11T16:57:01.777932,Rahul,rahul@demo,1128.22,0.5861,0,2,9,0.1561,0,0,0,1,1199,0,genuine,
6363912d-cce4-45a7-aad7-3c4cb0df5a71,2026-09-11T14:26:01.545140,Rahul,rahul@demo,1392.88,1.4343,0,0,24,0.3138,0,1,0,1,2045,0,genuine,
1df55260-9a6d-4401-a0e0-daaf6023ccb2,2026-09-12T11:45:01.655667,Neha,neha@demo,1444.32,2.1632,0,1,19,0.1407,0,1,0,0,1749,0,genuine,
a26cd912-9e52-4034-8cad-aa9527bf308b,2026-09-12T10:00:01.607625,Rahul,rahul@demo,1401.04,0.9165,0,0,16,0.5368,0,1,0,0,2099,0,genuine,
5018927b-b582-4f59-b5da-a9cac8c08589,2026-09-10T22:09:01.608064,RewardDesk,rewarddesk@demo,1405.85,1.127,1,1,20,0.4304,0,0,1,0,1628,0,genuine,
957aaed8-044e-499d-88ef-38a1550caada,2026-09-10T23:09:01.691246,RewardDesk,rewarddesk@demo,2998.12,1.126,1,1,5,0.2364,0,0,0,0,365,1,new_mule_fraud,0.8732
128b356a-c388-40fd-8fd7-f9b9b578eb70,2026-09-10T11:54:01.682276,RewardDesk,rewarddesk@demo,2352.96,0.5191,0,0,11,0.3563,0,0,0,1,1406,1,new_mule_fraud,0.8863
51cbb3aa-6c87-400b-af82-1f9347ebfa4b,2026-09-11T15:47:01.717218,RewardDesk,rewarddesk@demo,1524.27,0.3659,0,3,14,0.4948,0,0,0,0,730,0,genuine,
0f8646e7-2ee2-4a59-96b8-d550b23f0607,2026-09-10T20:47:01.780709,RewardDesk,rewarddesk@demo,3231.19,1.0903,0,1,19,0.3757,0,0,0,0,329,1,new_mule_fraud,0.9443
5e27daec-8eec-46be-bdae-16c5599e98a1,2026-09-11T10:41:01.766549,RewardDesk,rewarddesk@demo,704.93,0.3577,1,0,14,0.3193,0,0,0,0,561,0,genuine,
8cfd5df2-3d7f-4270-9877-1f7f0d048ff1,2026-09-11T09:21:01.615743,RewardDesk,rewarddesk@demo,944.95,1.4056,0,4,16,0.2656,0,0,1,0,1869,0,genuine,
e211d9d9-a69f-4479-9089-7b5ac13b93e5,2026-09-11T00:28:01.673023,Rahul,rahul@demo,1699.79,0.8718,0,3,9,0.2483,0,0,0,0,975,0,genuine,
12b81023-0603-45e9-b6fc-9335f26e02f9,2026-09-09T18:52:01.782857,RewardDesk,rewarddesk@demo,2002.47,1.7369,1,1,22,0.106,0,0,0,0,876,0,genuine,
fb223f7c-a819-4e7b-a4c3-712e659a779a,2026-09-12T01:12:01.632483,Neha,neha@demo,1978.77,1.9458,0,0,2,0.4678,0,0,0,0,2497,0,genuine,
00c1cd4d-c317-4e0f-9c93-813c548e86e5,2026-09-09T22:32:01.657663,Rahul,rahul@demo,8819.78,1.2387,1,1,7,0.2499,0,0,0,0,1062,0,genuine,
198a1176-7906-4376-a8ad-27603a2b6615,2026-09-11T22:40:01.628724,RewardDesk,rewarddesk@demo,7791.7,2.1432,0,1,4,0.4128,0,0,1,0,2421,0,genuine,
2fc7979e-77dc-466a-86c5-68b6b32e6e9e,2026-09-11T19:30:01.762889,QuickCash,quickcash@demo,1203.84,0.4057,0,2,11,0.1952,0,0,0,0,2398,0,genuine,
376b4b62-e758-4b85-912d-3809c222e65c,2026-09-09T19:27:01.702832,QuickCash,quickcash@demo,1147.09,1.5156,1,2,19,0.063,0,0,0,0,2458,0,genuine,
41753471-e6c1-4e8a-a705-014b5a7365ee,2026-09-09T14:30:01.687857,Neha,neha@demo,1788.73,0.2046,0,0,15,0.204,0,0,0,0,2475,0,genuine,
0f1bdf28-b629-4443-8ada-66dece4bf1da,2026-09-12T06:11:01.695015,RewardDesk,rewarddesk@demo,27844.39,3.1677,1,7,31,0.8173,4,0,1,1,93,1,old_fraud,
d153fad4-8689-4b45-8f5b-e1ea80a63f66,2026-09-11T22:36:01.647485,RewardDesk,rewarddesk@demo,1956.12,1.297,0,1,16,0.4364,0,0,0,0,447,1,new_mule_fraud,0.8914
a70ed3ef-d1be-46e5-bf3c-2c780c8c7c5a,2026-09-09T23:26:01.660190,Rahul,rahul@demo,23566.68,4.3556,1,4,51,0.8513,2,1,3,1,246,1,old_fraud,
3407e1ed-51a1-42e9-9223-84ab5ae8c38a,2026-09-12T04:04:01.781830,Neha,neha@demo,934.69,1.223,1,3,9,0.3915,0,0,0,0,922,0,genuine,
937d4120-a0de-473a-9126-e45883bc0668,2026-09-10T18:08:01.677135,Rahul,rahul@demo,451.73,2.1695,0,1,17,0.3842,0,0,1,0,165,0,genuine,
b5dd9cbe-047d-470e-9424-9a741b2252bf,2026-09-10T21:34:01.647824,Neha,neha@demo,5800.38,1.0989,0,2,8,0.2904,0,0,0,0,779,0,genuine,
21fa0ac6-baec-40ad-a7f8-a93643fdfc30,2026-09-12T11:07:01.536471,Rahul,rahul@demo,2892.73,0.2549,0,1,18,0.2197,0,1,0,0,819,0,genuine,
a5b3c056-2468-4a88-a646-b58a36689499,2026-09-10T13:42:01.589577,Rahul,rahul@demo,40111.22,4.3644,1,4,32,0.8593,1,1,1,0,195,1,old_fraud,
66b676bb-4177-46b5-900e-ae235601b7e0,2026-09-10T03:17:01.658806,Rahul,rahul@demo,1849.22,1.2414,0,4,18,0.3449,0,0,0,1,914,0,genuine,
74e69ab8-71ce-4775-84de-03bf9f6be7f9,2026-09-09T18:27:01.680438,Rahul,rahul@demo,1582.33,2.0547,0,1,9,0.5115,0,0,0,0,417,0,genuine,
4e78f708-2739-47dc-8af2-deb72578799b,2026-09-10T23:03:01.772530,QuickCash,quickcash@demo,1135.62,0.6896,0,1,21,0.1228,0,0,0,0,1184,1,new_mule_fraud,0.9348
f5ba9ac8-8482-43d4-8b0b-95a4ff382423,2026-09-11T09:01:01.741663,Rahul,rahul@demo,1331.71,0.9263,0,2,3,0.2465,0,0,0,0,618,0,genuine,
04d527ad-74b0-454e-ae7a-009048829bda,2026-09-10T18:42:01.675555,RewardDesk,rewarddesk@demo,900.06,1.1604,0,0,19,0.124,0,0,1,0,2084,0,genuine,
24a804d5-c61f-44e2-8664-4b10ac615fa1,2026-09-10T18:40:01.664352,QuickCash,quickcash@demo,1067.99,1.6391,0,2,18,0.0592,0,0,1,1,1149,0,genuine,
f259afb2-73f3-4084-a2a1-d478a87b18c0,2026-09-12T01:01:01.666598,Neha,neha@demo,5462.04,2.0724,0,1,16,0.3862,0,0,0,0,2205,0,genuine,
fe9f96f1-1481-4202-aeb3-73c2048300f3,2026-09-11T05:44:01.537552,Neha,neha@demo,1168.33,1.1684,0,0,3,0.0982,0,0,0,0,1716,0,genuine,
19cfec02-8db3-4a2d-9c75-c556a4cb240b,2026-09-12T11:45:01.642222,Neha,neha@demo,785.26,1.1417,0,1,13,0.2398,0,0,1,0,1797,0,genuine,
bc7eb404-9032-499f-bfe2-9939e2c4fd5a,2026-09-11T23:00:01.654832,Rahul,rahul@demo,5340.79,1.4916,0,2,8,0.4466,0,0,0,0,779,0,genuine,
cba9c214-7695-43b7-92fe-f7fb945cda52,2026-09-10T23:18:01.721885,Rahul,rahul@demo,9551.72,2.3827,1,6,64,0.8582,3,1,1,0,152,1,old_fraud,
36b9b2fe-5228-4a66-a396-f0cc4aac21ef,2026-09-10T04:51:01.538786,Neha,neha@demo,1185.77,2.1864,1,2,20,0.1241,0,0,0,0,2457,0,genuine,
fd8221b9-3670-4303-b797-81c34f2add6d,2026-09-11T12:17:01.526475,Neha,neha@demo,3815.27,0.2629,1,1,24,0.3069,0,0,0,0,2340,0,genuine,
9e46fcda-f975-48b3-8889-60aa7d06dd68,2026-09-10T05:58:01.697397,RewardDesk,rewarddesk@demo,2065.42,0.8095,0,2,7,0.3322,0,0,1,0,750,0,genuine,
0b6b5311-c159-4676-97c2-4a59553729f9,2026-09-10T23:28:01.551613,Rahul,rahul@demo,4299.5,0.7263,0,1,16,0.2358,0,0,1,0,1798,0,genuine,
a38dcd85-04bf-4ce6-b7b6-54d1e4b4811d,2026-09-12T07:32:01.617977,Neha,neha@demo,793.65,0.9739,1,0,23,0.452,0,1,0,0,408,0,genuine,
00886d9b-8cd9-40de-b4bc-36cca7b47248,2026-09-09T21:34:01.663880,Rahul,rahul@demo,2112.74,0.8046,0,0,21,0.1825,0,0,0,0,2394,0,genuine,
b51d210f-7aa2-4b92-b96b-9a31b2c6bf40,2026-09-11T02:14:01.592694,Neha,neha@demo,1960.86,0.505,0,1,21,0.2352,0,0,0,0,1284,0,genuine,
36e41119-fc12-42c0-8ac7-780b4fab8666,2026-09-10T01:43:01.748287,RewardDesk,rewarddesk@demo,363.15,1.8021,0,3,19,0.0799,0,0,0,0,1392,0,genuine,
8c31e582-2f3a-4d39-95ac-e2dacd7dd3b1,2026-09-09T22:34:01.739347,RewardDesk,rewarddesk@demo,2322.04,1.7067,0,1,11,0.3462,0,0,0,0,664,0,genuine,
14af140e-e538-45e0-8478-a16c31116004,2026-09-10T01:30:01.550235,QuickCash,quickcash@demo,5656.72,0.9978,0,0,4,0.4866,0,0,0,1,1182,0,genuine,
19444e6b-23b3-42ec-a00a-9e01648c52d3,2026-09-11T11:54:01.639530,RewardDesk,rewarddesk@demo,2041.93,1.4524,0,0,19,0.2284,0,0,0,0,1910,0,genuine,
31811ae1-2e5a-4bc6-baac-b0c0b8463ac3,2026-09-11T07:54:01.689560,Neha,neha@demo,1136.98,0.3213,0,0,11,0.2956,0,0,1,0,741,0,genuine,
d544fe05-6cd7-4b24-8cab-dd4edb5955e1,2026-09-09T21:49:01.672573,Neha,neha@demo,1157.16,0.6929,0,2,3,0.4408,0,0,0,0,149,0,genuine,
c2c9b881-1245-4c92-907c-5455aab8c34c,2026-09-11T20:03:01.747831,Neha,neha@demo,1427.02,1.9947,0,2,21,0.4855,0,0,0,0,207,0,genuine,
40434059-0f6d-4869-b4ad-9fce0915385b,2026-09-12T11:57:01.610883,Neha,neha@demo,2453.78,1.5499,0,0,19,0.3248,0,0,0,0,1310,0,genuine,
7d43c9c0-0ba3-4bcb-819b-1bb665bf3ef8,2026-09-10T22:00:01.641754,QuickCash,quickcash@demo,38164.12,3.9543,1,5,49,0.8664,3,1,2,1,147,1,old_fraud,
f4c8b3eb-ad9e-40f7-ae81-cdf06ff23a39,2026-09-09T19:26:01.617558,RewardDesk,rewarddesk@demo,2501.12,0.9308,0,1,21,0.1347,0,0,0,0,1648,1,new_mule_fraud,0.8993
2fd64dd1-edef-4ad6-95a6-84f8a1a4e5b2,2026-09-11T18:02:01.682132,Neha,neha@demo,2639.66,1.6518,0,3,2,0.5224,0,0,0,0,1903,0,genuine,
42381cd3-4e17-428a-9736-40a2073d3987,2026-09-10T09:32:01.667325,Neha,neha@demo,39342.7,4.6051,1,6,46,0.8357,2,1,2,1,39,1,old_fraud,
22addb24-f590-4398-823b-b60fdbff0210,2026-09-11T10:52:01.664720,Neha,neha@demo,408.5,1.0059,0,0,6,0.1499,0,0,0,0,2114,0,genuine,
d7d91ec2-cd86-4269-9444-ae3e28c86ac9,2026-09-10T10:14:01.757044,Neha,neha@demo,321.18,0.9836,1,1,19,0.1224,0,0,0,0,2051,0,genuine,
c9843196-5489-4afc-8552-cfd195f7f5b1,2026-09-09T23:37:01.663394,Rahul,rahul@demo,1249.49,1.9332,0,1,17,0.2504,0,0,0,0,2126,0,genuine,
2eb208b6-6520-4710-8863-d6a8c3b1ac40,2026-09-10T13:59:01.688755,Neha,neha@demo,1539.74,0.866,0,1,22,0.1438,0,1,0,0,2205,0,genuine,
f15d92fd-79e6-4c8e-a5e4-6a709b3f6de4,2026-09-10T17:40:01.595175,QuickCash,quickcash@demo,351.12,0.4395,0,1,20,0.4473,0,0,0,0,2203,0,genuine,
b8e2bbca-652a-4eb7-9a74-7e18cd03f545,2026-09-10T05:26:01.641172,Neha,neha@demo,503.52,1.189,0,0,2,0.4875,0,0,0,0,753,0,genuine,
e3c52a5d-0ba9-47a2-8d77-7f1660875db1,2026-09-10T12:19:01.614227,QuickCash,quickcash@demo,1351.11,0.5873,0,1,23,0.3037,0,0,0,0,1768,0,genuine,
9307f336-f876-4aaa-9003-35d6ca33b2a0,2026-09-10T03:06:01.581038,Neha,neha@demo,2960.05,1.1136,0,3,15,0.4806,0,0,0,1,744,0,genuine,
d9bcb035-0695-4a3d-a88c-464cc3189257,2026-09-10T18:35:01.634198,RewardDesk,rewarddesk@demo,631.7,1.5682,0,3,23,0.507,0,0,0,0,1702,0,genuine,
ef74ba43-c5a7-4cec-88e7-d283c7a99a33,2026-09-10T09:11:01.611701,RewardDesk,rewarddesk@demo,2354.71,0.977,0,1,4,0.4515,0,0,0,0,286,0,genuine,
d01246ab-e234-406d-b352-6800a8f739fd,2026-09-11T04:43:01.635341,Neha,neha@demo,1191.44,1.0783,1,1,11,0.2749,0,0,0,0,1190,0,genuine,
b2f249b7-2aa0-40f8-a23d-e29138e1450c,2026-09-09T17:44:01.654923,Neha,neha@demo,28618.18,3.8797,0,4,56,0.71,2,0,1,1,48,1,old_fraud,
1af2c70e-12a0-4c1f-b452-b4bc4124a058,2026-09-10T20:00:01.736946,Rahul,rahul@demo,5996.03,1.4842,1,3,12,0.4974,0,0,0,0,1680,0,genuine,
af5a2054-0e79-4367-bd28-e0c57be7dfb5,2026-09-11T16:06:01.535614,RewardDesk,rewarddesk@demo,4330.94,0.2965,0,0,9,0.2178,0,0,1,0,401,0,genuine,
362a64ca-959a-477a-a383-798d74c9bf8d,2026-09-12T11:33:01.541183,RewardDesk,rewarddesk@demo,1115.81,0.6058,0,2,23,0.4573,1,0,1,0,1988,0,genuine,
efb9adf7-c78a-4537-8e1f-4a95c8201f88,2026-09-11T03:35:01.725552,RewardDesk,rewarddesk@demo,648.46,1.6163,0,0,12,0.287,0,0,0,0,420,0,genuine,
ae873918-1b6c-486a-b270-06214395f7ee,2026-09-09T16:44:01.585799,Neha,neha@demo,479.92,2.1763,0,1,23,0.534,0,1,0,0,391,0,genuine,
58e0db2b-54ba-45a5-8edf-2045c008a101,2026-09-10T20:46:01.608227,RewardDesk,rewarddesk@demo,500.56,0.3747,1,1,12,0.1483,0,0,0,0,1379,0,genuine,
cd3d3a70-6bbc-4edd-8398-26be36e15260,2026-09-12T07:23:01.557562,Neha,neha@demo,4024.91,1.4836,0,4,17,0.4396,1,0,0,1,1592,0,genuine,
e6e9f4fc-0195-4916-b109-81ff223594d2,2026-09-10T01:10:01.729349,Rahul,rahul@demo,394.39,0.4582,0,0,5,0.2831,0,0,0,0,433,0,genuine,
e6dadb21-0e18-4525-b3b7-ba336504bf5f,2026-09-11T19:03:01.596341,Rahul,rahul@demo,2946.58,1.6237,0,4,16,0.4341,0,0,0,0,2236,0,genuine,
27afc82a-6a5b-4458-a8c6-1e3a15306467,2026-09-11T05:42:01.751944,Neha,neha@demo,2303.68,1.056,0,0,16,0.4028,0,0,1,0,1986,0,genuine,
e66f19a7-8774-4a2f-a7ae-21d0a11e4328,2026-09-10T07:43:01.598561,Neha,neha@demo,25590.04,4.4612,1,4,50,0.7644,1,0,1,0,103,1,old_fraud,
21d08085-6a15-4f27-88f8-f70f910cb0d9,2026-09-10T07:14:01.747314,Neha,neha@demo,2752.5,1.9199,0,1,20,0.1736,0,0,1,0,779,0,genuine,
8af21eab-4511-488d-888a-b45ad17e0f77,2026-09-11T15:36:01.734939,Neha,neha@demo,1662.39,0.2258,0,2,19,0.4032,0,1,0,1,1644,0,genuine,
3d8820d8-ead2-464b-b91d-1e6920ec489b,2026-09-11T00:26:01.784279,Neha,neha@demo,1512.13,1.3002,0,2,21,0.082,0,0,0,0,623,0,genuine,
928a3be4-1bb8-4bdf-bc32-6b77eac71cb3,2026-09-11T13:35:01.583276,Rahul,rahul@demo,778.42,1.7945,1,0,4,0.3421,0,0,0,0,2274,0,genuine,
97ac1772-ea3e-4ad7-87b4-e1ca231a28f6,2026-09-10T18:42:01.640792,Neha,neha@demo,1128.77,0.8988,1,2,17,0.466,0,0,0,0,702,0,genuine,
5555e19a-cc8b-42ac-8492-58376b3ae110,2026-09-10T21:17:01.744356,Rahul,rahul@demo,634.95,1.4986,0,0,10,0.1351,0,0,0,0,664,0,genuine,
a561e046-a0d0-4cb2-9937-26303211a354,2026-09-09T18:07:01.554298,Rahul,rahul@demo,567.81,1.1546,1,0,20,0.2129,0,0,1,0,1522,0,genuine,
3d7aabb9-8ac2-4667-9687-ad562aef34c1,2026-09-12T04:40:01.629894,Neha,neha@demo,1255.19,0.7098,0,0,7,0.0732,0,0,0,0,1915,0,genuine,
7905b0a3-da5b-4ce9-9293-cb77bef4dc34,2026-09-11T10:09:01.558829,Neha,neha@demo,1550.24,1.8002,0,1,23,0.2252,1,0,0,0,2444,0,genuine,
6acfa359-21b6-4580-bdc1-67d866d404b2,2026-09-10T09:59:01.657716,QuickCash,quickcash@demo,1378.76,0.5674,0,0,23,0.2976,0,0,0,0,2451,0,genuine,
16f87b39-322e-4a00-8fcb-16dd503282ae,2026-09-10T20:07:01.729405,Neha,neha@demo,1569.25,1.3661,0,2,2,0.2275,0,0,0,0,1014,0,genuine,
6a33f349-d83b-44f6-8fe0-9556f31801af,2026-09-12T06:40:01.626921,Rahul,rahul@demo,290.99,2.1207,1,2,12,0.1753,0,0,0,0,1492,0,genuine,
05302378-6a81-46ea-9768-f385d0d1b86d,2026-09-09T14:05:01.757207,RewardDesk,rewarddesk@demo,1838.15,0.2142,0,0,12,0.5298,0,0,0,0,2222,0,genuine,
bed0907d-c9a7-4933-aa9e-ec0ea00bd3fe,2026-09-12T09:28:01.540274,QuickCash,quickcash@demo,844.36,0.6863,0,1,18,0.2405,0,0,1,0,104,0,genuine,
1df46c4c-391e-405a-837d-98ffab22f7a3,2026-09-10T08:27:01.601280,Neha,neha@demo,28083.51,5.1167,0,4,26,0.8909,1,0,3,0,28,1,old_fraud,
9083b7cc-77a7-45c3-ae88-8209cc5a32ad,2026-09-11T04:26:01.532209,RewardDesk,rewarddesk@demo,3665.46,0.9476,0,2,4,0.5492,0,0,0,0,613,0,genuine,
77a413af-6eba-4601-84f1-704511a47c03,2026-09-10T12:56:01.784331,RewardDesk,rewarddesk@demo,3054.99,0.7522,0,0,6,0.1388,0,0,0,0,1865,0,genuine,
5f7ed5e8-6e48-4789-bd0f-b851d9edb3c9,2026-09-12T10:06:01.696510,Neha,neha@demo,3133.08,1.1661,0,2,13,0.2597,0,0,0,1,188,0,genuine,
2ce1dc66-624a-40ec-883e-41c6ae2ec522,2026-09-12T06:11:01.533994,RewardDesk,rewarddesk@demo,490.12,1.1969,0,1,6,0.0691,0,0,0,0,320,0,genuine,
ab47f046-6ede-4243-8431-a0d22b1f3b28,2026-09-10T21:01:01.536190,Neha,neha@demo,1827.32,2.1119,0,0,22,0.2367,1,0,0,0,146,0,genuine,
26ab0333-d0f8-49e7-ad2b-322dea179130,2026-09-10T19:15:01.643607,Neha,neha@demo,551.73,1.2514,0,1,16,0.5022,0,0,0,0,1958,0,genuine,
9be220bf-0146-49b5-971e-0455a01cdf25,2026-09-10T14:28:01.689505,Rahul,rahul@demo,1054.99,0.9035,0,0,14,0.1612,0,0,0,0,1798,1,new_mule_fraud,0.9619
bdbdc9d0-1f05-4983-be8c-3958e53bc3dc,2026-09-10T03:56:01.770780,Neha,neha@demo,5521.96,1.716,0,0,14,0.5445,0,0,0,0,1502,0,genuine,
6accf134-5ac9-43cf-a5a4-772db0f24754,2026-09-10T21:19:01.761017,Neha,neha@demo,2168.0,0.741,0,0,14,0.4919,0,0,0,0,2216,0,genuine,
53ef24a9-db68-486b-be2d-a2f1b07b1589,2026-09-10T14:11:01.573376,Neha,neha@demo,1535.86,0.8612,0,1,13,0.4988,0,0,1,0,1776,0,genuine,
5ce2d5da-143f-48b9-b469-e28629ea6b47,2026-09-10T08:49:01.681376,Neha,neha@demo,2304.76,0.7494,0,2,15,0.0891,0,0,0,0,1841,0,genuine,
f7ee052f-91d0-463c-94ed-21b525cb7c4c,2026-09-09T20:42:01.754189,RewardDesk,rewarddesk@demo,609.3,2.1512,0,0,8,0.2864,0,0,0,0,192,0,genuine,
1e670b80-767c-4db5-a996-a03f0545e042,2026-09-11T11:06:01.550572,Rahul,rahul@demo,1509.59,2.1195,0,0,2,0.2797,0,0,0,0,2330,0,genuine,
b4be333c-1c64-4afe-963d-5a44b8d6f369,2026-09-10T06:40:01.711557,Rahul,rahul@demo,578.21,0.6226,0,1,13,0.219,0,0,0,0,377,0,genuine,
c618d08e-2191-4baf-8eb5-8655768323e0,2026-09-10T23:10:01.603083,Neha,neha@demo,2735.37,0.9146,1,2,13,0.4844,0,0,0,0,1587,0,genuine,
7afd4778-a7ab-41e6-86c6-52ad061061f0,2026-09-12T11:18:01.666545,Neha,neha@demo,21459.64,4.8314,1,7,41,0.8984,4,0,3,1,24,1,old_fraud,
d6add5b4-b91f-40fc-8dc2-bb97dd973c00,2026-09-10T16:47:01.596268,Rahul,rahul@demo,1869.7,1.0897,0,3,23,0.3018,0,0,0,0,2417,0,genuine,
447c681b-48ad-4efc-92bd-7f818c811622,2026-09-12T04:33:01.712396,Rahul,rahul@demo,2225.32,1.6331,0,1,20,0.4759,0,0,0,0,1862,0,genuine,
23747562-2757-49b0-a6bf-b7ffa2138201,2026-09-12T00:58:01.730976,RewardDesk,rewarddesk@demo,6104.7,1.3317,0,0,20,0.0989,0,0,0,0,1700,0,genuine,
899ce736-68c3-477b-af33-68827145bf02,2026-09-11T16:24:01.704537,QuickCash,quickcash@demo,534.08,1.3096,0,3,11,0.37,0,0,0,0,1693,0,genuine,
e94905bc-675e-44a1-bf06-d2abcf3cd5bf,2026-09-12T04:47:01.732248,RewardDesk,rewarddesk@demo,812.69,1.8398,1,2,15,0.3204,1,0,0,0,2245,0,genuine,
ba89163f-6b84-47b6-a3cc-9d1ce90adaf6,2026-09-11T16:21:01.711141,Rahul,rahul@demo,1592.96,1.7144,0,0,9,0.337,0,0,0,0,162,0,genuine,
622194f3-8c9f-49f8-a630-b3725b68ac56,2026-09-11T16:32:01.686872,Rahul,rahul@demo,1094.97,1.5354,0,1,24,0.4298,0,0,0,0,2197,0,genuine,
4475107f-dffb-4e3e-b26b-76f55ac0c596,2026-09-10T23:08:01.741608,Neha,neha@demo,1044.49,1.6261,0,1,23,0.2802,0,0,0,1,1784,0,genuine,
c3907add-1c76-4442-abc9-ff7a802ee3b9,2026-09-11T16:59:01.705171,RewardDesk,rewarddesk@demo,664.88,0.2057,0,2,24,0.1037,0,0,0,0,1687,0,genuine,
fc713961-cd51-4007-8d32-6937bdb780c7,2026-09-11T17:31:01.599311,RewardDesk,rewarddesk@demo,1144.48,0.7801,0,1,9,0.3213,0,0,0,0,2339,0,genuine,
50e77a4e-5f5f-4f40-951d-eeba049265ef,2026-09-10T01:48:01.747631,Neha,neha@demo,2235.38,0.2037,0,1,14,0.4089,0,0,0,0,2278,0,genuine,
31350258-78e9-449c-9d7a-649c689988e6,2026-09-11T12:31:01.575989,Neha,neha@demo,1070.51,1.0928,0,1,5,0.0969,0,0,0,0,1964,0,genuine,
2a630e59-c5b8-4a5c-ad8c-8cd7a959e1b7,2026-09-12T12:12:01.662708,QuickCash,quickcash@demo,2446.11,1.2589,0,1,12,0.5373,0,0,0,0,1960,0,genuine,
6cad6fee-3743-42bb-8beb-2d814e4f8fd4,2026-09-11T06:58:01.644223,Neha,neha@demo,3204.76,1.8108,0,1,12,0.3025,0,0,0,0,978,0,genuine,
0d6a25b5-039e-48f3-8509-3f78948c4a5c,2026-09-09T21:53:01.548450,Neha,neha@demo,1374.93,0.6598,1,3,13,0.0742,0,0,0,0,156,0,genuine,
38c099e5-c791-4bd8-a1ce-0eba436d5626,2026-09-10T02:21:01.569003,QuickCash,quickcash@demo,1714.44,1.2789,0,2,10,0.5315,0,0,0,0,2462,0,genuine,
e3d70d48-d20e-4215-8424-cd54c9af1251,2026-09-11T20:56:01.746018,QuickCash,quickcash@demo,2486.79,0.8599,0,2,18,0.088,0,0,0,0,228,0,genuine,
23a4e28d-c790-4ef3-8b85-4f0e3e92907f,2026-09-12T01:34:01.635397,Rahul,rahul@demo,3144.83,1.8519,0,0,5,0.3142,0,0,0,0,781,0,genuine,
37dd63c5-5b91-4a25-ba3f-5445b9fe267e,2026-09-09T19:37:01.724409,Neha,neha@demo,460.08,1.8746,0,2,1,0.4589,0,0,0,0,1675,0,genuine,
5d5d17b6-9fce-4abe-8bfb-91fd85e7e0d3,2026-09-09T19:04:01.608628,Neha,neha@demo,636.1,1.2307,0,0,6,0.402,0,0,0,0,1509,0,genuine,
fc888931-162a-41c1-8a27-6b6b8667afcc,2026-09-09T23:19:01.756770,Neha,neha@demo,1825.53,1.3074,1,1,2,0.53,0,0,0,0,2289,0,genuine,
0eebf1cc-4c94-4c3a-8e5a-bf6149e2823e,2026-09-10T11:19:01.612615,Neha,neha@demo,480.97,0.5496,0,0,15,0.54,0,0,1,0,2252,0,genuine,
74235f26-782e-4abc-8c54-8a43ac26ef45,2026-09-10T02:04:01.779099,Neha,neha@demo,3110.6,0.4777,0,1,12,0.4392,0,0,1,0,1773,0,genuine,
3c8e3067-24e0-42ea-ab31-5bb6ac087182,2026-09-10T19:43:01.633984,QuickCash,quickcash@demo,3706.91,0.5373,0,0,20,0.3987,0,0,0,0,1956,0,genuine,
53a14194-3ce3-42d7-a769-9890bd2a408a,2026-09-12T02:10:01.665361,QuickCash,quickcash@demo,1770.96,1.4285,0,2,8,0.2148,0,0,0,0,291,0,genuine,
91fe4eaa-6dfd-43cc-97b2-f11bbb637a7c,2026-09-11T09:55:01.743008,QuickCash,quickcash@demo,400.5,1.3254,0,0,2,0.1257,0,0,1,1,1455,0,genuine,
605232b7-2afb-4016-89fb-1e77e652f623,2026-09-10T23:21:01.560382,Neha,neha@demo,2484.16,0.9973,0,1,19,0.1615,0,0,0,0,1779,0,genuine,
494055ac-945f-47fb-b8d5-8a9176dd7355,2026-09-12T00:04:01.769747,RewardDesk,rewarddesk@demo,1237.12,0.9017,0,1,9,0.4029,0,1,0,0,957,0,genuine,
cdc07fab-ef6e-4a37-a213-df0b7bec68ab,2026-09-10T15:15:01.699297,Neha,neha@demo,2535.49,1.2885,0,1,9,0.4471,0,0,0,0,2363,0,genuine,
c0817d0d-f3b7-4e09-8ece-3a305edfee40,2026-09-11T21:25:01.743231,Neha,neha@demo,1078.1,1.7637,1,2,12,0.1642,0,0,0,0,246,0,genuine,
103bfb0c-8fc5-48a1-815b-bf544a84c8df,2026-09-11T14:06:01.693285,Neha,neha@demo,792.97,1.7898,0,1,22,0.1153,0,0,0,0,175,0,genuine,
8565f929-ac04-48f4-983b-f4a1980f48a7,2026-09-12T00:26:01.747368,QuickCash,quickcash@demo,1668.64,0.9141,0,2,2,0.4931,0,0,0,0,1934,0,genuine,
2d01d0aa-3335-4e3b-b253-82ddb8f7f49d,2026-09-09T16:32:01.694088,QuickCash,quickcash@demo,2091.11,1.3485,0,1,2,0.4865,0,0,0,1,2035,0,genuine,
3c31d413-12f6-4afc-9032-f95a0a4543b8,2026-09-10T23:03:01.591152,Neha,neha@demo,2360.95,0.5092,1,0,4,0.3356,1,1,0,0,308,0,genuine,
998c1bb3-960c-4329-ba6e-e9b56421f4e1,2026-09-10T12:01:01.730802,Rahul,rahul@demo,1082.98,0.9244,0,0,24,0.2481,0,0,0,0,461,0,genuine,
8883265a-2b2c-4325-866f-8067fcfe3925,2026-09-10T03:17:01.777776,Neha,neha@demo,452.17,0.4093,0,0,19,0.4668,0,1,0,0,2326,0,genuine,
764bd3bb-1017-4fbe-b01c-ad3b27078d8f,2026-09-10T01:33:01.562322,Neha,neha@demo,871.57,1.7298,0,2,1,0.1788,0,0,0,0,476,0,genuine,
6040764d-edfd-4cc4-9f37-071271c609fe,2026-09-10T06:33:01.615930,QuickCash,quickcash@demo,2859.26,0.7478,0,2,21,0.2859,0,1,1,0,1313,0,genuine,
42d3d9d1-79a8-4b03-bb9d-0b30bb278e46,2026-09-09T14:56:01.676954,Rahul,rahul@demo,428.54,0.9158,1,0,1,0.5388,0,0,0,0,1220,0,genuine,
18060501-6168-4414-88e0-213c2b73775e,2026-09-11T13:36:01.676862,Rahul,rahul@demo,1003.85,1.982,1,1,7,0.3931,0,0,0,0,1135,0,genuine,
41cdd08d-ac4c-45b8-9d96-b27889b1a327,2026-09-12T00:03:01.683304,RewardDesk,rewarddesk@demo,876.57,1.8548,0,1,8,0.3101,0,0,1,0,182,0,genuine,
aace5670-1fa5-4f5e-9659-a0106aaa12c3,2026-09-11T13:36:01.535069,RewardDesk,rewarddesk@demo,2873.87,0.9069,0,0,16,0.1383,0,0,0,0,834,1,new_mule_fraud,0.8869
a57570da-b6ea-481a-97df-6141b9360551,2026-09-10T07:51:01.745964,Rahul,rahul@demo,43833.64,2.4897,1,5,66,0.9256,4,1,3,1,31,1,old_fraud,
55d6e885-396b-4293-9942-497af563e78c,2026-09-10T08:27:01.595555,RewardDesk,rewarddesk@demo,4569.59,0.3963,0,0,17,0.3535,0,1,1,1,1922,0,genuine,
e5e5d15d-be36-4f10-a00e-d53deb480ea5,2026-09-10T16:59:01.627176,QuickCash,quickcash@demo,850.7,1.5636,0,1,2,0.1509,0,0,1,0,1310,0,genuine,
e27b4188-0cbf-4da4-a3a9-7c5310e9c94d,2026-09-10T23:42:01.592361,RewardDesk,rewarddesk@demo,2973.12,0.7186,0,0,20,0.3448,0,0,0,0,313,1,new_mule_fraud,0.9259
c5d7360d-38fc-4eb3-8b16-46f09d2d59f7,2026-09-12T06:02:01.744445,Neha,neha@demo,3720.46,0.9012,1,0,5,0.3619,0,0,0,0,505,0,genuine,
e5cd5389-50ef-43fe-938e-0d83f9b06d9b,2026-09-10T22:49:01.576058,Neha,neha@demo,1728.0,1.2993,1,2,23,0.3285,0,0,1,0,2092,0,genuine,
1ecf5110-78e2-485b-ab50-8b96774abe9a,2026-09-11T10:14:01.634344,Neha,neha@demo,542.54,0.6316,0,3,22,0.5196,0,0,0,1,564,0,genuine,
ba8e562d-b70b-461d-96bc-9633be5777df,2026-09-10T02:32:01.623187,RewardDesk,rewarddesk@demo,482.59,0.9752,0,0,22,0.2642,0,1,0,0,741,0,genuine,
14ca14d2-c024-4e8a-8752-712ae2f1a47a,2026-09-10T05:46:01.634762,RewardDesk,rewarddesk@demo,2211.07,0.2928,0,1,3,0.24,0,0,0,0,2130,0,genuine,
78c2b8df-4416-496d-8eda-acc3fe4005b9,2026-09-10T01:52:01.689823,RewardDesk,rewarddesk@demo,1282.9,1.3144,1,2,10,0.2264,0,0,0,1,2289,0,genuine,
e1e5ddb7-dd1c-42fd-aae4-27250c3ab175,2026-09-11T04:53:01.782648,Rahul,rahul@demo,1342.77,1.8226,0,3,17,0.2816,0,0,0,0,319,0,genuine,
eca0aa31-6a04-4903-b4de-e4b78f28e494,2026-09-12T10:45:01.708987,QuickCash,quickcash@demo,1450.71,0.5567,1,1,12,0.058,0,0,0,1,801,0,genuine,
2d153e61-15ae-40bd-b8f8-2c9720a59a71,2026-09-11T08:13:01.563980,Rahul,rahul@demo,1074.24,0.6191,0,1,14,0.5192,0,0,0,0,824,0,genuine,
7d2d9907-c7f4-4eba-afe2-c351538bcb72,2026-09-09T20:30:01.662041,QuickCash,quickcash@demo,239.67,1.6736,0,1,13,0.2644,0,1,0,0,235,0,genuine,
f2c470f0-9c7b-47cb-aa60-5d50936d9528,2026-09-11T21:37:01.683515,Neha,neha@demo,893.24,1.1261,1,2,23,0.0555,0,0,0,0,1003,0,genuine,
f1286018-35e9-4070-8140-948282d3da03,2026-09-11T21:03:01.703500,QuickCash,quickcash@demo,2983.71,1.008,0,1,1,0.4728,0,0,0,0,854,0,genuine,
2cacc1c0-7f8c-4448-9537-53a477752c51,2026-09-11T06:12:01.680015,Rahul,rahul@demo,830.7,0.5584,1,0,14,0.155,0,0,0,1,1371,0,genuine,
cd6ccfaa-3959-4cad-a740-e3d2605c9a55,2026-09-11T20:03:01.577814,Rahul,rahul@demo,1441.13,2.1395,1,1,9,0.1594,0,0,0,0,911,0,genuine,
8f4d9616-08ad-474a-a952-46c82b4ed5b2,2026-09-09T21:04:01.615440,Neha,neha@demo,528.33,0.7786,0,1,19,0.1175,0,0,0,0,1242,0,genuine,
32295f9b-b248-4a77-9241-1e026d49450a,2026-09-10T12:57:01.737382,RewardDesk,rewarddesk@demo,384.42,1.3857,0,1,8,0.444,1,0,0,0,1890,0,genuine,
324e8e01-8a8b-43b1-ae96-94015abaa838,2026-09-10T23:03:01.604594,Rahul,rahul@demo,21882.51,3.1922,0,5,55,0.7587,4,1,2,1,178,1,old_fraud,
7e86477b-1a11-4cec-a726-e72a0fe00aa3,2026-09-09T19:19:01.750666,Rahul,rahul@demo,2195.88,1.3633,1,1,13,0.3882,0,0,0,0,2064,0,genuine,
6c020aea-f0e3-4eea-a7f7-70c455a4e305,2026-09-09T20:14:01.725887,Neha,neha@demo,1631.09,0.4179,0,2,13,0.5255,1,0,0,0,1944,0,genuine,
26b1a50a-4454-4810-ab6c-32b4d5366b52,2026-09-12T03:45:01.628365,RewardDesk,rewarddesk@demo,3230.07,1.1347,0,2,12,0.4823,0,0,0,0,1854,0,genuine,
fee386f5-0787-4080-b9d9-3f414706fd9f,2026-09-10T20:30:01.719875,RewardDesk,rewarddesk@demo,2640.46,1.9201,1,0,21,0.2826,0,0,0,1,844,0,genuine,
a46664ba-c715-4dda-908b-938d2cb33cdf,2026-09-10T08:01:01.775902,QuickCash,quickcash@demo,547.29,0.7637,0,2,1,0.4431,0,0,0,0,2204,0,genuine,
39b03293-c50a-4a00-a0ef-b597e7ff252b,2026-09-09T22:18:01.582154,Rahul,rahul@demo,544.51,1.1166,0,2,1,0.1886,0,0,0,0,409,0,genuine,
9d82fa96-317b-4b68-82a0-ec344cf803c8,2026-09-10T03:02:01.752585,Rahul,rahul@demo,918.21,1.6224,0,1,14,0.2444,0,0,0,0,510,0,genuine,
02eb8b40-829c-42a4-aaf5-0e9026856a87,2026-09-11T13:26:01.692146,QuickCash,quickcash@demo,935.25,1.1019,0,0,4,0.4586,0,0,0,0,1553,0,genuine,
59666cd8-e6ce-4590-992f-b16bb2cd1cf8,2026-09-09T19:23:01.744045,QuickCash,quickcash@demo,6501.43,0.3411,0,1,24,0.3636,0,0,0,0,1038,0,genuine,
acfc5ff6-5ef8-41bf-b100-debacd37482f,2026-09-11T10:06:01.614356,Neha,neha@demo,959.9,0.9228,0,0,19,0.3265,0,0,0,0,541,0,genuine,
c53cacbf-d3b6-4dd1-b7b3-8f500d5457b9,2026-09-12T13:49:01.632429,Rahul,rahul@demo,1128.25,1.2623,1,1,2,0.2475,0,0,0,0,1142,0,genuine,
a47049fc-9562-4f79-b317-b6f7c209e1d8,2026-09-12T06:16:01.606587,Rahul,rahul@demo,1359.59,0.868,0,0,12,0.1751,0,0,0,0,1015,0,genuine,
9f6375fa-c669-47c0-9ef3-b9ccafe6f836,2026-09-11T05:18:01.763960,Neha,neha@demo,637.53,2.0986,0,0,5,0.5112,0,0,0,0,850,0,genuine,
b24aed1c-dbd8-4edb-85cd-6503eb5227f1,2026-09-10T01:10:01.630213,RewardDesk,rewarddesk@demo,1069.96,1.1642,1,2,19,0.4544,0,0,1,0,261,0,genuine,
ccab8a21-2800-4f22-bc5c-0c3577aa312d,2026-09-11T02:43:01.710472,QuickCash,quickcash@demo,2377.1,0.4823,0,3,7,0.3576,0,0,1,0,1146,0,genuine,
9f45c285-3036-4588-918a-0be4e3f67669,2026-09-11T02:24:01.750255,Rahul,rahul@demo,505.59,1.7081,0,1,23,0.0922,0,0,0,0,442,0,genuine,
16420e31-024e-4792-acd5-592edd79a7ee,2026-09-12T13:49:01.587608,Neha,neha@demo,572.87,2.0153,0,1,17,0.3905,0,0,0,0,324,0,genuine,
eb3e9667-fab5-40e4-9b19-1ecc689566b0,2026-09-10T08:31:01.544231,RewardDesk,rewarddesk@demo,821.93,1.0731,0,2,18,0.1789,0,0,0,0,1139,0,genuine,
9dd08984-c269-4774-96ec-216460dc3ac0,2026-09-10T02:41:01.577658,RewardDesk,rewarddesk@demo,989.98,1.6962,0,1,7,0.1691,0,0,0,0,1487,0,genuine,
99ca4d00-d7a9-477e-a8eb-2003ecd7b38c,2026-09-11T22:13:01.650418,QuickCash,quickcash@demo,1408.19,0.4715,0,1,18,0.2472,1,0,0,0,2497,0,genuine,
f4ef6d4c-6a85-4b00-9fb9-27721445ed10,2026-09-11T23:38:01.640663,Rahul,rahul@demo,2818.3,1.2595,0,3,6,0.4632,0,0,0,1,933,0,genuine,
f4e1ec15-c5e8-42dc-9e79-5a01526bbc6f,2026-09-12T13:34:01.545540,Rahul,rahul@demo,636.03,0.6644,0,0,10,0.2743,0,0,0,0,1093,0,genuine,
74a9d0cf-e9df-43cd-981a-ea6044516e58,2026-09-09T22:29:01.733711,RewardDesk,rewarddesk@demo,1253.32,0.5075,0,1,15,0.2514,0,0,0,1,654,0,genuine,
8b088f2b-a9a1-412d-931d-6b0f1cff6633,2026-09-09T18:57:01.626226,QuickCash,quickcash@demo,3092.6,0.5722,0,1,22,0.1245,0,0,0,0,1706,1,new_mule_fraud,0.9428
11a044fd-2593-48b5-abfe-52aff39c7a3b,2026-09-10T08:54:01.587843,Neha,neha@demo,1798.97,0.4163,1,1,6,0.4693,0,1,0,0,1693,0,genuine,
9a2c185f-53c2-4fb1-983b-7eb6f01541d1,2026-09-10T14:37:01.757656,Rahul,rahul@demo,1329.34,1.3108,0,2,1,0.1963,0,0,0,0,459,0,genuine,
8affdfc5-3ae5-4578-ae79-4fbc3ab085e9,2026-09-11T14:13:01.763800,Neha,neha@demo,527.76,2.0224,0,2,8,0.4224,0,0,0,0,2269,0,genuine,
98070a2d-aca4-49fa-9b96-9a189223979e,2026-09-10T18:23:01.533840,Rahul,rahul@demo,1181.89,0.7373,0,1,5,0.1792,0,1,0,0,813,0,genuine,
d72b844e-7d9c-41e4-a6d6-43b1a29ee5ea,2026-09-12T11:48:01.635885,RewardDesk,rewarddesk@demo,2478.66,0.8149,0,1,22,0.4041,0,0,0,0,776,1,new_mule_fraud,0.9852
d1bc5a0d-1f4d-4230-bede-78c467bfeabb,2026-09-12T00:52:01.759721,Rahul,rahul@demo,3405.0,1.9464,0,0,4,0.2158,0,0,0,0,1561,0,genuine,
753a2398-fbfc-4ee4-9995-311ef5171ed6,2026-09-11T21:13:01.781723,Rahul,rahul@demo,965.85,2.1084,0,2,3,0.372,0,0,0,0,1508,0,genuine,
2e52c0ed-5413-4f07-96dc-0bf816dc30f1,2026-09-10T18:16:01.728024,QuickCash,quickcash@demo,1204.56,1.7367,0,1,1,0.3397,0,0,0,0,1581,0,genuine,
705a36be-0370-40cd-bf17-1481198bd097,2026-09-12T00:55:01.543893,Rahul,rahul@demo,3858.86,1.52,1,0,6,0.0787,0,0,0,0,325,0,genuine,
eeeca411-1920-4fd8-bf5b-b5630674a21d,2026-09-10T05:28:01.542834,RewardDesk,rewarddesk@demo,427.12,1.3196,0,1,19,0.3616,0,0,0,0,1493,0,genuine,
2e0208a4-76c4-4d5b-b086-c83d284d1e25,2026-09-10T16:26:01.702873,RewardDesk,rewarddesk@demo,12622.25,4.2584,1,7,22,0.6917,2,1,2,1,144,1,old_fraud,
b8997be8-2880-446f-807a-c5e2fffd5e34,2026-09-10T14:36:01.701029,RewardDesk,rewarddesk@demo,1287.58,1.905,1,1,10,0.4351,0,0,0,0,1896,0,genuine,
2f73b511-a01b-467a-aef8-035d08b317e1,2026-09-10T06:36:01.671134,Rahul,rahul@demo,24223.35,3.022,0,4,59,0.9875,4,1,3,1,99,1,old_fraud,
040b9e6a-76e2-49c4-b128-c0e1ec9a3c26,2026-09-10T05:33:01.675345,Neha,neha@demo,1206.23,0.9999,0,1,23,0.3973,0,0,0,0,1704,0,genuine,
c42f306b-e82c-4999-a9ac-3b0947556486,2026-09-10T15:30:01.776057,RewardDesk,rewarddesk@demo,1152.71,0.4292,1,2,6,0.3432,0,0,0,0,1253,0,genuine,
3d887383-defc-42e1-8662-f2bad3ac36ee,2026-09-12T04:27:01.777129,Rahul,rahul@demo,3766.81,2.0065,1,3,1,0.1788,0,0,0,0,643,0,genuine,
e1d6f3e5-19ab-4cfd-b911-d95ab9469c16,2026-09-12T01:48:01.714952,Neha,neha@demo,2487.71,0.2102,0,3,19,0.051,0,0,0,0,1832,0,genuine,
2b635bb8-0af1-488c-8f02-8c21c822f7d9,2026-09-11T10:14:01.748782,RewardDesk,rewarddesk@demo,276.57,1.6385,0,0,2,0.1838,0,0,0,0,162,0,genuine,
b38ceb9a-2a7e-4e9f-89e1-4a979f36f88f,2026-09-10T04:22:01.621302,RewardDesk,rewarddesk@demo,3821.56,2.0787,0,2,22,0.2037,0,0,0,0,604,0,genuine,
eb609943-6501-47b5-81dc-fac01134accd,2026-09-12T00:06:01.734736,RewardDesk,rewarddesk@demo,542.91,0.7188,0,1,2,0.401,0,0,0,0,1405,0,genuine,
0a276fca-d452-4205-b770-9929d8c5a5b7,2026-09-10T19:38:01.739526,QuickCash,quickcash@demo,2958.25,1.6083,0,1,10,0.3111,0,0,0,1,140,0,genuine,
5338b2cc-cc36-482e-8444-ac8633fa1ebb,2026-09-12T08:33:01.659933,Rahul,rahul@demo,1334.91,2.0935,0,1,1,0.4837,0,0,0,0,780,0,genuine,
e96f169e-1fbf-4172-9cc9-f8bf065b71d9,2026-09-11T05:48:01.699512,Rahul,rahul@demo,877.1,1.3479,0,0,12,0.3371,0,0,0,0,2493,0,genuine,
3a2c1d38-6b50-451e-8552-20c098f5fe61,2026-09-10T01:47:01.760355,RewardDesk,rewarddesk@demo,5628.71,1.06,1,3,20,0.1423,0,0,0,0,419,0,genuine,
c4f219ee-5a34-4335-aa99-5bbc67f6360d,2026-09-11T13:52:01.765491,Rahul,rahul@demo,739.48,0.6491,1,1,9,0.2401,0,0,0,0,1433,0,genuine,
c3e7a81c-8a95-47d7-9d7f-5e56c4cddebe,2026-09-09T21:37:01.656718,RewardDesk,rewarddesk@demo,971.45,0.9072,0,1,23,0.4074,0,0,0,0,756,0,genuine,
fab45eb5-dc56-42a0-85b8-d3e266db74fe,2026-09-10T09:20:01.574235,RewardDesk,rewarddesk@demo,1059.83,0.6731,1,0,24,0.1277,0,0,0,0,111,0,genuine,
d64d77bb-7d54-40ef-bc47-00588e9a39a2,2026-09-11T11:02:01.568493,RewardDesk,rewarddesk@demo,632.36,1.0365,1,0,13,0.065,0,0,0,0,1839,0,genuine,
13d2c9d7-4f66-4e85-82bf-5019a89a3cce,2026-09-09T21:37:01.529134,QuickCash,quickcash@demo,405.98,0.9297,0,3,7,0.3313,0,0,0,0,2207,0,genuine,
08e3f546-b93b-4891-b849-4609d66bcf0c,2026-09-10T17:11:01.683252,Rahul,rahul@demo,26198.69,3.681,1,6,29,0.7837,2,0,1,0,50,1,old_fraud,
0c184e43-df77-4403-b73c-380b4d6a2afa,2026-09-12T00:17:01.705886,Rahul,rahul@demo,296.29,0.8205,0,1,17,0.443,1,0,0,0,2082,0,genuine,
6e94232b-761e-4c00-8e8c-657e77cf5175,2026-09-12T02:02:01.551714,QuickCash,quickcash@demo,3608.13,2.1079,0,1,6,0.1806,0,0,0,0,1713,0,genuine,
4ca42e5d-6486-4344-a719-b44464ebd84d,2026-09-11T05:12:01.705806,RewardDesk,rewarddesk@demo,554.91,2.1707,0,1,20,0.1346,0,0,0,1,678,0,genuine,
336e81ec-344a-4063-8308-5b3487f77dc1,2026-09-09T14:17:01.617857,Neha,neha@demo,2702.61,1.8024,0,2,6,0.0915,0,0,0,0,499,0,genuine,
5547e702-eac8-4ad9-8acb-33af609c5ef6,2026-09-11T06:52:01.631466,Rahul,rahul@demo,2542.39,1.5074,0,0,6,0.2274,0,0,0,0,1853,0,genuine,
b1304d1b-fce5-427e-981c-c6c7debf0e0d,2026-09-11T15:07:01.743585,RewardDesk,rewarddesk@demo,1295.04,1.267,0,0,19,0.2004,0,0,0,0,1318,1,new_mule_fraud,0.8657
8ecfef88-fa59-4858-8e17-f11e0faad9ee,2026-09-10T06:55:01.695121,Neha,neha@demo,282.25,0.329,1,1,18,0.1469,0,0,1,0,1892,0,genuine,
1655fa50-38a0-4bfa-8fe7-a14c2d8dcd50,2026-09-12T12:28:01.726038,Neha,neha@demo,776.55,1.5792,0,1,13,0.5328,0,0,0,0,1205,0,genuine,
4aab3c3c-2483-4c0a-88bc-e50c66708488,2026-09-10T04:50:01.663236,QuickCash,quickcash@demo,2380.74,1.4617,1,1,11,0.4525,0,0,0,1,1511,0,genuine,
fc2131b4-e8bc-44f1-921c-ebf105a3c01a,2026-09-09T14:44:01.549252,QuickCash,quickcash@demo,1081.26,1.1711,0,0,3,0.4566,0,0,0,0,1120,0,genuine,
37f43191-b219-40ba-ab1b-6bbc2eddf9f0,2026-09-10T08:05:01.733869,RewardDesk,rewarddesk@demo,201.63,1.9949,0,1,20,0.3856,0,0,0,0,2487,0,genuine,
0fea381b-f057-41d3-9166-c2a03acd9671,2026-09-10T07:53:01.656508,Rahul,rahul@demo,1124.76,1.993,1,1,9,0.448,0,0,0,0,566,0,genuine,
94255958-9906-4e21-ae62-b0ca283759ac,2026-09-09T20:08:01.735291,Neha,neha@demo,10903.57,2.9315,1,4,76,0.7076,4,0,2,1,209,1,old_fraud,
0a9d0768-73cb-4a73-a0cf-5f46732bf956,2026-09-09T16:06:01.781671,Rahul,rahul@demo,2786.95,0.7857,0,0,11,0.2978,0,0,0,0,2081,0,genuine,
17cad6db-6602-49d6-8ed1-793b23d16c71,2026-09-10T01:31:01.650737,RewardDesk,rewarddesk@demo,2289.8,0.5058,1,3,17,0.4004,0,0,0,0,2136,0,genuine,
ce4edc53-97a0-4bed-8ff7-6daebdd8b0a7,2026-09-11T19:01:01.783538,Rahul,rahul@demo,1872.82,0.6725,1,1,2,0.5205,0,0,0,0,1199,0,genuine,
ee65bf13-1b49-46ab-8486-0abec51f4035,2026-09-11T17:17:01.773187,Rahul,rahul@demo,957.45,0.9376,0,1,4,0.4069,0,1,0,0,952,0,genuine,
025f33d8-7aef-4402-97c4-878797e3cf05,2026-09-12T00:18:01.648846,QuickCash,quickcash@demo,2633.41,0.9534,0,1,18,0.1154,0,0,0,0,396,0,genuine,
39ccfe03-d128-409a-b578-cad5c0d7f2b2,2026-09-10T13:34:01.713937,Rahul,rahul@demo,700.92,2.1015,0,0,20,0.0973,0,0,1,0,385,0,genuine,
827fbfab-e21f-4666-8169-8613d52b056b,2026-09-10T04:16:01.689378,RewardDesk,rewarddesk@demo,1359.42,0.2522,0,2,22,0.1409,0,0,0,0,2367,0,genuine,
821d79a1-b2c4-4480-baf0-dd52e88dd347,2026-09-11T00:28:01.587368,Rahul,rahul@demo,922.7,1.7079,0,1,21,0.4864,0,0,0,0,1788,0,genuine,
d0b4624e-95d1-44da-a5f3-03c0ebaf7986,2026-09-11T12:26:01.608942,QuickCash,quickcash@demo,7876.32,1.6827,1,1,23,0.5127,0,0,0,0,1394,0,genuine,
f15bae2a-1f26-4e0c-97a0-9e657431585c,2026-09-12T01:11:01.726141,Rahul,rahul@demo,706.28,1.9491,1,2,10,0.2514,0,0,0,0,348,0,genuine,
c44f6aa5-f268-4f43-88a9-04d4d769c028,2026-09-10T19:29:01.614851,Neha,neha@demo,912.83,0.7991,0,0,10,0.2764,0,0,1,0,1773,0,genuine,
f97414a7-486b-47c2-9ccc-ddcc5bcbf885,2026-09-10T23:15:01.775589,RewardDesk,rewarddesk@demo,2814.02,2.1797,0,0,4,0.3093,0,0,0,0,299,0,genuine,
885d7334-2fec-49d2-a890-cc404761d6d1,2026-09-12T01:29:01.674287,Neha,neha@demo,535.15,0.6121,1,4,23,0.4327,0,0,0,1,1742,0,genuine,
e64c48aa-2304-4615-8b06-4eca24d4d1b6,2026-09-12T02:53:01.752272,RewardDesk,rewarddesk@demo,989.49,0.4937,0,3,22,0.0704,0,0,1,0,1702,0,genuine,
7f621156-8905-4f90-80c5-ab63f5f638ae,2026-09-10T11:22:01.658531,RewardDesk,rewarddesk@demo,1574.98,0.465,0,3,21,0.3191,0,1,1,0,392,0,genuine,
2a9a19aa-1ce2-4248-ae2f-1ea85129ddfc,2026-09-09T17:10:01.676433,Neha,neha@demo,1313.96,0.4147,0,2,3,0.223,0,0,0,0,1514,0,genuine,
08fa256b-f1a8-4922-840c-feeff9e35c95,2026-09-11T23:55:01.681575,RewardDesk,rewarddesk@demo,14523.62,3.4426,0,6,44,0.7454,3,0,3,1,34,1,old_fraud,
918c827a-5988-48af-b515-c75f8db67ed6,2026-09-09T22:12:01.774688,QuickCash,quickcash@demo,1394.97,0.8737,0,1,7,0.0794,0,0,0,0,718,0,genuine,
4216208a-44ab-4ccb-9261-c205c1bff37f,2026-09-12T05:49:01.618426,RewardDesk,rewarddesk@demo,1375.22,0.9655,0,0,23,0.1988,0,0,0,0,736,1,new_mule_fraud,0.974
b034765d-6eee-4d65-bbd6-f5a543bfcab0,2026-09-10T06:14:01.727534,Rahul,rahul@demo,1475.11,0.9892,1,3,18,0.0523,0,0,1,0,2350,0,genuine,
82afa514-253e-4112-acca-bd567fcffcf7,2026-09-12T04:41:01.771768,RewardDesk,rewarddesk@demo,1872.91,1.2892,0,0,15,0.49,0,1,0,0,1386,1,new_mule_fraud,0.8974
d225d01b-74a9-490c-bb79-4c58c6eb41c5,2026-09-10T23:05:01.773502,Neha,neha@demo,385.97,1.1055,0,0,16,0.1884,0,0,0,1,217,0,genuine,
77aaaef3-9ee7-4175-b71b-3b0020c45918,2026-09-12T06:30:01.778682,Rahul,rahul@demo,845.71,0.9122,0,3,18,0.3712,0,0,0,0,1023,0,genuine,
d9a83586-1c24-46ad-838f-8355b7946007,2026-09-10T05:16:01.715118,Neha,neha@demo,1020.44,1.3865,0,1,6,0.0638,0,0,0,0,2033,0,genuine,
16619cea-8e29-4d51-b5f4-9c82933faf8d,2026-09-11T09:00:01.629295,Rahul,rahul@demo,809.51,1.5103,0,1,12,0.0643,0,0,0,0,1660,0,genuine,
1ddd6f76-605e-4479-a9e8-e900f959e93d,2026-09-09T23:15:01.775797,RewardDesk,rewarddesk@demo,507.67,2.1918,0,4,9,0.2415,0,0,0,0,669,0,genuine,
67903aeb-f367-4f59-9043-b57993a30fc3,2026-09-10T23:59:01.576796,Rahul,rahul@demo,1321.21,0.5732,0,1,23,0.1974,0,0,0,0,728,0,genuine,
90fa6d4b-b063-4a5e-a201-a1f9bc796a2b,2026-09-10T18:05:01.593743,Neha,neha@demo,1304.29,1.5625,1,1,17,0.4413,0,0,0,0,824,0,genuine,
c01d12d0-4255-4127-a9de-8f02d265b4ae,2026-09-09T18:59:01.768725,Neha,neha@demo,970.37,0.239,0,2,19,0.4726,0,0,0,0,1462,0,genuine,
ff63a4e9-445a-429f-b5ae-71a0062d15b6,2026-09-11T20:33:01.585613,RewardDesk,rewarddesk@demo,2932.46,0.9897,0,1,23,0.1887,0,0,0,0,1521,1,new_mule_fraud,0.9603
a35c5b2f-bb76-492b-86ea-d4323d73516b,2026-09-10T22:13:01.567645,Rahul,rahul@demo,2315.19,0.9403,1,1,5,0.3289,0,0,0,0,1710,0,genuine,
78bf2caf-a03d-49b7-adb4-8f046a519c37,2026-09-09T17:49:01.740630,Rahul,rahul@demo,2809.07,0.8569,1,2,17,0.349,0,0,0,0,1475,0,genuine,
892cc1dc-1041-4315-a98b-738fbdd7a3e7,2026-09-11T15:15:01.604798,Neha,neha@demo,455.86,1.2496,0,0,20,0.5168,0,0,0,0,872,0,genuine,
94cba8f5-6f56-4e21-86a2-45c8afcddd2a,2026-09-10T15:07:01.715345,QuickCash,quickcash@demo,1967.68,0.6339,1,0,6,0.3276,0,0,0,0,1128,0,genuine,
24780566-8567-476d-967f-91de4946adbe,2026-09-09T21:56:01.607939,QuickCash,quickcash@demo,1026.9,1.3663,0,0,18,0.4072,0,0,0,0,2456,0,genuine,
c417ad0e-d423-4f7d-b2e4-110a602aaa94,2026-09-10T20:00:01.665690,QuickCash,quickcash@demo,299.11,0.5464,1,2,22,0.1556,0,0,1,0,2004,0,genuine,
4b9118a6-c94a-4e31-85fa-a74b4f37118c,2026-09-12T01:05:01.540180,Neha,neha@demo,2128.0,1.9617,0,2,5,0.4024,0,0,0,0,631,0,genuine,
b9f56e70-1713-46c1-be09-16f6f9a66514,2026-09-09T23:48:01.596930,Neha,neha@demo,2368.9,0.7641,0,0,22,0.199,0,0,0,0,1925,0,genuine,
fdd27d84-70e8-43bb-a2b4-beb7c21f9f36,2026-09-11T07:51:01.693750,RewardDesk,rewarddesk@demo,2965.15,0.9389,0,0,16,0.31,0,0,0,0,2144,0,genuine,
6030ea54-a135-4ccc-9284-d86de28137b8,2026-09-09T22:21:01.630834,RewardDesk,rewarddesk@demo,1506.46,1.5725,0,2,17,0.5362,0,0,1,0,914,0,genuine,
8542cd9a-b849-42ad-acfd-74118f044507,2026-09-12T10:28:01.563448,Rahul,rahul@demo,471.29,0.9096,0,2,6,0.2982,0,0,0,0,1500,0,genuine,
bf0e1260-11c8-4b91-afc0-b670019ce61c,2026-09-12T03:51:01.764719,Rahul,rahul@demo,4206.91,1.0204,1,3,1,0.4055,0,0,0,0,514,0,genuine,
30054929-22be-4a7f-ab32-eb1f996ca3cf,2026-09-12T08:33:01.732735,Rahul,rahul@demo,1078.19,1.8427,1,4,19,0.3708,0,0,0,0,595,0,genuine,
d3e7d967-6294-4140-be3f-00e231570036,2026-09-09T21:26:01.683011,Rahul,rahul@demo,3249.62,0.6144,0,2,2,0.3544,0,0,0,0,1480,0,genuine,
f4362bf3-75af-469d-b489-a443b42d9d3b,2026-09-10T02:41:01.620649,Rahul,rahul@demo,1826.05,1.8429,1,4,12,0.1626,0,0,0,0,1130,0,genuine,
4dc79597-3946-44fc-838b-f1539bbb7855,2026-09-10T14:57:01.714264,Rahul,rahul@demo,7308.47,1.2367,1,2,21,0.1163,0,0,0,0,365,0,genuine,
5eef6cf9-c299-45c4-9a2b-28056cc723d3,2026-09-11T01:58:01.580337,QuickCash,quickcash@demo,639.0,1.7766,1,1,11,0.483,0,0,0,0,314,0,genuine,
edb8dc7d-641f-4646-be96-022a41f7d378,2026-09-10T05:02:01.710887,RewardDesk,rewarddesk@demo,1502.55,1.3589,0,0,17,0.3692,0,0,0,1,586,1,new_mule_fraud,0.9002
088d0e48-e369-4b9a-a99f-68d348e800cd,2026-09-10T05:51:01.641265,Rahul,rahul@demo,2626.96,0.4031,0,1,24,0.1637,0,0,0,0,639,0,genuine,
30cbcc22-a111-4c25-8ebc-13ffbebaff9a,2026-09-11T09:06:01.705947,Neha,neha@demo,1994.93,1.7935,0,2,10,0.1302,0,0,0,0,379,0,genuine,
a73ea69c-2466-4b0b-afa9-d4bde1106db9,2026-09-11T17:35:01.782752,Neha,neha@demo,865.31,0.8331,0,2,19,0.1283,0,0,1,1,211,0,genuine,
6820d80e-3335-430c-99af-a59d1711ca8b,2026-09-10T22:28:01.610821,Neha,neha@demo,6206.24,0.4293,0,1,24,0.485,0,0,0,0,820,0,genuine,
4306efdb-c92e-4cfb-8781-0cc6c0395b46,2026-09-12T13:20:01.556401,Neha,neha@demo,441.82,0.6916,0,2,9,0.1739,0,0,0,0,1267,0,genuine,
a6d3f874-dd6e-4d5a-8078-4b94979dbff1,2026-09-11T13:43:01.694144,RewardDesk,rewarddesk@demo,947.33,0.6718,0,1,3,0.4634,0,0,0,0,349,0,genuine,
71023e23-58fa-4218-be97-922e52bde4a0,2026-09-11T01:49:01.576951,QuickCash,quickcash@demo,1790.04,0.2125,0,0,1,0.3571,0,0,0,0,2066,0,genuine,
8b92bffa-32a9-4023-b6d6-e65802fa73e4,2026-09-10T14:25:01.705495,Rahul,rahul@demo,1036.1,0.4407,0,2,1,0.1477,0,0,0,1,162,0,genuine,
51a3446c-4cc6-4565-aa41-8f36a3ac74d6,2026-09-10T01:38:01.647869,RewardDesk,rewarddesk@demo,3110.88,1.4433,0,0,24,0.4749,0,0,0,0,1327,1,new_mule_fraud,0.9424
7c2108b7-6d80-4366-acd9-22995460ec1a,2026-09-11T21:23:01.702930,Neha,neha@demo,572.62,0.5262,0,3,3,0.5024,0,0,0,0,1832,0,genuine,
1eae86ee-ba9b-4d9f-86f9-17ebefdb38c0,2026-09-11T04:35:01.643777,QuickCash,quickcash@demo,2743.48,0.5393,0,1,18,0.5186,0,0,1,0,802,0,genuine,
38cd0fc9-1eea-474c-9681-2bc51b20c1ca,2026-09-12T09:46:01.591887,Neha,neha@demo,1468.3,1.4334,1,0,14,0.1236,0,0,0,0,961,0,genuine,
e07e1ef4-a4ba-428d-978b-2773c0a22ab1,2026-09-10T14:34:01.562954,RewardDesk,rewarddesk@demo,20494.39,2.9975,1,6,55,0.7812,3,1,3,0,238,1,old_fraud,
7d016fac-5319-41c8-8fa0-1c70e4f5d6b2,2026-09-11T14:28:01.588536,Rahul,rahul@demo,1832.35,1.0725,0,0,2,0.5248,0,1,0,0,1581,0,genuine,
e17aadde-f194-4ca2-9631-ac4bf7ab3778,2026-09-11T02:12:01.689165,Neha,neha@demo,1685.93,0.6757,0,1,22,0.1636,0,0,0,0,1681,0,genuine,
59237508-172d-4b92-bc40-5849eca328ae,2026-09-12T05:52:01.671347,Neha,neha@demo,919.08,0.5785,1,3,8,0.5349,0,0,0,0,2038,0,genuine,
9d6185c2-5f9e-4353-a315-e6d6632fb41d,2026-09-10T21:53:01.599094,Neha,neha@demo,2144.74,1.0919,1,2,17,0.155,0,0,0,0,1144,0,genuine,
67fce74c-a5a5-45c7-9e4e-8e0c2c2ea7fb,2026-09-09T14:14:01.760244,RewardDesk,rewarddesk@demo,1226.27,2.0436,1,1,19,0.0799,0,0,0,1,158,0,genuine,
697a72e3-d718-4384-9b1e-81c8be418117,2026-09-10T13:26:01.779316,RewardDesk,rewarddesk@demo,3113.49,1.5691,0,1,14,0.5419,0,0,0,0,171,0,genuine,
61b2c0ce-a437-4409-989b-70f9b78d935a,2026-09-10T13:10:01.586721,Rahul,rahul@demo,535.26,1.6833,0,2,13,0.3935,0,0,0,0,771,0,genuine,
cb03ed37-2e86-44ad-ae13-f5dadc17b1ee,2026-09-09T22:45:01.748834,Rahul,rahul@demo,655.57,0.2659,0,1,4,0.5029,0,0,0,0,326,0,genuine,
f80c5714-08a1-4096-821d-ce5679f8fd60,2026-09-10T13:51:01.771573,QuickCash,quickcash@demo,796.25,0.9067,0,2,14,0.1253,0,0,0,0,694,0,genuine,
6c798fc3-20d4-478c-875e-2718cf008648,2026-09-11T10:51:01.677295,Neha,neha@demo,1831.93,0.895,0,3,13,0.4592,0,0,0,1,2299,0,genuine,
d3dc8acb-5ee0-4c6b-bd42-8581aff16531,2026-09-12T03:37:01.602603,QuickCash,quickcash@demo,699.56,1.2496,0,1,22,0.2133,0,1,0,0,1897,0,genuine,
293bd134-0f7b-4beb-ab6f-f1fdf210af30,2026-09-12T00:19:01.704992,RewardDesk,rewarddesk@demo,457.45,0.8233,0,1,12,0.2684,0,0,1,0,972,0,genuine,
7b12ae82-1f20-44d3-8f7e-2fcd885d2ecf,2026-09-10T00:10:01.781940,Rahul,rahul@demo,700.04,1.9694,0,2,24,0.2651,0,0,0,0,1602,0,genuine,
0c9c4fb6-7214-4e9f-bd9e-cb4b6c7d9628,2026-09-10T08:57:01.672250,Rahul,rahul@demo,1604.85,1.2494,0,0,1,0.3831,0,0,1,0,633,0,genuine,
7180965d-f4a0-4718-b452-21880c0c872f,2026-09-10T02:20:01.640413,Neha,neha@demo,1763.8,0.2175,0,1,16,0.3478,0,0,1,0,1889,0,genuine,
724d794a-12e0-4c33-a2f4-4e9427920172,2026-09-11T22:05:01.568179,Rahul,rahul@demo,443.15,0.5869,0,3,11,0.421,0,0,0,0,1998,0,genuine,
b7a8cb81-dfb5-409b-a2e9-9b445d272540,2026-09-11T10:59:01.603343,QuickCash,quickcash@demo,1455.54,0.2069,0,0,23,0.2987,0,1,0,0,928,0,genuine,
9932f924-a755-4c87-8bba-41e201271013,2026-09-12T10:39:01.737434,RewardDesk,rewarddesk@demo,865.99,1.8921,0,1,3,0.2638,0,0,0,1,1100,0,genuine,
9809038f-c4b3-4fbd-adb8-dd86f3dd6142,2026-09-11T06:47:01.704023,QuickCash,quickcash@demo,263.17,0.8357,1,3,8,0.2532,0,0,0,0,1251,0,genuine,
3b82c3e6-c010-416c-8855-e19c99d10291,2026-09-12T05:49:01.703872,Neha,neha@demo,2063.51,0.2216,1,0,1,0.4519,0,0,0,0,1881,0,genuine,
fd2053bf-b370-4458-8926-4f508b8db43e,2026-09-12T01:35:01.775481,QuickCash,quickcash@demo,621.41,0.9842,0,2,7,0.2154,0,0,0,0,1326,0,genuine,
06cf4e07-b285-4027-accd-9a379d770033,2026-09-10T06:10:01.750509,Neha,neha@demo,2747.03,0.3595,1,1,15,0.1193,0,0,0,0,223,0,genuine,
c910ef12-0f62-4fa5-a3f9-12b1e65caa69,2026-09-11T07:22:01.714417,RewardDesk,rewarddesk@demo,2269.6,1.3964,0,1,11,0.3133,0,0,0,0,1020,1,new_mule_fraud,0.9506
f8b48539-21f5-47ec-aa49-fd1b8fff1a12,2026-09-11T06:53:01.772086,Neha,neha@demo,769.8,0.3934,0,2,1,0.4585,0,0,0,0,2217,0,genuine,
91b5725d-a358-4160-8559-450b3cf6fc72,2026-09-12T07:24:01.657184,Neha,neha@demo,2987.66,0.2898,0,0,22,0.5462,0,0,0,0,2257,0,genuine,
26d8049e-d118-4f6f-b8a8-c63837f6ba76,2026-09-10T07:13:01.687354,RewardDesk,rewarddesk@demo,916.77,1.0069,0,0,16,0.2487,0,1,0,0,1225,0,genuine,
fd5bbeba-a9d1-48a1-ba8e-248eb5282d7d,2026-09-10T00:14:01.563160,QuickCash,quickcash@demo,846.98,1.4136,0,2,23,0.3208,0,0,0,1,1643,0,genuine,
b10f3515-3c0c-4ad9-a32a-a7c65187f440,2026-09-11T22:57:01.684425,Rahul,rahul@demo,965.67,1.8572,0,0,3,0.0573,0,0,0,0,1199,0,genuine,
09eb2684-518f-4640-986b-ee8a4d4bcdc1,2026-09-10T19:18:01.672918,Neha,neha@demo,823.72,1.3594,0,2,21,0.3015,0,0,0,0,589,0,genuine,
fbbaff50-c6bd-4440-8522-44571a465e5c,2026-09-11T08:06:01.620320,Neha,neha@demo,896.32,0.9964,0,1,5,0.132,0,1,1,0,1857,0,genuine,
586d23e9-57f1-4ccd-addd-5a0268fe005d,2026-09-09T21:48:01.768907,Rahul,rahul@demo,28608.43,5.2971,1,3,22,0.7648,1,1,3,1,39,1,old_fraud,
0b441b0e-8fd2-480f-ade8-58b20b84bd65,2026-09-11T10:23:01.557768,RewardDesk,rewarddesk@demo,964.1,1.8255,1,1,20,0.5466,0,0,0,1,1821,0,genuine,
28b9f3b9-67da-4092-ae08-29a3405e67a2,2026-09-11T08:30:01.676015,Neha,neha@demo,832.23,1.8361,0,0,23,0.0987,0,0,0,0,1702,0,genuine,
4a18978e-778d-47ed-a73c-44b18dfec706,2026-09-12T08:37:01.680760,QuickCash,quickcash@demo,1548.74,0.3955,1,2,19,0.1288,0,0,0,0,1170,0,genuine,
8d06bce4-ec00-4488-81de-d2c28eae474f,2026-09-09T18:58:01.740793,RewardDesk,rewarddesk@demo,1684.07,0.6125,0,2,8,0.149,0,1,0,0,104,0,genuine,
dfe59bb3-2b3f-4a3c-bbc7-227288aa1956,2026-09-10T10:55:01.753773,Rahul,rahul@demo,1107.13,1.1752,0,0,4,0.255,0,0,0,0,1376,0,genuine,
99011dd9-0ec0-4259-b81b-5ee9cf99d50c,2026-09-09T17:02:01.742134,Rahul,rahul@demo,2656.01,0.6187,0,0,2,0.4525,0,0,0,0,518,0,genuine,
76c0752b-495c-4ea9-befc-13abf2e420e6,2026-09-12T11:06:01.743993,RewardDesk,rewarddesk@demo,1112.89,0.9839,0,0,4,0.3281,0,0,0,0,1144,0,genuine,
7730813e-e2d0-4f00-b8ce-7d8d35bd6cbe,2026-09-12T13:22:01.769080,Rahul,rahul@demo,918.48,0.7098,1,2,15,0.4974,0,0,0,1,2211,0,genuine,
c07d8987-e5ec-44bd-a2f6-8fe0d96473ca,2026-09-11T23:14:01.776266,Neha,neha@demo,485.38,1.6304,1,1,5,0.3257,0,0,0,0,1173,0,genuine,
d64b78eb-93d3-4c59-87dd-c726a6ab557d,2026-09-12T12:41:01.673746,RewardDesk,rewarddesk@demo,968.94,0.849,0,0,17,0.0639,0,1,0,0,790,0,genuine,
2d623212-c925-4cff-83df-bde4914af93c,2026-09-11T23:02:01.707361,RewardDesk,rewarddesk@demo,1603.68,0.9795,0,0,21,0.366,0,0,0,0,414,0,genuine,
befdc2c1-738b-4ad1-959d-f097a98f2e26,2026-09-10T00:53:01.574161,Rahul,rahul@demo,6883.03,0.9151,0,0,22,0.2121,0,0,0,0,764,0,genuine,
e659d3e5-07f3-40ae-a063-88e718551d3f,2026-09-12T01:36:01.581676,RewardDesk,rewarddesk@demo,1900.26,0.6803,0,1,16,0.217,0,0,0,0,1156,1,new_mule_fraud,0.9457
1c7ec62d-0333-4c9e-9f5d-34ed14a73759,2026-09-10T01:51:01.671953,Rahul,rahul@demo,6258.91,0.8195,0,3,23,0.0705,0,0,0,0,2480,0,genuine,
856c898e-3780-44f4-876f-651507c63195,2026-09-10T23:39:01.688090,RewardDesk,rewarddesk@demo,1404.1,0.7719,0,1,19,0.4829,0,0,0,0,1246,1,new_mule_fraud,0.9324
cfe75df2-c7ec-4cec-937e-ad6509ce965b,2026-09-10T22:45:01.716738,QuickCash,quickcash@demo,12144.28,2.4466,1,5,56,0.7985,1,1,3,0,213,1,old_fraud,
b803dd60-bba5-4bfc-a27f-a6d3d682b677,2026-09-09T23:37:01.773343,Rahul,rahul@demo,6465.16,0.8332,1,1,3,0.2416,0,0,1,0,879,0,genuine,
e381baa6-c213-4a29-a677-26cca8965f57,2026-09-12T09:28:01.630266,QuickCash,quickcash@demo,1533.36,0.8796,0,2,15,0.5275,0,0,0,0,1592,0,genuine,
433834ac-6c61-4652-b3ab-90f2dd1a9fc6,2026-09-10T12:52:01.778231,RewardDesk,rewarddesk@demo,2715.91,1.874,0,0,4,0.0829,0,0,0,0,1256,0,genuine,
ff03c262-e39f-42a6-8eb3-d3210eccd9d3,2026-09-10T20:17:01.744393,RewardDesk,rewarddesk@demo,2225.21,0.5473,1,1,23,0.2533,0,0,0,0,928,1,new_mule_fraud,0.892
abfa0dd8-3a71-4cb5-adf6-3a0a44b51d9e,2026-09-10T05:48:01.615041,RewardDesk,rewarddesk@demo,262.98,2.0295,0,0,1,0.2387,0,1,0,0,193,0,genuine,
5ba22f0e-5896-4d90-8d16-c56e6ecc217a,2026-09-11T08:20:01.536386,RewardDesk,rewarddesk@demo,530.47,1.5388,0,1,24,0.1988,0,0,0,0,1550,0,genuine,
4ac8057c-d36a-4e34-9da7-049a0620a960,2026-09-09T13:32:01.607562,Rahul,rahul@demo,1484.13,1.8963,0,0,8,0.1266,0,0,0,0,1107,0,genuine,
a4fd8295-b10c-41f7-8cdc-e8c7eb78a89a,2026-09-10T04:05:01.632588,Neha,neha@demo,952.79,1.8737,0,0,20,0.3211,0,0,0,0,1399,0,genuine,
4862a3d5-3c4c-40e6-8310-266bd76fbe96,2026-09-12T06:11:01.636862,RewardDesk,rewarddesk@demo,1733.3,0.231,0,0,20,0.1588,0,0,0,0,814,0,genuine,
cf73e9a8-76bc-4e4b-8627-6d4890110ba2,2026-09-11T21:38:01.634039,Rahul,rahul@demo,2393.52,2.1791,0,2,6,0.153,0,0,0,0,2073,0,genuine,
bbc5c393-c89f-4839-829e-137c64a97838,2026-09-12T04:33:01.699459,Neha,neha@demo,1431.02,2.0545,0,0,1,0.1641,0,0,0,0,962,0,genuine,
263aaba5-4903-4f47-b0a6-b03d26663ff2,2026-09-12T01:36:01.681911,Neha,neha@demo,14434.1,0.9028,0,0,4,0.1813,1,0,0,0,277,0,genuine,
a607d61b-7649-44cd-93ca-70befa0a70d3,2026-09-09T21:18:01.666454,QuickCash,quickcash@demo,1338.91,1.7139,0,1,22,0.2903,0,0,0,0,805,0,genuine,
7b539cd7-b8ce-4490-ac3a-1608a065ef7f,2026-09-10T10:46:01.619504,Rahul,rahul@demo,918.68,0.513,0,0,11,0.13,0,0,0,0,1078,0,genuine,
d0306919-d67b-40ed-a3de-9d1c73f42a2e,2026-09-11T16:58:01.646123,Rahul,rahul@demo,788.74,0.2121,0,1,23,0.1206,0,0,0,0,2433,0,genuine,
97a6816c-3e5f-4deb-87c8-5625c8bce6bc,2026-09-09T18:39:01.744150,QuickCash,quickcash@demo,904.04,1.6547,0,1,8,0.3851,0,1,0,0,2032,0,genuine,
2d30eb80-a789-4fd1-96c9-94b5f4f37dff,2026-09-12T08:52:01.601350,Neha,neha@demo,2654.36,0.6684,0,2,7,0.4832,0,0,0,0,692,0,genuine,
414388f9-96db-4ed3-b760-b6aeb61f9b09,2026-09-11T19:41:01.780819,Rahul,rahul@demo,1977.92,1.8177,0,0,8,0.0919,0,1,1,0,1340,0,genuine,
882849c4-0868-462f-9619-bf5b01c332aa,2026-09-12T06:12:01.604541,Rahul,rahul@demo,1313.27,1.0491,1,1,7,0.4948,1,0,0,0,1438,0,genuine,
debb0bc4-0c0f-451c-afa2-528b607b17f4,2026-09-10T00:32:01.618838,Neha,neha@demo,1115.99,1.4198,0,1,8,0.187,0,0,0,0,313,0,genuine,
4f879e1e-698b-4104-811f-6e730f5d8bea,2026-09-12T09:55:01.627386,Neha,neha@demo,1188.09,0.8256,0,2,9,0.1666,0,0,0,0,542,0,genuine,
d424e02e-05e8-4a6f-9716-06620baaf9e9,2026-09-12T01:21:01.783431,RewardDesk,rewarddesk@demo,2156.66,1.571,0,1,12,0.0647,0,0,0,0,150,0,genuine,
2c2156db-c2a9-42f8-b479-4e21c5e37f48,2026-09-10T18:27:01.631677,Neha,neha@demo,682.28,0.9852,0,1,16,0.5208,0,0,0,0,1614,0,genuine,
0b68f5a7-6950-4ae9-8b4a-4457523789b4,2026-09-11T01:56:01.662294,RewardDesk,rewarddesk@demo,1014.35,0.2343,0,3,3,0.2789,0,0,1,0,1540,0,genuine,
115ba5b3-8f11-46ae-9324-715b7209e55c,2026-09-09T17:50:01.534452,RewardDesk,rewarddesk@demo,871.49,1.0656,0,0,14,0.0591,0,0,0,1,1802,0,genuine,
6a4420c6-e10c-4644-a66f-aa3b50ad7f8d,2026-09-11T04:08:01.771981,Neha,neha@demo,887.48,1.2867,1,2,9,0.5385,0,0,0,1,2314,0,genuine,
f552e912-690b-410a-ab05-af982a4a291f,2026-09-09T13:11:01.692620,Neha,neha@demo,235.68,1.5832,0,5,9,0.4049,0,0,1,0,1518,0,genuine,
fe5c8258-6d94-4e41-bc73-47b9d55600f6,2026-09-09T20:08:01.585392,Neha,neha@demo,465.36,1.3498,0,2,23,0.1887,0,1,0,0,1619,0,genuine,
8ccec700-84aa-4b19-a9ba-ddb009e917fc,2026-09-09T20:21:01.774943,QuickCash,quickcash@demo,1554.76,0.3479,0,2,11,0.4129,0,0,0,0,382,0,genuine,
f259321e-d719-4606-bd21-dc432f7f8996,2026-09-12T08:49:01.675905,Rahul,rahul@demo,5129.61,2.0945,0,1,13,0.094,0,0,0,0,1935,0,genuine,
90f3e583-a55f-4f4f-ab39-4aca82b1ffaa,2026-09-10T17:24:01.581130,RewardDesk,rewarddesk@demo,1069.65,1.5881,1,0,1,0.3275,0,0,1,0,783,0,genuine,
69af4018-9018-41a2-9568-0bc22895d20f,2026-09-11T19:11:01.743546,Neha,neha@demo,3518.28,1.5129,0,0,10,0.1997,0,0,0,0,1481,0,genuine,
1cdb08ab-477d-46d4-b67a-9f5e00105c34,2026-09-09T13:07:01.685877,RewardDesk,rewarddesk@demo,789.74,1.8914,0,0,8,0.3859,0,0,0,0,2468,0,genuine,
4b0da1fa-e589-4466-b4cf-0678a2a66661,2026-09-11T00:26:01.574492,Rahul,rahul@demo,1413.69,0.8306,0,0,21,0.3655,0,0,0,0,652,0,genuine,
dc14d12c-e9f7-48c0-9030-d010e79fdcc4,2026-09-12T11:54:01.642973,Rahul,rahul@demo,290.96,1.8907,0,1,16,0.1117,0,0,0,0,693,0,genuine,
0df97651-2578-4b26-a155-51b51979bee7,2026-09-10T03:49:01.546114,Rahul,rahul@demo,6171.09,0.2397,1,1,14,0.4046,0,0,1,1,783,0,genuine,
32298b6e-b8d2-4585-aa1f-77e17b7a199f,2026-09-11T03:59:01.758861,RewardDesk,rewarddesk@demo,742.9,1.6478,0,1,10,0.3925,0,1,0,0,494,0,genuine,
2bbbacd7-cf84-4b85-827c-f19d90a7f763,2026-09-10T17:35:01.767915,RewardDesk,rewarddesk@demo,1844.57,1.9931,0,1,15,0.2429,0,0,0,1,1580,0,genuine,
78bd9c74-3d65-474f-b73b-d418f200fb39,2026-09-12T10:51:01.647645,QuickCash,quickcash@demo,2006.7,0.33,0,1,11,0.4967,0,0,0,0,1190,0,genuine,
e2a2b17b-0e75-4ccc-87a9-c2a659a49f42,2026-09-11T13:37:01.671188,RewardDesk,rewarddesk@demo,756.18,1.5814,0,5,5,0.3943,1,1,0,0,2224,0,genuine,
4cc2c775-f5b0-4a64-b7a5-46e0d1aaca8c,2026-09-11T20:15:01.690008,Neha,neha@demo,1932.52,2.0909,0,0,11,0.1775,0,0,0,0,2044,0,genuine,
59317904-7c18-4366-a3b4-9c4733aca750,2026-09-11T22:00:01.695281,Rahul,rahul@demo,1589.77,1.6216,0,2,4,0.4059,0,0,0,0,1024,0,genuine,
3bb73097-11df-4c9f-b805-ed25e04861a4,2026-09-10T08:12:01.556010,RewardDesk,rewarddesk@demo,1020.51,1.6042,0,2,21,0.1255,0,0,0,0,927,0,genuine,
96640115-0b74-4cef-ba4b-87d17c63a825,2026-09-11T16:16:01.576603,Neha,neha@demo,2275.63,0.2897,0,0,11,0.3835,0,0,0,0,255,0,genuine,
e85dce86-f8ec-4c9b-b56c-d1a7ca4bf1bd,2026-09-09T15:40:01.634092,Neha,neha@demo,919.13,0.8718,0,2,15,0.4121,0,0,0,0,2414,0,genuine,
9823c401-952d-4917-bf30-9b57e18f3337,2026-09-10T06:45:01.779936,Neha,neha@demo,1348.48,1.0828,0,1,6,0.5098,0,0,0,0,1579,0,genuine,
0ad13332-ba28-4f51-a1b6-b6e7ea363765,2026-09-10T02:20:01.687993,RewardDesk,rewarddesk@demo,1772.94,1.6864,0,1,16,0.0814,1,1,1,0,745,0,genuine,
bde6656b-71cb-4c00-9e7d-d4a5501c1861,2026-09-09T19:14:01.607308,QuickCash,quickcash@demo,471.94,1.0585,0,4,17,0.3651,0,0,0,0,1166,0,genuine,
520629f8-7b29-4524-82ca-320354a1f2c0,2026-09-11T19:42:01.572480,QuickCash,quickcash@demo,571.19,1.491,0,1,24,0.0808,0,0,0,0,1809,0,genuine,
7d60985c-1230-4877-970c-2b36a93745e5,2026-09-10T05:26:01.637993,Rahul,rahul@demo,3924.41,2.032,0,4,14,0.5047,0,0,1,0,495,0,genuine,
5ce353aa-838d-4927-9847-943f43d1ae5f,2026-09-11T23:29:01.698196,Neha,neha@demo,9496.25,1.5821,0,3,6,0.4077,0,0,0,0,1646,0,genuine,
c70ac4df-665c-43ef-9be5-1f6ba4bb8486,2026-09-11T03:24:01.612930,QuickCash,quickcash@demo,470.15,1.568,1,1,18,0.1226,0,0,0,0,2374,0,genuine,
f9294bd0-493d-4928-95ad-91056bd6a23f,2026-09-10T05:34:01.558969,RewardDesk,rewarddesk@demo,1888.04,1.2094,0,2,10,0.0701,0,0,0,0,437,0,genuine,
db00f241-a31c-49b6-8cc1-c3e74681647e,2026-09-10T08:29:01.761309,RewardDesk,rewarddesk@demo,2426.75,0.3059,1,1,17,0.2796,0,0,0,1,1075,1,new_mule_fraud,0.9616
4a8421c4-1faa-4367-af23-01b58b109fa4,2026-09-12T04:35:01.768198,Rahul,rahul@demo,884.23,0.4977,0,0,12,0.3293,0,1,0,0,1422,0,genuine,
ec062d2f-4f53-4a8a-9bd3-faad5ebd2caf,2026-09-12T11:55:01.777204,RewardDesk,rewarddesk@demo,2353.84,0.4046,1,0,9,0.1418,0,0,0,0,1364,1,new_mule_fraud,0.9556
72e80b87-03f8-4cac-baf1-0325ab9ef99e,2026-09-11T05:35:01.730090,Neha,neha@demo,25343.65,3.7636,1,3,33,0.7911,3,0,3,1,142,1,old_fraud,
bd2620f1-6a5b-427f-a4c2-a093d7f1b089,2026-09-10T22:22:01.669583,QuickCash,quickcash@demo,1070.89,1.3568,0,3,4,0.0786,0,0,1,0,640,0,genuine,
b63dd242-a3c9-4b51-8bde-44b39ed06b9c,2026-09-11T22:14:01.675961,RewardDesk,rewarddesk@demo,2202.45,0.6347,0,0,11,0.4063,0,0,1,0,962,0,genuine,
11f1a062-29a5-4f39-84f0-c7ae441ed992,2026-09-10T12:33:01.673510,Rahul,rahul@demo,736.14,1.4095,0,0,10,0.3784,0,0,0,0,1168,0,genuine,
3ec56e0e-38c0-48a2-8c0e-f59d2fae2990,2026-09-10T02:36:01.664615,RewardDesk,rewarddesk@demo,2360.88,2.074,0,1,1,0.314,0,0,0,0,657,0,genuine,
b80356dd-e1fd-4fef-bc1e-7e6dcccb5c79,2026-09-12T06:53:01.561969,Neha,neha@demo,1438.13,1.1526,1,3,15,0.0802,0,0,0,0,1903,0,genuine,
36795be9-ea06-4c63-b238-c1785eec1f75,2026-09-09T23:00:01.749536,Rahul,rahul@demo,2555.19,2.0848,1,4,1,0.5186,1,0,0,0,611,0,genuine,
6cb7c861-ffd3-4d18-8549-8a44e75e5767,2026-09-11T19:59:01.775009,Neha,neha@demo,802.62,0.4818,1,0,7,0.4661,0,1,0,0,695,0,genuine,
a4e56ca8-d6c8-4bbc-af4b-63d04b3e2742,2026-09-10T20:32:01.639339,RewardDesk,rewarddesk@demo,2931.71,1.2204,0,0,1,0.2281,0,0,0,0,1347,0,genuine,
43289756-a73b-4014-b9ab-87c08d4a7265,2026-09-10T12:54:01.756822,Rahul,rahul@demo,536.36,1.6534,0,2,6,0.3906,0,0,0,0,796,0,genuine,
3bec0432-34ab-4711-9698-58806fb15771,2026-09-10T09:28:01.641626,RewardDesk,rewarddesk@demo,11598.92,5.4551,1,4,40,0.722,1,1,3,1,125,1,old_fraud,
2147489b-e4bb-4eea-bfec-7e9e2a1961df,2026-09-09T18:05:01.675292,Neha,neha@demo,1405.03,0.6574,1,1,19,0.0623,0,0,0,0,869,0,genuine,
d24f3f33-042a-409c-92d5-0222cb1b4cc9,2026-09-12T07:50:01.731400,QuickCash,quickcash@demo,4220.29,1.8792,0,3,10,0.1689,0,0,0,0,1329,0,genuine,
a24c27e3-6262-4b05-a592-40469d0f1b0c,2026-09-11T15:56:01.729616,QuickCash,quickcash@demo,1405.43,1.7261,0,2,14,0.3063,1,0,0,1,1279,0,genuine,
614f032c-3ba8-4ebf-858d-26addd37958d,2026-09-10T04:04:01.779209,RewardDesk,rewarddesk@demo,1073.45,0.5943,0,0,18,0.0711,0,0,0,0,2420,0,genuine,
caa873cf-b9ed-4d4f-9fc6-e813e433a6d0,2026-09-11T12:56:01.540369,Rahul,rahul@demo,5746.71,0.8168,0,1,13,0.4143,0,0,1,0,395,0,genuine,
094fd297-245f-4f06-886c-2af492e9bdc5,2026-09-10T02:29:01.765544,Neha,neha@demo,317.67,0.3025,0,0,9,0.3856,0,0,1,0,1043,0,genuine,
a1b7aefc-978d-4446-b9e9-9b0c743b91c2,2026-09-09T23:33:01.776785,QuickCash,quickcash@demo,243.7,1.5455,1,1,22,0.2385,0,0,0,0,403,0,genuine,
4375ab2f-5198-4b8d-9a63-048bb782d29c,2026-09-12T07:22:01.620954,Neha,neha@demo,828.81,1.5247,0,1,16,0.3661,0,0,0,0,1598,0,genuine,
e7021749-bfdf-470a-abbd-3c2b1be5f517,2026-09-11T23:31:01.766004,Rahul,rahul@demo,1425.94,1.9445,1,4,21,0.3463,0,0,0,0,1070,0,genuine,
b749b99a-6cf9-453b-8215-9622a5cb19b2,2026-09-11T01:27:01.621396,Neha,neha@demo,1600.11,0.5068,1,0,17,0.1751,0,0,0,1,397,1,new_mule_fraud,0.8811
31f0a3fe-8cb2-4070-bcfc-6279b4cbabca,2026-09-10T22:56:01.714897,QuickCash,quickcash@demo,2403.71,1.3869,0,2,7,0.3412,0,0,0,0,782,0,genuine,
4ba44109-30e9-449f-8036-752a9ee269cb,2026-09-10T20:20:01.767192,Rahul,rahul@demo,569.31,0.905,1,3,17,0.5299,1,0,0,0,824,0,genuine,
2c07a24f-93c6-4dd2-812a-9e397c128757,2026-09-12T00:30:01.715232,Neha,neha@demo,370.2,1.7127,0,4,4,0.2095,0,0,0,0,2316,0,genuine,
b49a6a6a-1578-4f4a-be2e-0386462fa798,2026-09-11T16:15:01.715558,Rahul,rahul@demo,2042.27,0.8392,0,1,22,0.3453,0,1,0,0,562,1,new_mule_fraud,0.9286
6fe06304-948e-47e0-bb20-3972c4f9bee4,2026-09-10T20:19:01.616685,Neha,neha@demo,1943.15,1.2733,0,0,19,0.2162,0,0,0,1,430,0,genuine,
78e5d7e7-f1b4-4cef-bfc1-2a336e1a6f8d,2026-09-09T16:38:01.601111,Neha,neha@demo,1374.2,1.8303,0,1,23,0.0569,0,0,0,0,404,0,genuine,
8c4241a5-650d-4c21-a1b6-4189069ff2b7,2026-09-10T02:57:01.709040,RewardDesk,rewarddesk@demo,1642.07,1.2829,0,1,17,0.1291,0,0,0,0,1059,0,genuine,
20479b40-672f-48b6-814a-6f689b7671bf,2026-09-10T17:29:01.646016,Neha,neha@demo,3689.14,0.4718,0,2,3,0.2492,0,0,0,0,436,0,genuine,
35e26e71-8357-482d-b49c-696973e58db6,2026-09-12T04:49:01.617622,QuickCash,quickcash@demo,2783.23,1.2858,1,0,15,0.2424,0,0,0,0,2014,0,genuine,
075114ed-8f16-404a-bcab-c462d988ed20,2026-09-11T08:02:01.740037,Neha,neha@demo,2183.0,1.02,0,1,17,0.1621,0,0,0,0,1555,0,genuine,
6ba6d21a-827c-43a6-9fb3-7214e20868fd,2026-09-10T15:45:01.686098,Rahul,rahul@demo,1889.62,1.1651,0,1,17,0.5363,0,0,0,1,1432,0,genuine,
18169263-72d8-45ff-a28b-c5f560b6044d,2026-09-11T14:12:01.729787,RewardDesk,rewarddesk@demo,291.72,1.5424,0,2,16,0.3248,0,0,0,0,925,0,genuine,
9c419fad-b6cf-49a0-a75f-9f6df5763460,2026-09-12T07:40:01.604909,Rahul,rahul@demo,557.31,1.6857,0,0,14,0.1401,0,0,0,0,392,0,genuine,
aa01a50f-f219-438e-b595-92b3238a8051,2026-09-11T17:15:01.775849,Rahul,rahul@demo,1848.96,1.3885,0,0,15,0.3627,0,0,1,0,340,0,genuine,
3cd2e05a-64f5-4ae1-8d4d-2dd5d4ece09d,2026-09-12T05:45:01.606700,Neha,neha@demo,631.2,1.5777,0,0,21,0.4295,0,1,0,0,2181,0,genuine,
1da72a5d-fb05-4eb0-8354-6a4076bbbfbd,2026-09-11T22:09:01.724172,QuickCash,quickcash@demo,279.12,1.6199,0,3,16,0.4393,0,0,0,0,1201,0,genuine,
512c4830-25e4-488c-87b4-c54d683c4cea,2026-09-11T01:53:01.706166,RewardDesk,rewarddesk@demo,9948.88,4.6091,0,7,69,0.9445,3,0,2,1,135,1,old_fraud,
eae910bb-06ed-45cb-b926-9844f3478185,2026-09-09T14:22:01.637644,Rahul,rahul@demo,1965.11,2.1513,0,1,13,0.301,0,0,0,0,1402,0,genuine,
bf8165d4-39a4-416b-870f-d5a89caae0bd,2026-09-11T04:50:01.619876,Neha,neha@demo,880.69,1.8763,0,0,5,0.2417,0,0,0,0,2118,0,genuine,
03db6a7f-cd67-4652-b051-5563c2e0a4c2,2026-09-11T11:19:01.693033,QuickCash,quickcash@demo,498.35,0.7838,0,1,1,0.4483,0,0,1,0,1704,0,genuine,
37743e45-bf9f-45a6-be2e-5af8e32612f8,2026-09-10T08:45:01.729895,RewardDesk,rewarddesk@demo,1358.06,1.8874,0,0,2,0.4754,0,0,0,0,2144,0,genuine,
269b7e3e-d304-44f9-80c9-03979faf9623,2026-09-11T19:19:01.693933,RewardDesk,rewarddesk@demo,42818.08,3.497,1,3,33,0.7707,2,0,1,0,78,1,old_fraud,
86ecd320-9eb4-4183-90e0-46a4fe36a3e4,2026-09-10T06:24:01.633028,Rahul,rahul@demo,2337.58,0.3553,0,0,22,0.241,0,0,0,0,1412,1,new_mule_fraud,0.8655
0664ba7d-0991-4278-ba7f-8589a6713e1e,2026-09-11T02:33:01.718718,Neha,neha@demo,2151.69,1.5252,0,1,13,0.4858,0,0,1,0,1162,0,genuine,
5985d6f4-b51c-41ef-97ed-25184b9043cf,2026-09-10T02:51:01.713255,RewardDesk,rewarddesk@demo,1327.85,1.4927,1,1,19,0.3691,0,0,0,0,900,1,new_mule_fraud,0.8579
820f4e12-e6d5-4b58-992c-715cadbd5b15,2026-09-11T23:31:01.621609,Rahul,rahul@demo,3360.46,0.4733,1,1,5,0.4482,0,0,0,0,2408,0,genuine,
ee9431a6-8e49-474f-8c9c-bd82efc4eaf9,2026-09-11T07:58:01.650945,Neha,neha@demo,631.76,0.559,0,2,19,0.335,0,0,0,0,550,0,genuine,
c66c3cca-ad63-47ee-9728-8fe0a0d61830,2026-09-12T07:53:01.615126,Rahul,rahul@demo,3085.96,0.8525,0,0,18,0.1821,0,0,0,1,337,0,genuine,
19aaaebb-f640-4902-9774-01fa797f41e9,2026-09-12T09:13:01.736654,Neha,neha@demo,1361.79,1.3287,1,2,3,0.4535,0,0,0,0,973,0,genuine,
e132fb81-9422-45cd-b8c9-46c03e71d7cc,2026-09-12T06:32:01.770418,Neha,neha@demo,6946.96,0.9818,0,0,9,0.3164,0,0,0,0,1832,0,genuine,
f5387cd8-c270-4b1c-b172-db77076adda1,2026-09-11T21:47:01.551134,Rahul,rahul@demo,3944.39,0.7977,0,0,8,0.1153,0,0,0,0,930,0,genuine,
f647e7d4-47b0-4577-84ab-ab8815b84b8d,2026-09-10T08:30:01.539908,QuickCash,quickcash@demo,3996.18,0.3346,0,1,19,0.4684,0,0,0,0,2357,0,genuine,
79ae33b1-9e9c-4025-a9dc-bc728f7b25ca,2026-09-09T22:14:01.599990,RewardDesk,rewarddesk@demo,644.24,0.71,0,2,17,0.3752,0,1,0,0,956,0,genuine,
3a912653-a510-4f3d-b920-15b2e79aea2c,2026-09-09T15:43:01.742526,RewardDesk,rewarddesk@demo,2651.52,0.478,1,0,2,0.53,0,1,0,0,171,0,genuine,
13dbdad4-278d-48da-8d9f-c5101d1b6940,2026-09-11T00:45:01.584167,RewardDesk,rewarddesk@demo,1103.19,1.4711,0,1,15,0.2218,0,0,0,0,621,0,genuine,
2894933d-e76f-4ba2-9fce-255519044e29,2026-09-11T20:26:01.706711,RewardDesk,rewarddesk@demo,1987.13,1.4934,0,0,17,0.3634,0,0,0,0,1118,1,new_mule_fraud,0.9058
5edc76e7-b645-4837-9138-a764bdfc7211,2026-09-10T12:29:01.532719,Neha,neha@demo,3144.0,1.7482,0,2,24,0.3622,0,0,0,0,360,0,genuine,
6890b162-667e-490e-ad50-23f6c61396ac,2026-09-12T04:16:01.573437,RewardDesk,rewarddesk@demo,758.29,0.9526,0,1,21,0.4768,0,1,0,0,1060,1,new_mule_fraud,0.9375
71c9cb49-1ecd-423d-bb8a-dbba9dfcf9d8,2026-09-10T11:53:01.575315,Neha,neha@demo,8325.02,2.853,1,5,65,0.6714,2,0,2,0,74,1,old_fraud,
419544c5-5f7f-49df-aabe-43ecefb49475,2026-09-12T02:50:01.572333,Rahul,rahul@demo,579.01,0.3031,0,2,24,0.2108,0,0,0,1,2089,0,genuine,
8d879e76-c019-4cfc-bcce-095773de98a0,2026-09-11T00:10:01.677188,RewardDesk,rewarddesk@demo,4808.94,0.6964,0,1,7,0.4182,0,0,0,0,464,0,genuine,
6fb7d18b-45c9-4ece-ae81-bdc2fc7825f6,2026-09-11T20:40:01.628508,RewardDesk,rewarddesk@demo,1496.44,1.1154,0,0,24,0.45,0,0,0,0,521,1,new_mule_fraud,0.9634
33abbc08-3593-4f23-829d-395f829a6142,2026-09-11T18:30:01.575727,RewardDesk,rewarddesk@demo,633.36,0.3946,0,1,24,0.2404,0,0,0,1,1829,0,genuine,
f5fb3a28-e52f-44f6-8f9d-ac99be5b2e5e,2026-09-12T04:56:01.542135,Neha,neha@demo,1377.94,1.2057,0,1,11,0.0654,0,0,0,0,1052,0,genuine,
d3c846cf-14d5-4853-a007-c6132e50bbfa,2026-09-11T08:59:01.776734,RewardDesk,rewarddesk@demo,4706.71,1.5962,0,4,19,0.3311,0,0,0,0,1342,0,genuine,
3fe96af2-b71c-48fb-95bc-2a9943c38ee0,2026-09-09T13:12:01.675398,Neha,neha@demo,737.82,1.0444,0,1,1,0.4153,0,0,0,0,1323,0,genuine,
73f783cf-4abe-496a-8b19-7690aa88653b,2026-09-10T08:33:01.693824,Rahul,rahul@demo,3191.99,1.3762,0,0,18,0.1424,0,0,0,0,374,1,new_mule_fraud,0.9824
6550b5d7-6994-485d-ab7d-b26d49700970,2026-09-11T09:48:01.630416,Rahul,rahul@demo,3389.4,1.4401,0,0,20,0.4013,0,0,0,0,915,1,new_mule_fraud,0.8992
d76a5d33-3316-4ccd-956d-f5fce7ab70e2,2026-09-09T22:21:01.705384,RewardDesk,rewarddesk@demo,1155.61,0.6902,0,0,17,0.1923,0,0,0,0,697,0,genuine,
0dfd8d28-fccd-43b6-8c82-f6abbff245af,2026-09-10T21:44:01.614597,Neha,neha@demo,685.47,0.3009,0,0,12,0.2714,0,0,0,0,1299,0,genuine,
cb227dba-2cf1-4589-863d-318abb7737fa,2026-09-11T00:26:01.754032,RewardDesk,rewarddesk@demo,4773.39,0.2669,1,0,4,0.5135,0,0,0,0,2135,0,genuine,
82a417df-3c46-477e-9c5e-029556fcc951,2026-09-11T20:46:01.534602,Rahul,rahul@demo,1847.8,1.4988,0,0,18,0.4859,0,0,1,0,1597,0,genuine,
b04e03d2-8692-41bd-88ec-2267030524ca,2026-09-09T14:30:01.720585,QuickCash,quickcash@demo,1610.79,1.4331,0,3,3,0.3552,0,1,0,1,1872,0,genuine,
6bdd8bbb-7c37-47f2-bb06-e3a5087a98bd,2026-09-11T11:55:01.741869,QuickCash,quickcash@demo,460.79,0.3835,0,0,23,0.2079,0,0,0,0,2211,0,genuine,
ca98f6fd-294f-4c22-afbb-183cc73e7693,2026-09-10T10:32:01.746327,QuickCash,quickcash@demo,1661.64,0.8468,0,1,20,0.4656,0,0,0,0,522,0,genuine,
a0e29c4d-262e-4ae8-a29a-b567ce11a26b,2026-09-11T07:34:01.777350,Neha,neha@demo,43457.78,2.5998,1,5,49,0.9736,1,0,2,1,151,1,old_fraud,
9088a9db-c9a9-465b-9a74-781ed00dba79,2026-09-11T22:06:01.697806,RewardDesk,rewarddesk@demo,2859.58,1.5004,0,0,14,0.5105,0,0,0,1,757,0,genuine,
52f1931b-1c00-4655-ad74-ea2119b60343,2026-09-09T19:41:01.689613,RewardDesk,rewarddesk@demo,1469.5,2.0155,0,1,14,0.2223,0,0,0,0,1834,0,genuine,
c6614b47-f481-4e33-8c5f-25409d017974,2026-09-12T06:15:01.627874,QuickCash,quickcash@demo,2318.0,1.493,0,3,15,0.2834,0,0,0,0,663,0,genuine,
a589edee-2738-4b43-a427-029cdd41a96d,2026-09-11T17:34:01.657769,Neha,neha@demo,4252.17,1.2117,0,3,3,0.5495,0,0,0,0,1112,0,genuine,
f31895a3-22fc-42e3-a8eb-424a24bc5626,2026-09-09T15:10:01.641325,RewardDesk,rewarddesk@demo,683.03,1.2509,0,0,15,0.3143,0,0,0,0,905,0,genuine,
593c5b87-0d48-4831-8b16-12161e20a1a1,2026-09-10T12:03:01.656560,Rahul,rahul@demo,1929.74,1.9146,0,0,7,0.4318,0,0,0,0,788,0,genuine,
4f2a029f-8635-47c7-ba56-79c6a6c940f0,2026-09-11T13:02:01.772964,RewardDesk,rewarddesk@demo,5024.73,1.2851,0,1,21,0.2135,1,0,0,0,158,0,genuine,
81521eea-deb0-4fe2-b5cf-ff18b787a576,2026-09-11T02:50:01.641868,Neha,neha@demo,660.92,0.831,0,0,23,0.3242,0,0,0,0,701,0,genuine,
8beab74d-3160-47c7-ab4a-b3d3f0cfb5a8,2026-09-10T22:02:01.763441,Neha,neha@demo,546.91,2.0617,0,0,3,0.3234,0,0,0,0,1891,0,genuine,
4596efc6-ce9d-42d2-8c95-57e8857fdb3f,2026-09-11T18:45:01.772347,RewardDesk,rewarddesk@demo,711.49,0.9618,1,2,14,0.3671,0,0,0,0,2286,0,genuine,
dfb3005b-0ec3-4f19-99aa-3ce352ff6226,2026-09-11T00:04:01.764667,QuickCash,quickcash@demo,702.27,0.9898,0,1,19,0.1717,0,0,0,0,2461,0,genuine,
4e273115-783b-48e7-bf65-fe30a50933fd,2026-09-12T00:52:01.664032,RewardDesk,rewarddesk@demo,1033.44,1.2054,0,0,15,0.42,0,0,0,0,2351,0,genuine,
a82199b9-b299-4bf8-8d65-754c6466ed18,2026-09-12T09:07:01.534693,Neha,neha@demo,614.55,1.4671,0,1,12,0.1798,0,0,0,0,1825,0,genuine,
723a9d95-37b9-4493-8fe2-115c3b96f34f,2026-09-12T07:06:01.738934,Rahul,rahul@demo,1042.65,0.4944,1,1,7,0.3353,0,0,0,0,444,0,genuine,
b93a3c5b-073a-4857-a5c8-269e0562498f,2026-09-12T11:45:01.694870,Rahul,rahul@demo,733.47,0.9636,1,3,23,0.4462,0,0,0,0,961,0,genuine,
8acfb484-795b-4617-a798-3ddf3af35250,2026-09-10T06:42:01.688235,QuickCash,quickcash@demo,450.08,1.4073,0,1,7,0.487,0,0,0,0,287,0,genuine,
529ccd16-e795-4ae3-b700-b4c20ac6ad15,2026-09-09T19:50:01.714536,Neha,neha@demo,2261.08,0.5928,0,0,1,0.1812,0,0,0,1,2119,0,genuine,
fa773580-a4f7-49f1-9efa-0292d274da18,2026-09-09T17:50:01.564068,Neha,neha@demo,688.59,1.338,0,2,1,0.5208,0,0,0,1,675,0,genuine,
2e254a39-a0c2-4578-a4ff-08b3e4212817,2026-09-10T11:37:01.727597,QuickCash,quickcash@demo,1674.22,1.935,0,5,21,0.241,0,0,0,0,1052,0,genuine,
4c4d7a99-9ef6-4290-95cb-e0a11f0e9a9f,2026-09-11T15:53:01.585134,Rahul,rahul@demo,2088.01,0.7878,0,0,3,0.3308,0,0,0,0,1189,0,genuine,
e5fa4192-66b6-41f7-9d9d-8f94fd412d07,2026-09-10T06:40:01.733653,Rahul,rahul@demo,4060.68,0.7932,1,1,4,0.4274,0,0,0,0,1758,0,genuine,
69e512b6-68a9-43df-a57b-1500bc947c07,2026-09-11T10:02:01.743623,RewardDesk,rewarddesk@demo,2765.42,1.2212,1,1,22,0.1861,0,0,0,0,325,1,new_mule_fraud,0.8622
b6ab912c-005d-466d-b07a-719edebf9d11,2026-09-11T12:47:01.568256,RewardDesk,rewarddesk@demo,2711.5,0.6316,1,1,11,0.2675,0,0,0,0,1605,0,genuine,
1be111ea-7a7a-4bfb-88a1-cd8ca9c7506d,2026-09-10T15:55:01.570763,Rahul,rahul@demo,1393.5,1.39,1,1,19,0.3265,0,0,1,1,768,0,genuine,
19657568-e7dd-45df-b77f-649c4e724052,2026-09-12T02:46:01.528194,Neha,neha@demo,1553.72,0.5611,0,0,9,0.4879,0,0,0,0,640,0,genuine,
0d82d58c-4098-43e9-848b-2656cd577be3,2026-09-10T17:33:01.647402,RewardDesk,rewarddesk@demo,3289.74,1.8878,0,1,4,0.5201,0,0,0,0,1889,0,genuine,
f93a0bb1-81fb-4c85-9e8b-1597732c8487,2026-09-12T03:10:01.763284,RewardDesk,rewarddesk@demo,702.17,0.9023,1,2,11,0.4621,0,0,0,1,947,0,genuine,
3ded3fe2-06dc-4b85-b13e-cd8a64d0680c,2026-09-11T11:05:01.763585,QuickCash,quickcash@demo,488.93,1.3139,1,1,5,0.0775,0,0,0,0,624,0,genuine,
71579273-f33c-4a77-859d-ec3ad8ed9fe8,2026-09-10T00:41:01.616055,QuickCash,quickcash@demo,3116.4,0.9879,0,1,10,0.1234,0,0,0,0,242,0,genuine,
bd8458cf-5bfc-47d4-82ac-a8d8ca8147ca,2026-09-12T04:11:01.685926,Rahul,rahul@demo,21114.11,3.4501,1,7,30,0.6796,1,1,2,1,83,1,old_fraud,
0b0725ea-3543-491d-955d-bedc9fede409,2026-09-10T05:40:01.684974,QuickCash,quickcash@demo,353.96,0.5528,1,1,9,0.0589,0,0,0,0,1310,0,genuine,
e0468459-f1c7-460f-a442-9833824ef9f6,2026-09-10T14:34:01.662655,QuickCash,quickcash@demo,896.1,1.361,1,0,22,0.3202,1,0,0,0,1185,0,genuine,
a9786fa7-0654-42d5-8c1f-69a29a8e143f,2026-09-11T12:41:01.622109,Neha,neha@demo,37875.6,2.0166,1,6,37,0.7868,2,0,2,1,13,1,old_fraud,
ff0987a3-2d5c-4fca-87c4-f0009284507a,2026-09-12T07:09:01.603276,Neha,neha@demo,1318.25,1.2989,1,3,1,0.1933,0,0,0,1,2433,0,genuine,
c24444f2-1980-4fd8-bc96-7f96783fbf13,2026-09-09T14:27:01.750911,RewardDesk,rewarddesk@demo,4497.69,1.3515,0,2,22,0.5389,0,0,0,1,422,0,genuine,
32c535a3-53c2-4a8f-bcd6-3f45b94f5514,2026-09-11T13:08:01.721644,Neha,neha@demo,2645.26,1.865,0,0,7,0.2428,0,0,0,0,1920,0,genuine,
eb6c3709-4bbc-4f86-85fd-a4ba73b983bf,2026-09-11T12:48:01.702770,RewardDesk,rewarddesk@demo,9055.8,4.6365,1,6,59,0.9422,2,0,3,0,77,1,old_fraud,
2cb3ae1f-997e-4b63-a62f-4dc757008193,2026-09-12T12:02:01.628042,RewardDesk,rewarddesk@demo,5721.55,1.9428,0,0,7,0.506,0,0,0,0,1613,0,genuine,
73497739-f82d-401a-af2e-b60c4ead17f8,2026-09-12T02:03:01.753980,Neha,neha@demo,1706.5,1.8512,0,2,14,0.2321,0,0,1,0,807,0,genuine,
443a6265-8baa-41ae-8e07-8ff8f8c8bec6,2026-09-10T15:04:01.701644,Neha,neha@demo,1738.75,0.2082,0,1,2,0.2898,0,0,0,0,994,0,genuine,
98b3af4c-ee8b-4449-a796-c006f057d6ff,2026-09-09T18:20:01.551513,Rahul,rahul@demo,704.7,0.4104,0,1,16,0.3154,0,0,0,0,1294,0,genuine,
56bc3172-3d25-47cc-8cb7-3e73b2b77363,2026-09-12T12:07:01.595903,RewardDesk,rewarddesk@demo,1683.47,1.0395,0,0,16,0.4536,0,0,0,0,337,0,genuine,
8e56d34f-3eed-45a3-a555-31b517abdcc7,2026-09-11T18:17:01.611385,RewardDesk,rewarddesk@demo,750.53,0.8914,0,2,6,0.0528,0,0,0,1,1457,0,genuine,
733de6db-cb04-4a13-8758-b074956a9f31,2026-09-11T14:09:01.652052,Neha,neha@demo,454.51,0.3253,0,0,1,0.2642,0,0,1,0,452,0,genuine,
23dd38ee-8c3c-4a2f-b2e0-2e74891073f4,2026-09-09T16:47:01.682905,Rahul,rahul@demo,436.32,1.2311,0,0,10,0.4733,0,0,0,0,621,0,genuine,
73134038-94d0-432e-8b95-25bb2b3aa53e,2026-09-09T23:10:01.757462,Neha,neha@demo,2596.71,0.3146,1,1,15,0.1442,0,0,0,0,1046,0,genuine,
b2c311a8-786a-4b09-910e-f2db87ff4f78,2026-09-10T15:16:01.643499,Rahul,rahul@demo,1157.89,1.7492,0,1,13,0.3141,0,0,0,1,1720,0,genuine,
60f94fd0-9321-4f6e-b6ee-978d52d3d168,2026-09-10T00:33:01.758376,RewardDesk,rewarddesk@demo,1422.18,2.1743,0,2,12,0.2675,0,0,0,0,2303,0,genuine,
98168c77-15b5-4bbf-8fd0-e08a5a666208,2026-09-10T07:54:01.727229,Neha,neha@demo,440.74,0.8293,1,0,8,0.278,0,1,0,0,1988,0,genuine,
a8418144-ef63-476c-9aea-8858fb39d938,2026-09-12T11:03:01.742774,Rahul,rahul@demo,2346.65,1.4763,0,0,17,0.2881,0,0,0,0,175,0,genuine,
c1955043-1508-4237-9d2b-3f4005f90454,2026-09-10T14:48:01.770050,Neha,neha@demo,966.19,0.817,0,0,7,0.3356,0,0,0,0,1742,0,genuine,
3b04e79b-83ab-4854-8d0d-07a598910b63,2026-09-11T00:43:01.632990,Rahul,rahul@demo,742.45,0.7829,0,0,17,0.2575,0,0,1,0,2365,0,genuine,
c867bddb-f694-45b7-99c1-3effd0a5fc1b,2026-09-10T22:09:01.732844,Neha,neha@demo,7732.8,1.1604,0,4,23,0.2699,1,0,0,0,1927,0,genuine,
80aac0ab-3044-4607-a563-ad4d6afb0429,2026-09-09T15:44:01.661708,RewardDesk,rewarddesk@demo,996.29,0.9863,0,1,23,0.3869,0,0,0,0,531,0,genuine,
1cc3dcf1-9161-4fd4-9d38-8a260ae3d0ab,2026-09-09T18:32:01.735884,Rahul,rahul@demo,1383.89,2.1036,0,3,4,0.0508,0,0,0,0,1875,0,genuine,
3e6c8222-b642-4c95-b0ab-a2c19182f4f6,2026-09-11T04:12:01.624092,Rahul,rahul@demo,5973.47,1.3149,0,1,3,0.2551,0,0,0,0,967,0,genuine,
8c1463cf-57c1-4a8c-8df1-fd98aacc31e4,2026-09-12T13:32:01.550792,QuickCash,quickcash@demo,4112.63,0.9103,0,1,11,0.1192,0,0,0,0,636,0,genuine,
76b0be0f-1571-4b10-953c-32238eef56a5,2026-09-12T00:04:01.531760,QuickCash,quickcash@demo,393.98,0.5834,0,1,6,0.3171,0,0,0,0,934,0,genuine,
33a3ffb9-0dfe-4aea-bb09-0763440c93a0,2026-09-11T16:34:01.589728,Rahul,rahul@demo,796.49,0.2147,1,2,14,0.2099,0,0,1,0,1749,0,genuine,
bc513383-622d-4dc0-8b5e-41b40f24dea3,2026-09-10T13:21:01.609471,Neha,neha@demo,1309.45,0.9221,0,1,20,0.2808,0,0,0,0,1555,0,genuine,
57a19d70-6cf2-4ce9-8484-87994ea99c3d,2026-09-11T02:58:01.691494,RewardDesk,rewarddesk@demo,538.36,0.7771,0,4,11,0.3183,0,0,0,0,2406,0,genuine,
01f57df8-49a6-44d3-a663-28772d884e4c,2026-09-12T06:21:01.677452,Rahul,rahul@demo,347.55,1.9858,0,1,5,0.408,0,0,0,0,972,0,genuine,
3707c7c0-2ef2-442b-a0f4-f5bd1f57c198,2026-09-11T16:58:01.651301,QuickCash,quickcash@demo,1245.32,0.972,0,2,19,0.0707,0,0,0,0,905,0,genuine,
f52a393c-0eaf-4a44-846e-8f5fac9065f8,2026-09-11T20:25:01.644530,RewardDesk,rewarddesk@demo,972.73,1.9256,0,1,20,0.1918,0,0,0,1,1739,0,genuine,
e36b29bb-0a0a-4c5a-b25e-d1bd46bde99a,2026-09-11T01:04:01.642817,Rahul,rahul@demo,1239.72,1.9575,0,1,2,0.374,0,0,0,0,2087,0,genuine,
6b612593-77c2-4c1b-ace6-742037f1c462,2026-09-12T06:01:01.781618,RewardDesk,rewarddesk@demo,1429.94,1.3292,0,2,18,0.1875,0,0,0,0,1348,0,genuine,
4ba04547-b73c-40e4-b066-5417414e7e2c,2026-09-09T18:02:01.766095,RewardDesk,rewarddesk@demo,3286.75,1.2325,0,0,14,0.3236,0,0,0,0,397,1,new_mule_fraud,0.9745
f2da1b6f-216b-4e4e-b166-76c30d5ec248,2026-09-10T18:57:01.782545,QuickCash,quickcash@demo,5450.75,0.8007,0,1,19,0.4793,0,0,0,0,2337,0,genuine,
188670ec-fe45-4aca-9dd2-ba8af48c93e0,2026-09-12T08:20:01.700049,RewardDesk,rewarddesk@demo,998.16,0.2446,0,1,15,0.4649,0,0,0,0,1683,0,genuine,
e9c7d7eb-ca9e-4250-b085-8bf1b75d009d,2026-09-10T15:05:01.634554,Rahul,rahul@demo,4699.86,1.2976,1,1,22,0.2903,0,0,0,0,2160,0,genuine,
b8c54a60-98f2-4af6-84e6-d958d2e612de,2026-09-09T14:56:01.645853,QuickCash,quickcash@demo,234.27,0.3359,1,1,20,0.5162,0,0,0,0,1592,0,genuine,
a671aad7-9c50-4430-b062-6fd7b2e1d449,2026-09-10T17:54:01.639238,RewardDesk,rewarddesk@demo,2492.91,1.9987,1,0,22,0.4576,0,0,0,0,886,0,genuine,
6a6a751c-1bdf-458a-ad2b-693467417274,2026-09-10T11:49:01.731992,Rahul,rahul@demo,24592.4,3.46,1,4,62,0.9746,1,1,2,0,40,1,old_fraud,
7d08aa8b-957a-41a4-8283-3c145ee97cd3,2026-09-11T00:59:01.709259,Rahul,rahul@demo,2538.0,0.9923,0,0,12,0.4644,1,0,0,0,1110,0,genuine,
1b772ee1-788f-42cf-89f4-765d1ed40fc3,2026-09-11T04:40:01.565327,Neha,neha@demo,1868.02,1.5389,0,1,10,0.2715,0,1,0,0,1583,0,genuine,
247894ac-811e-4a13-aa8c-87445bfe8e32,2026-09-10T11:56:01.640716,RewardDesk,rewarddesk@demo,462.39,1.2044,0,2,22,0.1637,0,0,0,0,502,0,genuine,
fc143c87-4aa7-4bdc-b02e-fdb23a7aaa69,2026-09-10T04:20:01.758416,RewardDesk,rewarddesk@demo,1634.01,1.104,0,0,20,0.3154,0,0,0,1,776,1,new_mule_fraud,0.9293
6728c00e-6737-4848-b1de-98f396d1d0fb,2026-09-10T19:53:01.575159,QuickCash,quickcash@demo,2817.03,0.3725,0,3,2,0.413,0,0,0,0,678,0,genuine,
64e1572b-c953-4831-9f8c-da6d5bf88542,2026-09-11T03:31:01.743729,Neha,neha@demo,2151.77,2.1448,0,1,5,0.2288,0,0,0,0,2028,0,genuine,
2606fbb2-0f91-4930-b235-b0ee4aa8d93e,2026-09-12T04:33:01.753069,RewardDesk,rewarddesk@demo,2347.98,0.823,0,0,24,0.0574,1,0,1,1,595,0,genuine,
54994045-5cd7-4701-931c-4e453d0a393c,2026-09-11T17:26:01.749176,Rahul,rahul@demo,713.44,1.7152,0,1,1,0.5107,0,0,1,0,2067,0,genuine,
0052670c-39bb-4a5f-8403-8ecc4ca424b5,2026-09-11T07:25:01.689003,RewardDesk,rewarddesk@demo,1590.99,0.9718,1,0,17,0.2263,0,0,0,0,359,1,new_mule_fraud,0.862
55af4f35-c721-4709-be8e-d44a29f29fc0,2026-09-12T00:01:01.770625,RewardDesk,rewarddesk@demo,143.94,1.4956,0,0,11,0.2299,0,1,0,0,660,0,genuine,
65e504cf-2d2b-4ad3-8a3d-e80d91159696,2026-09-12T03:11:01.751892,Neha,neha@demo,1185.83,1.4642,0,2,21,0.1523,1,0,0,0,1780,0,genuine,
d1343534-9f4a-4387-a7f5-810d484a7473,2026-09-10T05:46:01.659706,Neha,neha@demo,2339.26,1.3843,1,0,23,0.1951,0,0,0,0,1081,0,genuine,
930dfb4b-34f8-4e39-b7e2-407e37b302ea,2026-09-12T10:26:01.721473,Neha,neha@demo,653.19,1.0599,0,0,15,0.4821,0,0,0,1,1542,0,genuine,
9006394d-864e-4df0-bf3a-891e982953ec,2026-09-11T05:35:01.694306,Rahul,rahul@demo,1461.42,0.4968,0,1,12,0.3052,0,0,0,0,1285,0,genuine,
bfbdf061-6ae0-42c5-90ba-f7d599561eae,2026-09-12T13:23:01.622763,Neha,neha@demo,2646.03,1.2768,0,0,15,0.1227,0,0,0,0,367,1,new_mule_fraud,0.9944
21506b0b-b5d3-413a-9643-6410ee72ae56,2026-09-10T18:33:01.674122,RewardDesk,rewarddesk@demo,2891.17,1.1981,0,2,20,0.0738,0,1,0,0,1516,0,genuine,
f4b6c62f-571c-4afb-aafa-281fc4eb6161,2026-09-12T11:37:01.597843,RewardDesk,rewarddesk@demo,3030.44,1.4906,0,1,24,0.2201,0,0,0,0,541,1,new_mule_fraud,0.9578
b939c1a8-d6e6-4b2b-9075-5e8a78380154,2026-09-09T18:50:01.659602,RewardDesk,rewarddesk@demo,238.84,1.1964,0,1,24,0.0991,0,0,0,0,491,0,genuine,
3273e241-eb24-4d31-b718-d7892694eba2,2026-09-10T07:05:01.696669,QuickCash,quickcash@demo,2009.82,0.5019,0,2,14,0.3305,0,0,0,0,523,0,genuine,
58ea94fa-3673-43c3-8eb1-ab4a30f2af1b,2026-09-10T17:04:01.626183,Rahul,rahul@demo,1017.67,0.5811,0,3,21,0.5335,0,0,1,1,567,0,genuine,
3f40b3d4-0a57-4c0a-a391-95787292ba8e,2026-09-09T14:06:01.690485,Rahul,rahul@demo,1478.53,0.9778,0,0,4,0.2416,0,0,0,0,950,0,genuine,
8bc7e384-b0a6-4c4e-82c8-10c0b785c1df,2026-09-11T04:32:01.557047,Neha,neha@demo,1871.33,0.3513,0,1,12,0.1292,0,0,0,0,2416,0,genuine,
97cd6ef6-41e5-4737-937f-ed62ff23ee94,2026-09-10T16:38:01.748727,QuickCash,quickcash@demo,907.3,1.2756,1,1,7,0.2531,0,0,1,1,216,0,genuine,
24043fc7-cffd-4c55-9fc4-2b51fd4e7cea,2026-09-12T08:37:01.783027,RewardDesk,rewarddesk@demo,2158.07,0.5358,0,0,23,0.1929,0,0,0,0,655,1,new_mule_fraud,0.999
db703c5b-c37c-4cda-b98b-4f59b8b65caa,2026-09-09T23:25:01.610447,Rahul,rahul@demo,1321.96,1.208,0,4,19,0.31,0,0,0,0,2213,0,genuine,
95bf04aa-4ea2-48f8-9b79-8ce8251542f8,2026-09-10T10:05:01.648536,RewardDesk,rewarddesk@demo,1219.02,0.6402,0,1,9,0.1294,0,0,0,0,618,1,new_mule_fraud,0.9064
96db8bf0-36cc-46b3-b102-3bda4052a592,2026-09-11T15:47:01.539365,QuickCash,quickcash@demo,2701.06,1.0421,0,0,13,0.4661,0,0,0,0,1814,0,genuine,
164d9d58-0c8a-4529-bc43-36d9b7b865b2,2026-09-12T07:41:01.603542,RewardDesk,rewarddesk@demo,1607.27,1.9017,0,3,24,0.3548,0,0,0,0,2358,0,genuine,
6cbee922-e00e-4b7b-8526-5f513d851340,2026-09-12T11:06:01.652950,Rahul,rahul@demo,4287.86,0.4157,0,2,20,0.2251,0,1,0,1,2414,0,genuine,
ac9152b8-c252-4700-9bcd-164b61a9000f,2026-09-11T13:39:01.735097,RewardDesk,rewarddesk@demo,2543.25,0.6966,1,1,10,0.226,0,0,0,1,1138,1,new_mule_fraud,0.9533
64ffaf58-7369-430a-aa14-a568fa3e58c6,2026-09-11T07:44:01.657130,Neha,neha@demo,947.58,1.5065,0,1,19,0.1798,0,0,0,0,487,0,genuine,
847b30bc-40f6-468d-8cce-0ea8d184b047,2026-09-09T16:43:01.746627,Neha,neha@demo,3551.55,0.8966,0,0,12,0.3793,0,0,0,0,1824,0,genuine,
7759b30f-ec70-4e2f-a319-2e93c5634c2c,2026-09-11T06:25:01.667956,Rahul,rahul@demo,655.48,1.456,1,1,14,0.4055,0,0,0,0,1901,0,genuine,
fa148d0b-4e77-48d0-b0b7-6c917fc16ccd,2026-09-12T05:11:01.768869,Rahul,rahul@demo,551.7,0.6027,0,1,8,0.5145,1,0,0,0,177,0,genuine,
fa4a30ae-b1c7-4b5d-b132-02c000d4b97c,2026-09-12T13:39:01.621820,Rahul,rahul@demo,1434.05,0.2254,0,2,21,0.5096,0,0,0,0,949,0,genuine,
6b0afa7f-603a-4342-8b97-640d8ba0c1ee,2026-09-11T16:39:01.727474,Neha,neha@demo,3605.01,1.6386,0,0,18,0.1978,0,0,0,0,1725,0,genuine,
77567bba-daa9-46e5-9ef3-fd9e358d7104,2026-09-11T00:46:01.714205,Rahul,rahul@demo,1959.14,1.8673,0,0,21,0.5019,0,1,0,0,931,0,genuine,
91c99ffb-7898-4150-8e53-9ed51656893d,2026-09-10T20:42:01.775694,RewardDesk,rewarddesk@demo,3405.5,0.5744,0,2,1,0.5486,0,0,0,0,635,0,genuine,
9cc042d1-c9bd-4e28-bba6-6be9ca6f1bb1,2026-09-12T05:57:01.686557,Neha,neha@demo,2718.22,2.1277,0,3,6,0.2421,0,0,0,0,966,0,genuine,
4e387622-0499-46d7-b524-d6cc9e7d51b6,2026-09-09T16:16:01.687096,Rahul,rahul@demo,891.61,0.8563,0,2,9,0.3675,0,0,0,1,584,0,genuine,
8ddb270f-34a8-4027-9c05-88fae3523688,2026-09-09T17:19:01.666866,Neha,neha@demo,478.51,1.9565,0,1,9,0.1818,0,0,0,0,1879,0,genuine,
ab52a839-1053-44ac-876b-4069057c9a42,2026-09-11T13:13:01.739046,Neha,neha@demo,523.32,1.2378,0,1,12,0.3803,0,1,0,1,972,0,genuine,
b2f4c717-10bf-4188-bb9a-1c1442533a98,2026-09-10T22:14:01.651749,Rahul,rahul@demo,11850.09,2.6471,1,4,48,0.7454,4,0,2,1,73,1,old_fraud,
c155c1fb-a60b-4ed9-9880-2a3a53d9705e,2026-09-10T02:02:01.572184,Neha,neha@demo,595.47,2.1118,1,0,1,0.2871,0,0,1,0,631,0,genuine,
78f3e90b-726b-4280-85f6-93e64e4556d8,2026-09-10T05:58:01.674523,QuickCash,quickcash@demo,1905.73,0.3101,0,0,17,0.4078,0,0,0,0,1639,1,new_mule_fraud,0.8797
c8e00adf-e1c4-496e-9725-90f6628a042a,2026-09-11T20:32:01.620992,RewardDesk,rewarddesk@demo,1970.28,0.9552,0,1,15,0.4433,0,1,0,0,488,1,new_mule_fraud,0.958
251d67e0-3cdc-4409-ba28-8a27e4d651c5,2026-09-10T08:08:01.630378,RewardDesk,rewarddesk@demo,549.28,1.979,0,2,9,0.1507,0,0,0,0,286,0,genuine,
0f570b1b-4f9d-4104-bf7b-3749d4fe0796,2026-09-10T16:25:01.673601,RewardDesk,rewarddesk@demo,1027.84,0.986,0,0,9,0.4691,0,0,0,0,1516,1,new_mule_fraud,0.972
f52df1be-e9b2-4605-8641-cf9ae69b4eb2,2026-09-09T16:49:01.712642,Rahul,rahul@demo,1887.38,1.1783,0,1,3,0.4315,0,0,0,0,184,0,genuine,
e2fb3e48-9c60-435c-b30e-384f246278bb,2026-09-10T22:27:01.639788,Rahul,rahul@demo,27654.18,5.2115,1,6,55,0.7182,4,0,2,0,150,1,old_fraud,
e8610c27-44bf-421d-9967-0405e0e5b50b,2026-09-10T01:52:01.699816,Rahul,rahul@demo,1922.72,1.6602,0,0,7,0.0624,0,0,0,0,660,0,genuine,
a922aee7-d7b2-4e00-8a57-f006da48c0e5,2026-09-12T06:18:01.623622,Neha,neha@demo,2088.01,1.7989,0,0,17,0.2457,0,0,0,0,1525,0,genuine,
980b84a9-4e86-478b-919b-4697f423e5e1,2026-09-09T13:38:01.661873,RewardDesk,rewarddesk@demo,1602.2,0.5383,0,2,12,0.5124,0,1,1,0,1726,0,genuine,
d4b690b5-d13e-4e64-a8bc-9c3802749868,2026-09-11T03:54:01.652133,RewardDesk,rewarddesk@demo,937.41,0.9522,1,0,16,0.4846,0,0,0,0,820,1,new_mule_fraud,0.8798
6bd84b01-d4f4-43dc-8c5b-63747bf5709a,2026-09-10T18:35:01.564694,QuickCash,quickcash@demo,1540.12,0.8689,0,3,5,0.4483,0,1,0,0,735,0,genuine,
b2c40790-93d3-4aac-8693-290cd8462d10,2026-09-10T21:00:01.688288,QuickCash,quickcash@demo,513.46,1.9049,0,1,6,0.3526,0,1,0,0,308,0,genuine,
0394b63c-69be-4530-815e-92b6ea17a76a,2026-09-09T23:51:01.666707,Rahul,rahul@demo,690.0,1.326,0,5,24,0.541,0,0,0,0,2438,0,genuine,
887f4e50-468e-4573-aa4e-ec6894d87fb0,2026-09-11T14:11:01.618470,Neha,neha@demo,18959.74,2.0958,1,5,39,0.7538,3,1,2,1,67,1,old_fraud,
d7c6dbf4-92b5-4472-a588-4ab130554bf3,2026-09-12T11:14:01.721317,QuickCash,quickcash@demo,2431.1,1.221,0,1,10,0.27,0,0,0,1,363,0,genuine,
bfffd3b8-452f-4323-b3bd-9bf0cd75b817,2026-09-12T10:53:01.746177,RewardDesk,rewarddesk@demo,1169.31,1.4565,1,2,11,0.3006,0,0,0,0,1070,0,genuine,
a0c0f90a-9d4a-42b0-9bab-44bd0e032b4a,2026-09-10T12:53:01.729236,Neha,neha@demo,299.48,1.5009,0,1,23,0.0888,0,0,1,0,2251,0,genuine,
ba0740d9-9950-49c8-83c2-aa3cd68b315e,2026-09-09T13:49:01.678954,Rahul,rahul@demo,2390.69,0.3434,0,1,10,0.2604,0,0,0,0,724,1,new_mule_fraud,0.9701
8355a419-6d78-4761-b807-188395d29ffe,2026-09-11T21:13:01.628418,Neha,neha@demo,2005.3,1.2086,1,2,9,0.1586,1,0,0,0,1864,0,genuine,
8646e483-75ba-41d0-976f-55fe3ca069f5,2026-09-09T14:03:01.619389,Rahul,rahul@demo,626.83,1.246,0,0,19,0.1004,0,0,0,0,2387,0,genuine,
12d83aa3-ef9f-411e-8286-fece32064308,2026-09-10T22:33:01.747473,RewardDesk,rewarddesk@demo,1196.94,0.208,0,1,20,0.3091,0,0,1,0,2216,0,genuine,
d3d8a895-1197-4ccf-801c-8a8170cfc5ab,2026-09-10T23:04:01.622468,Neha,neha@demo,2108.84,0.786,0,1,24,0.4867,0,0,0,0,2484,0,genuine,
9d5c7324-44d9-4f14-bbb0-500ba5174417,2026-09-10T15:20:01.770206,Rahul,rahul@demo,1278.53,1.7813,0,2,20,0.4658,0,1,1,0,1797,0,genuine,
3e842ce2-04e9-44c3-8e6a-6a29bac7bc31,2026-09-11T05:39:01.662548,RewardDesk,rewarddesk@demo,2484.31,0.986,0,0,12,0.3955,0,0,0,0,665,1,new_mule_fraud,0.9701
cc4fe7c7-5aad-4d3f-9de4-22190c025791,2026-09-10T11:55:01.743124,Rahul,rahul@demo,369.6,0.668,0,2,9,0.3139,0,0,0,0,804,0,genuine,
8730c80a-3e6b-44ec-a43b-5cb155507a2f,2026-09-10T02:45:01.570033,Neha,neha@demo,535.16,1.9498,0,0,8,0.0813,0,0,1,0,433,0,genuine,
7e9b4f25-15ca-453c-85a7-988a30c2b5e7,2026-09-12T00:10:01.611512,RewardDesk,rewarddesk@demo,411.54,1.459,0,0,17,0.1103,0,0,0,0,878,0,genuine,
09a1222b-477c-4313-b14a-c40dfb9a9b10,2026-09-10T05:47:01.629185,RewardDesk,rewarddesk@demo,1850.72,0.7351,0,0,19,0.1437,0,0,0,0,1583,1,new_mule_fraud,0.9691
8860ef0e-2e6c-4a45-806f-546043059456,2026-09-09T20:50:01.646725,Neha,neha@demo,1821.21,1.4825,0,1,12,0.362,0,0,0,1,1368,0,genuine,
46df7e76-0617-4d20-a3ac-b10e71ea3415,2026-09-10T05:41:01.662761,QuickCash,quickcash@demo,695.52,1.0101,0,0,12,0.1117,0,0,1,0,1314,0,genuine,
6149cef1-1282-4ce6-9b01-2f8b5354f520,2026-09-12T10:33:01.541006,Neha,neha@demo,2769.73,2.0149,0,0,20,0.1023,0,0,0,0,1105,0,genuine,
f8b20088-dacf-46d7-98cf-04b84546b8fe,2026-09-09T21:22:01.740684,Rahul,rahul@demo,640.08,1.132,0,2,18,0.4787,0,0,0,1,757,0,genuine,
aee27040-1102-4f1c-a8d7-2585aaff2754,2026-09-11T01:28:01.749096,Neha,neha@demo,757.39,0.2706,0,0,22,0.4663,0,0,0,0,408,0,genuine,
72af4de6-a4ba-4fee-b303-1a994e884a36,2026-09-12T12:19:01.766813,RewardDesk,rewarddesk@demo,3726.93,0.7329,0,1,13,0.0869,0,0,1,0,1565,0,genuine,
dab5c80f-d998-4289-a9a5-02728a7ffb79,2026-09-10T11:17:01.769589,Rahul,rahul@demo,794.71,1.4814,0,1,3,0.226,0,1,0,0,631,0,genuine,
baf216a8-f3e5-4482-a28b-20d1887f510d,2026-09-10T22:38:01.657237,QuickCash,quickcash@demo,1787.19,1.8347,0,2,4,0.3469,0,0,0,0,1318,0,genuine,
9145d439-2734-4fcc-92b1-11914935f1ef,2026-09-12T13:52:01.737113,Rahul,rahul@demo,656.25,0.7621,0,1,2,0.3569,0,0,0,0,2324,0,genuine,
55c2b219-5ed4-49ff-8ab5-3c0350ce0df8,2026-09-12T02:53:01.622613,Neha,neha@demo,680.66,0.9648,1,1,15,0.3308,0,0,1,0,2493,0,genuine,
a147a674-567f-4324-9ef9-7761e586257c,2026-09-11T15:36:01.631094,RewardDesk,rewarddesk@demo,359.25,1.3837,0,1,24,0.3487,1,1,1,0,1689,0,genuine,
0468bb08-a659-413a-88f1-5bb5f3047986,2026-09-12T01:50:01.682420,QuickCash,quickcash@demo,308.86,0.5967,1,0,16,0.2926,0,0,0,0,901,0,genuine,
c59aa2c8-4de1-4583-89bc-163cd57c4a93,2026-09-10T12:16:01.774102,QuickCash,quickcash@demo,2063.49,0.8384,1,3,16,0.4069,0,0,0,0,1582,0,genuine,
e92e1019-5df1-496c-971a-f4e9cb8dee23,2026-09-11T14:34:01.704821,QuickCash,quickcash@demo,1216.69,0.9008,0,1,24,0.4411,0,0,0,0,1057,0,genuine,
b9b43086-0971-4689-b590-d2886423f240,2026-09-12T05:07:01.638850,Rahul,rahul@demo,9815.44,1.3457,0,0,1,0.4479,0,0,1,0,1830,0,genuine,
577b537b-d73b-42a7-b50b-49c0a36eebab,2026-09-09T19:44:01.597489,Neha,neha@demo,1370.56,0.6225,0,2,5,0.2712,0,0,1,0,2413,0,genuine,
c91b2ecd-7617-4bda-a035-628d67fd2ce8,2026-09-10T10:37:01.737059,Neha,neha@demo,784.7,2.1739,0,0,16,0.436,0,0,0,0,2357,0,genuine,
2d632a0c-846a-4714-83cb-cccb53758028,2026-09-12T05:39:01.550684,Neha,neha@demo,1367.61,1.6142,0,2,1,0.3002,0,0,0,0,1415,0,genuine,
b89637c1-a25c-479b-bbd3-a9469f198375,2026-09-10T05:04:01.605935,RewardDesk,rewarddesk@demo,2036.09,1.7157,1,1,11,0.1475,1,0,0,0,1030,0,genuine,
ef26671f-2f0e-44be-bf12-6a1fafd8b998,2026-09-09T17:50:01.754397,Neha,neha@demo,2195.69,0.5563,0,2,6,0.0547,0,0,0,1,2270,0,genuine,
28d3d5c6-1640-41b6-beae-518d996ac687,2026-09-10T14:51:01.586643,Rahul,rahul@demo,3971.08,1.3124,0,4,2,0.1224,0,0,0,0,1975,0,genuine,
9fe468e1-313e-45e8-a7b7-dd30dc82c949,2026-09-10T02:29:01.708456,RewardDesk,rewarddesk@demo,3134.66,0.9653,0,0,11,0.361,0,0,0,0,1060,0,genuine,
c3d42953-d971-48fa-a4c0-7df02cf3da30,2026-09-10T23:13:01.763748,QuickCash,quickcash@demo,512.22,0.296,0,5,19,0.285,0,0,0,0,1023,0,genuine,
c177a7bb-837e-409e-b44b-8d26b536cff5,2026-09-11T07:10:01.699087,Rahul,rahul@demo,434.78,1.9454,0,1,5,0.4775,0,1,0,0,2232,0,genuine,
888e47b1-71e3-422d-8ef5-54be841008c0,2026-09-11T14:42:01.729113,RewardDesk,rewarddesk@demo,1650.82,0.4653,0,2,15,0.389,0,0,0,0,590,0,genuine,
655da416-fde1-4302-9def-ba3b7de3070f,2026-09-12T02:28:01.680865,Neha,neha@demo,286.33,1.4283,0,1,14,0.3359,0,0,1,0,2163,0,genuine,
6d1a219e-6996-4f95-a02c-c9e630aa3790,2026-09-11T23:38:01.756524,RewardDesk,rewarddesk@demo,6325.71,0.385,0,0,3,0.1217,0,0,0,0,2284,0,genuine,
239118f3-2002-4236-8071-a0b080466533,2026-09-10T22:22:01.724688,Rahul,rahul@demo,8309.88,2.5237,0,4,44,0.8754,3,1,2,0,240,1,old_fraud,
aa426e16-d63c-4a28-b317-b33a2875d36c,2026-09-10T04:39:01.580075,RewardDesk,rewarddesk@demo,1957.07,1.124,0,1,20,0.2775,0,1,0,0,1506,0,genuine,
989cce84-cd69-43bf-be1a-ac0a1ef958ec,2026-09-10T13:19:01.772294,Rahul,rahul@demo,7732.15,0.3459,0,1,17,0.1052,0,0,0,1,868,0,genuine,
f21b1a07-f7da-4834-9ce4-be28aa90773b,2026-09-09T17:03:01.685079,RewardDesk,rewarddesk@demo,892.17,1.0961,1,0,23,0.1517,0,0,0,0,272,0,genuine,
683dfb26-1721-4d8d-95ab-20f7d0e6da5d,2026-09-09T17:50:01.527517,Neha,neha@demo,1131.17,1.3661,0,1,2,0.3995,0,0,0,0,1329,0,genuine,
613b3f30-9744-49f1-828a-fc50ff2ebb42,2026-09-12T01:55:01.652634,RewardDesk,rewarddesk@demo,428.06,1.2205,1,0,24,0.0642,0,0,0,0,152,0,genuine,
600c3e50-15aa-48e7-b387-6bb1dccd6734,2026-09-12T10:01:01.697611,RewardDesk,rewarddesk@demo,2814.61,1.7716,0,3,18,0.519,0,0,0,0,747,0,genuine,
c7b469c0-1052-4a89-ad47-fb04bd6c57b9,2026-09-11T08:29:01.595978,Rahul,rahul@demo,3048.31,1.1794,0,1,9,0.2234,0,0,0,0,1725,0,genuine,
09ea4c38-7a90-494d-8903-b86d503d2c75,2026-09-11T16:47:01.637496,QuickCash,quickcash@demo,669.32,1.8636,1,1,8,0.3979,0,0,0,0,1141,0,genuine,
626e05d9-8d07-4cf3-a697-a430b5051e89,2026-09-11T17:53:01.729447,RewardDesk,rewarddesk@demo,2712.7,0.3862,0,0,12,0.2462,0,0,0,0,886,1,new_mule_fraud,0.9844
f6844110-9810-40b5-8eb9-783af1684937,2026-09-12T04:01:01.752377,RewardDesk,rewarddesk@demo,1756.44,0.7491,0,1,11,0.1076,0,0,0,0,2070,0,genuine,
fcd9dbb8-4665-4cfb-bbf6-8b15e2ce403c,2026-09-12T13:29:01.636705,Neha,neha@demo,4861.74,1.1781,0,0,21,0.356,0,0,0,0,398,0,genuine,
3fcf3a20-6c07-4480-b7c4-805b1b9b1617,2026-09-09T13:34:01.766760,QuickCash,quickcash@demo,1089.28,0.9089,0,0,23,0.4025,1,0,0,0,2087,0,genuine,
7f3a2629-a020-4a18-80bf-cf3b80ada1b7,2026-09-09T19:45:01.752675,Neha,neha@demo,1222.79,0.2987,0,1,17,0.1482,0,0,0,0,1169,0,genuine,
c3f9912d-8d0a-4b39-abfe-9b82f1099fbc,2026-09-11T12:46:01.718775,Neha,neha@demo,1531.28,2.1945,0,3,4,0.5196,0,0,0,0,1607,0,genuine,
f0836a9d-85ab-4593-aa61-2b77f7ccd8f3,2026-09-11T01:11:01.784228,QuickCash,quickcash@demo,211.08,1.7941,0,0,1,0.1178,0,0,0,0,1212,0,genuine,
356b99a3-d364-4162-8ae8-abf0d521959f,2026-09-11T14:12:01.653396,Neha,neha@demo,31359.21,4.6836,1,4,61,0.8563,2,1,1,1,136,1,old_fraud,
55c6ef45-33e4-4c6e-8b3c-198d393da50c,2026-09-10T06:27:01.765440,RewardDesk,rewarddesk@demo,1575.53,0.4025,0,1,21,0.1527,0,0,1,0,972,0,genuine,
2d3d78ee-8246-4ae3-be04-155155d581bd,2026-09-10T15:23:01.691282,RewardDesk,rewarddesk@demo,1211.52,0.8244,1,1,5,0.3797,0,0,0,0,1424,1,new_mule_fraud,0.8564
5e80d440-480e-4473-b8d8-11f22ef10009,2026-09-10T21:09:01.736814,Neha,neha@demo,5937.34,1.462,0,1,13,0.3269,0,0,1,0,399,0,genuine,
eca04e82-7ae7-41cf-a39c-e8e9cfc42b56,2026-09-11T01:06:01.562856,RewardDesk,rewarddesk@demo,3238.77,1.7927,0,1,17,0.2843,0,0,0,0,1760,0,genuine,
1747b0b8-d682-4c4c-a6b1-0a9edb723ff5,2026-09-11T12:10:01.710732,QuickCash,quickcash@demo,1777.17,1.6462,0,1,19,0.2113,0,0,0,0,536,0,genuine,
1feabad2-9e76-4507-9fa7-a4aaca4fb5a2,2026-09-12T09:02:01.755611,RewardDesk,rewarddesk@demo,2596.7,1.8717,0,2,11,0.1255,0,0,0,0,1305,0,genuine,
5fc3a167-b4a5-4b85-ae52-af1a6ef76c3d,2026-09-10T18:17:01.543353,QuickCash,quickcash@demo,458.94,0.465,0,1,3,0.53,0,0,0,0,827,0,genuine,
0d90298f-2d63-453c-b53f-2a805accd820,2026-09-10T01:48:01.601880,Neha,neha@demo,1370.73,1.6004,0,2,19,0.5102,0,0,0,1,949,0,genuine,
6a35b0c2-7a5c-46d4-82a8-d239ea52faac,2026-09-10T11:32:01.758023,Rahul,rahul@demo,1435.07,1.2434,0,3,2,0.5022,0,0,0,0,1614,0,genuine,
6d31f613-7c0c-409f-a235-67fae5c38831,2026-09-10T22:47:01.730147,RewardDesk,rewarddesk@demo,844.11,1.002,0,1,19,0.4662,0,0,0,0,293,0,genuine,
14f5f1cb-185a-4fb3-85d3-c3c50c3b388b,2026-09-10T18:39:01.752960,Rahul,rahul@demo,698.02,1.6577,1,0,19,0.1606,0,1,0,0,585,0,genuine,
2a33442f-cb13-4aaa-b378-14cba88d739a,2026-09-09T22:39:01.733752,RewardDesk,rewarddesk@demo,1498.32,0.9519,1,1,7,0.3546,0,0,0,0,1624,1,new_mule_fraud,0.9918
43ed37cb-93d8-4507-8329-79bd5c0f9f72,2026-09-09T18:50:01.682329,RewardDesk,rewarddesk@demo,2525.67,2.172,0,0,14,0.5233,0,0,0,0,996,0,genuine,
60003215-cb6f-4119-8a4d-0884ab1d02ce,2026-09-10T09:35:01.609965,RewardDesk,rewarddesk@demo,2987.9,1.135,0,0,9,0.4532,0,0,0,0,1482,1,new_mule_fraud,0.9638
9100829b-fc6d-48b9-b060-78855bce720b,2026-09-11T09:36:01.556797,Neha,neha@demo,739.77,1.2675,0,0,4,0.3396,0,0,0,0,2084,0,genuine,
9f1b5d63-37b3-4380-a8f5-d76cefeeac40,2026-09-10T10:13:01.756370,Rahul,rahul@demo,3045.29,1.8427,0,0,5,0.4486,0,0,0,1,1381,0,genuine,
854508b4-ee9e-4fad-812f-f32b60f0231a,2026-09-11T00:47:01.727413,Neha,neha@demo,3719.52,2.0394,1,1,11,0.4062,0,0,0,0,435,0,genuine,
78b74f0a-6dbf-45d3-bfd3-d16c8bed779a,2026-09-11T21:26:01.782180,RewardDesk,rewarddesk@demo,1144.1,0.6023,1,0,10,0.3448,0,0,0,0,1773,1,new_mule_fraud,0.9888
31e0652d-5dd0-425a-ba67-d45e8bb56d8a,2026-09-10T06:50:01.541692,Rahul,rahul@demo,1660.3,1.3728,0,3,22,0.3309,0,0,0,0,1318,0,genuine,
bd7d05d7-c3ac-42d9-b399-8a6e3bc0b6c7,2026-09-11T08:06:01.690891,RewardDesk,rewarddesk@demo,162.53,0.795,0,2,7,0.2588,1,1,0,0,176,0,genuine,
055221d0-3249-46d4-ae86-7c5f3f242d9d,2026-09-09T13:56:01.688327,RewardDesk,rewarddesk@demo,1332.15,1.1546,1,0,14,0.3781,0,0,0,0,1321,1,new_mule_fraud,0.9303
e36335fa-16f5-4ef9-9fb2-5560915a7f81,2026-09-11T19:45:01.700756,RewardDesk,rewarddesk@demo,2407.69,1.0869,0,0,7,0.1598,0,0,0,0,950,1,new_mule_fraud,0.9556
f496f4c2-0fab-406f-969e-4f3c67042462,2026-09-11T19:23:01.684518,Neha,neha@demo,1872.48,0.6586,0,0,21,0.1429,0,0,0,0,888,0,genuine,
9347c690-b3f7-40d9-9952-55b24d7ae22d,2026-09-10T06:53:01.661987,Rahul,rahul@demo,740.17,1.1878,1,2,18,0.0557,0,0,0,0,1355,0,genuine,
cea613cb-7832-4b98-8a97-09d798b02827,2026-09-10T12:16:01.654621,Rahul,rahul@demo,761.93,1.1994,0,0,16,0.3301,0,0,0,0,1603,0,genuine,
e0789cc3-34a0-4edb-85a8-a108193b311d,2026-09-10T10:06:01.529534,Neha,neha@demo,2707.02,1.532,0,2,16,0.2537,0,0,0,0,2428,0,genuine,
1808a462-3306-4cb6-a364-ebd0ae0ec9b7,2026-09-09T14:17:01.723892,Neha,neha@demo,1431.87,1.1915,0,3,1,0.1962,0,0,0,0,2290,0,genuine,
f337c2df-5d4e-44f2-9d68-14f8db54f7f1,2026-09-11T19:13:01.715175,QuickCash,quickcash@demo,1829.57,2.1823,0,0,3,0.2151,0,0,0,1,978,0,genuine,
09a346aa-e7ff-4c6b-adf7-7c76f335b59d,2026-09-10T01:14:01.598859,Rahul,rahul@demo,1347.47,1.9098,0,1,22,0.2569,0,0,0,0,732,0,genuine,
7bd1f28f-b278-4a83-b8ba-3734c3be9a2a,2026-09-12T04:26:01.663814,Neha,neha@demo,2967.84,0.2441,0,1,19,0.0512,0,0,0,0,2028,0,genuine,
36abe918-2f8d-4f67-af5e-d22cbff16997,2026-09-10T12:45:01.766601,RewardDesk,rewarddesk@demo,655.52,1.0896,0,1,12,0.1353,0,0,0,0,773,0,genuine,
b267126b-0b5f-42fa-8776-1f85f89764a0,2026-09-11T18:56:01.764318,QuickCash,quickcash@demo,870.45,2.1656,0,0,22,0.5101,0,0,0,0,475,0,genuine,
c8c45aa7-c970-4627-b01e-0594328cf05f,2026-09-11T23:41:01.696033,QuickCash,quickcash@demo,1033.13,1.6764,0,0,1,0.2389,0,0,0,0,579,0,genuine,
42ddd02e-f627-4f07-9a03-e44ec49f3216,2026-09-11T02:06:01.759246,RewardDesk,rewarddesk@demo,3936.24,1.1782,0,1,13,0.4246,0,0,0,0,911,0,genuine,
1d49af6e-fcd9-4ac7-bee1-d726f4079b94,2026-09-11T10:43:01.690996,Rahul,rahul@demo,1181.58,1.0672,0,2,4,0.2717,0,0,0,0,830,0,genuine,
ec563e59-687d-4c8e-a801-3bdb978ab5fd,2026-09-11T00:44:01.674843,Rahul,rahul@demo,1303.25,0.5535,0,2,9,0.5249,0,0,1,1,1368,0,genuine,
ab277b20-e9d4-4463-af91-17a678bac4bc,2026-09-10T09:28:01.780764,RewardDesk,rewarddesk@demo,1031.59,1.5418,0,0,5,0.4547,0,0,0,0,2115,0,genuine,
3cae539f-1a20-4856-bd31-fb0df746e1c6,2026-09-10T03:55:01.782491,RewardDesk,rewarddesk@demo,363.74,1.3798,1,1,9,0.4594,0,0,1,0,2243,0,genuine,
d462fa72-4d8b-48ad-87ac-e6871d9902b5,2026-09-11T19:44:01.678225,RewardDesk,rewarddesk@demo,892.94,0.9034,0,0,16,0.134,0,0,0,0,1655,0,genuine,
422cf20e-be47-4a9a-88f6-8247e2dc1e55,2026-09-11T09:48:01.768258,Rahul,rahul@demo,1945.18,2.0105,0,2,10,0.2518,0,0,1,0,1563,0,genuine,
3f06ab93-a9a5-4806-97dc-639c665c9cb8,2026-09-10T02:34:01.652844,RewardDesk,rewarddesk@demo,8417.56,0.9589,1,0,13,0.3827,0,0,0,0,770,0,genuine,
e6a8a185-1115-4ffa-8eea-6a9f66b41762,2026-09-11T22:49:01.528733,RewardDesk,rewarddesk@demo,855.94,0.9623,0,4,3,0.3157,0,0,0,0,844,0,genuine,
856952f7-3c97-48f5-9622-17c24fd0c2a5,2026-09-11T23:57:01.543097,RewardDesk,rewarddesk@demo,651.35,1.9895,0,0,17,0.223,0,0,0,0,317,0,genuine,
ea0ec019-809c-4851-9d0b-1b08b5c8ce32,2026-09-09T14:14:01.706630,Neha,neha@demo,1427.46,1.7653,0,1,11,0.1916,0,0,0,0,1744,0,genuine,
387e6e67-f90c-4d76-b2ae-bb6dd83f48ad,2026-09-10T06:16:01.757813,QuickCash,quickcash@demo,3195.5,1.9768,0,2,6,0.486,0,0,0,0,1237,0,genuine,
673a07db-b3f8-43be-9b4d-037c0f1760bc,2026-09-09T23:56:01.587766,Neha,neha@demo,2403.58,1.5292,1,1,19,0.2636,0,0,0,0,1134,0,genuine,
e433e66e-83fb-4a08-87a4-5a91bbf3ccc3,2026-09-09T18:42:01.777456,Rahul,rahul@demo,396.94,1.6604,0,0,12,0.1177,0,0,0,0,1878,0,genuine,
7c239396-f80a-4b90-ad7e-db2b991994e4,2026-09-11T23:46:01.535149,Rahul,rahul@demo,1481.62,0.2179,1,1,16,0.3132,0,0,0,0,1869,0,genuine,
31227cec-34bd-4589-b322-744e94befb5b,2026-09-11T23:23:01.530945,Neha,neha@demo,851.48,0.6542,0,2,3,0.3806,0,0,0,0,1033,0,genuine,
cbd8e282-8a5d-4c5d-8415-19ad91207701,2026-09-11T12:09:01.708875,RewardDesk,rewarddesk@demo,2078.63,0.4384,1,1,21,0.1367,0,0,0,1,497,1,new_mule_fraud,0.967
83c581cb-74cc-4d9d-8442-43b1e2083360,2026-09-11T15:39:01.620225,Rahul,rahul@demo,18155.78,2.244,0,7,39,0.6968,3,0,2,1,147,1,old_fraud,
7e5347cb-ac2c-48ca-ab89-b97b9705e466,2026-09-09T21:48:01.575586,Rahul,rahul@demo,961.02,1.2832,0,0,21,0.4653,1,0,0,0,1966,0,genuine,
da08ce68-c2ed-47b5-aaf1-07554b41ec03,2026-09-10T03:43:01.560781,RewardDesk,rewarddesk@demo,1438.78,0.9461,0,0,6,0.1903,0,0,0,0,921,0,genuine,
c14f09db-2460-4d8c-9fde-f20691bbe441,2026-09-12T00:32:01.641662,Rahul,rahul@demo,2046.99,0.8793,0,1,9,0.3778,0,0,0,0,1477,1,new_mule_fraud,0.9023
abfeba15-3ec2-4c43-ba5f-be090e301f6a,2026-09-11T08:10:01.671599,RewardDesk,rewarddesk@demo,3348.33,0.4923,0,0,5,0.4748,0,0,0,0,766,1,new_mule_fraud,0.9797
560452bd-850e-4289-bbbc-8825c91168d9,2026-09-11T03:04:01.567175,RewardDesk,rewarddesk@demo,19306.92,5.2666,1,7,49,0.902,3,1,2,0,192,1,old_fraud,
6c060744-a643-44c0-bc8d-7dc3dcadff47,2026-09-11T05:26:01.570449,Rahul,rahul@demo,4017.59,2.0902,0,1,4,0.3079,0,1,0,0,1064,0,genuine,
e398f7a8-ed48-4972-a01e-074c644c19f5,2026-09-11T02:54:01.761766,Rahul,rahul@demo,685.14,0.4425,0,2,9,0.4152,0,1,0,0,126,0,genuine,
7c9d89c1-228c-4cc1-9967-230fe68d7364,2026-09-10T20:20:01.781193,Neha,neha@demo,1231.77,2.1278,1,1,19,0.4277,0,0,0,0,1313,0,genuine,
2f3c8fbc-7924-4f07-9b27-eb874923154f,2026-09-09T18:19:01.774533,QuickCash,quickcash@demo,3563.04,0.6149,0,1,24,0.1432,0,0,0,0,2022,0,genuine,
2c6e1e45-2e26-47c1-99b0-c74dadae46bd,2026-09-10T23:20:01.763179,Neha,neha@demo,3253.15,1.5359,0,1,18,0.241,0,0,0,0,939,0,genuine,
8abec82d-998d-4449-9edb-84a7249755fe,2026-09-12T06:44:01.572258,Rahul,rahul@demo,4306.99,1.242,0,2,24,0.092,0,0,0,0,2318,0,genuine,
0efcb6f2-73f8-4772-83d4-52949535630e,2026-09-12T05:09:01.590080,Rahul,rahul@demo,2926.6,1.324,0,0,17,0.2131,1,0,0,0,1031,0,genuine,
95da7f5a-44ac-4fe5-80ec-c0d8a8760aac,2026-09-10T05:27:01.615197,RewardDesk,rewarddesk@demo,627.7,2.138,1,1,2,0.3558,0,0,1,1,1409,0,genuine,
98f6ae76-8c63-4db1-9d57-e3ca65485d74,2026-09-11T16:29:01.717699,Neha,neha@demo,930.1,1.9255,1,2,23,0.2487,0,0,1,0,1825,0,genuine,
c6bbc7ff-2b8a-420d-ba2e-f4af8f131c5f,2026-09-11T06:00:01.762220,RewardDesk,rewarddesk@demo,1017.05,1.5093,0,6,24,0.1934,0,0,0,0,2099,0,genuine,
328cabf1-88eb-4c26-af75-53b7f16b8db6,2026-09-10T20:54:01.587127,RewardDesk,rewarddesk@demo,1699.79,0.364,0,1,23,0.1989,0,0,0,0,1783,1,new_mule_fraud,0.8703
8ece4e4f-db50-451d-8088-4b53dab683ea,2026-09-09T19:48:01.642021,Rahul,rahul@demo,356.55,1.5377,0,1,10,0.2369,0,0,0,0,1645,0,genuine,
0ade05f6-48f8-4b52-a0c6-1fddb9fbf673,2026-09-10T12:32:01.643659,Rahul,rahul@demo,1037.59,0.3557,0,0,11,0.1374,0,0,0,0,1342,0,genuine,
6917fbd5-0029-42f4-95d8-83998b75479c,2026-09-10T14:24:01.620486,Neha,neha@demo,598.43,1.4617,0,0,13,0.3377,0,0,0,0,2104,0,genuine,
5c629518-4bef-4781-9a45-96608b45aefd,2026-09-12T06:39:01.643392,Rahul,rahul@demo,1560.58,1.6499,0,2,21,0.3903,0,0,0,0,272,0,genuine,
230ba00c-4b15-4e63-8731-733ea260925e,2026-09-10T06:22:01.642168,Rahul,rahul@demo,832.22,1.3237,0,0,14,0.1984,0,0,0,0,1152,0,genuine,
1602cfd8-c847-4363-9682-45f81cccd2df,2026-09-10T12:07:01.739758,RewardDesk,rewarddesk@demo,651.9,1.1875,1,0,15,0.1906,0,0,0,0,1130,0,genuine,
a90354c8-8a4c-474f-81fb-284be877082b,2026-09-12T11:06:01.554804,Rahul,rahul@demo,805.4,1.721,0,0,10,0.2564,0,0,0,0,2010,0,genuine,
982b8b65-d48b-4984-8c8a-3c4eec5ccb72,2026-09-12T10:41:01.729505,QuickCash,quickcash@demo,257.57,0.975,1,2,2,0.2771,0,0,1,0,1523,0,genuine,
17757e2e-4fa4-4d4f-b911-e0799888efc3,2026-09-09T15:06:01.742229,RewardDesk,rewarddesk@demo,1038.37,1.1577,0,1,15,0.3154,0,0,0,0,1503,1,new_mule_fraud,0.8577
d5c35d54-dcab-490d-9bb5-37fd396655e3,2026-09-09T19:18:01.633346,Neha,neha@demo,1633.86,0.4601,0,3,15,0.3677,0,0,1,0,1488,0,genuine,
a1f38044-f065-4b5b-9a89-75fc72574fd1,2026-09-10T05:41:01.664812,Rahul,rahul@demo,671.8,0.9906,0,2,22,0.1959,0,0,1,0,1468,0,genuine,
df218263-94db-4648-9e5f-aeab6a8be4ef,2026-09-11T12:43:01.620847,Neha,neha@demo,1190.6,1.331,0,3,5,0.2963,0,0,0,0,2466,0,genuine,
175e8881-9b46-4052-a60a-3c915ef3a1ca,2026-09-10T10:52:01.774205,Rahul,rahul@demo,1489.85,1.2282,0,0,15,0.5013,0,0,1,0,2470,0,genuine,
362a2b33-cfc4-4e27-bd0d-51c036953054,2026-09-12T08:38:01.527385,Neha,neha@demo,323.26,0.3743,0,3,7,0.0932,0,1,0,0,944,0,genuine,
fb385d4e-a48f-49c4-a9ed-5299125727c0,2026-09-11T01:04:01.535970,RewardDesk,rewarddesk@demo,4680.78,1.0119,1,2,10,0.1172,0,0,0,0,1831,0,genuine,
d49b44ef-b035-4d83-95c7-322ae1061bbc,2026-09-11T20:10:01.603208,RewardDesk,rewarddesk@demo,1905.81,1.029,0,0,19,0.3039,0,0,0,0,777,1,new_mule_fraud,0.9707
ae338701-b781-4c3f-8a6f-82d6ea266540,2026-09-11T17:32:01.640518,Neha,neha@demo,2924.31,0.9462,0,1,6,0.1898,0,0,0,0,158,0,genuine,
1bb339de-2ad5-46d5-92b0-1521e2d15d87,2026-09-09T13:41:01.749271,Neha,neha@demo,1921.32,1.3002,0,2,8,0.3172,0,0,0,0,1833,0,genuine,
a58b014e-3d6e-4ed0-b51a-6b4097a08f41,2026-09-11T07:13:01.656865,RewardDesk,rewarddesk@demo,1082.3,0.5355,1,1,12,0.2765,0,0,0,0,1376,1,new_mule_fraud,0.907
38826dd1-3ee0-416e-8f2f-cc1ba1265789,2026-09-11T23:31:01.668375,QuickCash,quickcash@demo,1495.91,1.5058,0,1,7,0.353,0,0,0,0,339,0,genuine,
4418c16a-6093-4959-898d-b6e92ff869c2,2026-09-11T03:35:01.658636,Rahul,rahul@demo,1068.2,1.2653,0,0,5,0.255,0,0,0,0,1606,0,genuine,
10c86cf7-697a-4371-abd8-62d27277c362,2026-09-10T02:41:01.691155,RewardDesk,rewarddesk@demo,673.23,0.4944,0,0,3,0.1844,0,0,0,1,845,0,genuine,
7747e08a-4b76-436a-b275-f2c0f66aaff6,2026-09-09T16:40:01.708567,RewardDesk,rewarddesk@demo,2816.72,0.9773,0,2,23,0.3106,0,0,1,1,1264,0,genuine,
d93ad58d-636e-4e3e-9e58-24bf41432a48,2026-09-09T19:21:01.598436,Rahul,rahul@demo,1643.79,0.2798,1,2,8,0.541,0,0,0,0,448,0,genuine,
b23ddd51-a51b-4488-a92b-843156d7670f,2026-09-09T14:47:01.668685,Rahul,rahul@demo,565.87,1.833,1,0,6,0.4839,0,1,0,0,1850,0,genuine,
718b36a9-ed21-47a9-b5ba-279dbd08df53,2026-09-10T22:51:01.592101,Rahul,rahul@demo,1030.31,1.2511,0,2,3,0.1006,0,1,0,0,881,0,genuine,
3de30302-db42-4b8e-ba0a-af71ba0bfea7,2026-09-12T07:07:01.667013,QuickCash,quickcash@demo,777.53,0.8109,1,1,9,0.415,0,0,0,0,526,0,genuine,
6c1fb303-17e5-490d-b292-a16a40159018,2026-09-11T23:22:01.599642,RewardDesk,rewarddesk@demo,2693.21,0.4945,0,0,19,0.4092,0,0,0,0,749,1,new_mule_fraud,0.9912
3e5d0334-c2a9-4d2d-bb12-e48e7d1c39a0,2026-09-10T22:17:01.700570,Neha,neha@demo,692.66,0.345,1,2,4,0.3806,0,0,0,0,1020,0,genuine,
4c204631-8bab-4c73-8aba-e4d9a7df1efb,2026-09-10T19:58:01.723834,Rahul,rahul@demo,1165.74,0.9677,0,2,18,0.4419,1,0,1,0,101,0,genuine,
78d5ca2b-d073-4400-be6f-1aed0cadd88b,2026-09-11T23:38:01.542047,QuickCash,quickcash@demo,3448.33,1.6339,0,0,1,0.1262,0,1,0,1,2012,0,genuine,
e03aa797-7d14-4385-9a7c-146275d048cb,2026-09-12T13:19:01.685027,QuickCash,quickcash@demo,4630.54,1.358,0,0,23,0.4955,0,0,0,0,1004,0,genuine,
3b48a3f7-fda2-47ea-8ce7-9b612d524db3,2026-09-12T00:56:01.750455,Rahul,rahul@demo,1928.27,2.1416,0,0,7,0.2034,0,0,0,1,914,0,genuine,
1294b8d9-01e1-459a-aab0-76b7d101c247,2026-09-09T19:24:01.626103,RewardDesk,rewarddesk@demo,4993.09,1.6583,0,0,11,0.526,0,0,1,0,129,0,genuine,
2a49298c-ef79-4df0-aaab-4da1e4083865,2026-09-10T04:23:01.676326,RewardDesk,rewarddesk@demo,652.65,0.3014,0,1,11,0.4782,0,0,0,0,493,0,genuine,
fb6037ad-ca6a-4ae3-bee5-88e15dbc285b,2026-09-10T18:57:01.645788,Neha,neha@demo,776.82,1.0593,0,1,20,0.3335,0,0,0,0,1725,1,new_mule_fraud,0.9044
77920a83-05d7-43df-8ac7-d83fed17d0bf,2026-09-11T03:02:01.738460,Rahul,rahul@demo,16532.51,3.2625,0,3,39,0.7518,1,0,1,0,248,1,old_fraud,
55a86d47-9b9b-459a-a740-8ffba20c9677,2026-09-11T21:03:01.716138,QuickCash,quickcash@demo,2890.58,0.5702,0,1,18,0.2568,0,0,0,0,572,0,genuine,
3473dccc-e5a8-4a7a-95ec-1988bb55c043,2026-09-12T07:25:01.761573,Neha,neha@demo,2173.8,0.7647,0,2,8,0.5311,0,0,0,0,2406,0,genuine,
0c76be56-48f0-4526-bffe-01da4adf2637,2026-09-10T02:21:01.714713,Neha,neha@demo,344.47,0.9781,0,1,6,0.0551,0,0,0,0,1560,0,genuine,
fdf572f3-c931-4f89-a6c0-5a263a3a47f0,2026-09-12T06:29:01.596721,Rahul,rahul@demo,574.11,1.4971,0,4,21,0.3431,0,0,1,0,2261,0,genuine,
ba885713-79b1-4155-860e-868f7c9ef80b,2026-09-11T13:25:01.714777,Rahul,rahul@demo,2321.31,0.4731,0,1,23,0.071,0,0,0,0,1143,0,genuine,
10d54714-8064-4afb-a458-ffc9681b7e06,2026-09-11T19:20:01.720812,QuickCash,quickcash@demo,352.7,0.5442,0,0,1,0.2106,0,0,0,1,1839,0,genuine,
74f371cf-263c-4c80-8711-f55ca3e5ab81,2026-09-11T12:14:01.660300,Neha,neha@demo,682.12,1.4455,1,1,21,0.2662,0,0,0,0,388,0,genuine,
e6222ebc-657e-47ce-8c4b-6fd1761e35ba,2026-09-11T12:11:01.674949,Rahul,rahul@demo,1386.62,1.7326,0,0,18,0.5196,0,0,0,0,935,0,genuine,
5c4f9f32-7127-483e-8dbf-29af266fb4d9,2026-09-11T10:08:01.716210,RewardDesk,rewarddesk@demo,1062.61,1.0478,0,1,23,0.1081,0,0,0,0,1597,0,genuine,
54221c72-5768-4c8e-9a57-f3545fcbd369,2026-09-12T12:17:01.584325,Neha,neha@demo,1994.58,0.9151,0,2,10,0.241,1,0,0,0,985,0,genuine,
3b09387e-6e4b-48be-8088-e7d7230163ce,2026-09-12T00:27:01.600821,Rahul,rahul@demo,1265.37,2.1885,1,2,23,0.2367,0,0,0,0,1204,0,genuine,
09eec71b-d95d-4454-975f-6bbb14ab6944,2026-09-09T20:10:01.618895,QuickCash,quickcash@demo,2149.31,0.267,0,0,21,0.234,0,1,0,0,2481,0,genuine,
8707c102-1fef-4ce8-8b09-04474a0889fa,2026-09-11T22:11:01.699192,Rahul,rahul@demo,775.03,1.745,1,1,14,0.3202,0,0,0,0,679,0,genuine,
9b790196-3b1c-4bf5-bc50-c4c6871741f5,2026-09-11T05:24:01.616434,RewardDesk,rewarddesk@demo,1480.08,1.3871,0,4,5,0.4908,0,0,1,1,1886,0,genuine,
eef21539-60a5-4280-a2f1-8e7c4579cd88,2026-09-12T05:47:01.640320,Neha,neha@demo,2296.16,0.9761,0,0,23,0.4884,0,0,0,0,1026,0,genuine,
eb3c95b8-3c80-4944-82aa-8ebdd6471a14,2026-09-12T03:26:01.589322,Rahul,rahul@demo,252.26,0.3116,0,1,13,0.1347,0,0,1,0,1180,0,genuine,
ab368298-2386-45df-a83e-972f17d3a757,2026-09-11T11:46:01.682583,QuickCash,quickcash@demo,2389.14,1.8562,0,2,22,0.2503,0,0,0,0,1763,0,genuine,
2a1b7866-b0ae-4dcc-be86-b1877edaf0f6,2026-09-11T14:46:01.651883,Rahul,rahul@demo,921.12,0.4095,1,1,5,0.4623,0,1,0,0,1396,0,genuine,
856da37a-e7ed-4650-9362-10d0264f1544,2026-09-10T06:35:01.629038,Neha,neha@demo,959.25,0.5511,0,0,7,0.5299,0,0,0,0,2010,0,genuine,
1a02d25f-9ea9-4e5c-9879-25a541eb7e8f,2026-09-11T07:18:01.550889,Neha,neha@demo,743.43,1.4188,1,1,20,0.1653,0,0,0,0,1907,0,genuine,
2783cade-7cdc-470b-8606-97d306af9618,2026-09-10T01:56:01.636810,Neha,neha@demo,1806.84,2.1963,0,0,24,0.2308,0,0,1,0,535,0,genuine,
0d5396bf-c672-41c1-bb0d-56e5d04cf63a,2026-09-11T03:28:01.671088,Neha,neha@demo,3872.24,0.5678,1,2,18,0.525,0,0,1,1,916,0,genuine,
01d7719e-9189-4ff8-ad34-f38af207a80a,2026-09-10T17:13:01.530749,RewardDesk,rewarddesk@demo,13922.62,1.8244,0,2,20,0.4121,0,0,0,0,2069,0,genuine,
d4b49934-765f-4ee8-8f8e-2ee437dd9dca,2026-09-11T16:42:01.629352,Neha,neha@demo,2516.17,1.3976,0,0,21,0.1044,0,0,0,0,1431,0,genuine,
bd60bea7-a9e8-48f8-84a2-832d12b0dfbf,2026-09-11T22:08:01.542637,RewardDesk,rewarddesk@demo,450.94,1.2596,0,3,17,0.0882,0,0,0,0,1495,0,genuine,
1b925ad6-8d91-469a-8daf-6a19ef266403,2026-09-10T23:04:01.572553,Neha,neha@demo,1776.25,0.2406,1,0,9,0.4186,0,0,0,0,638,0,genuine,
8264c24e-9197-4175-bc1a-56adb76f6339,2026-09-11T12:58:01.530480,Rahul,rahul@demo,2287.61,1.9231,0,2,17,0.1648,0,0,0,0,105,0,genuine,
1dcf8958-4013-49d7-b8d0-3eb795fdd576,2026-09-09T15:39:01.777880,RewardDesk,rewarddesk@demo,3059.58,0.577,0,2,4,0.1511,0,0,0,0,412,0,genuine,
d93c58bd-e4bd-4170-a6b3-f2f7d466a0c0,2026-09-09T22:21:01.749041,QuickCash,quickcash@demo,1939.46,0.5823,0,0,12,0.4001,0,0,0,0,987,1,new_mule_fraud,0.9105
3755e057-4d32-4369-84af-8fbf60c73ac2,2026-09-11T19:33:01.728620,Neha,neha@demo,670.86,0.5463,0,1,19,0.1161,0,0,0,0,893,0,genuine,
cf6c0284-e151-4176-a993-c2bd3fa8e944,2026-09-11T21:47:01.756072,QuickCash,quickcash@demo,1789.18,1.967,0,1,15,0.0632,0,0,1,0,946,0,genuine,
e6053707-5fae-4e11-85f7-85a6c7c0d7e4,2026-09-11T16:46:01.668318,Rahul,rahul@demo,1271.46,0.8412,0,2,8,0.541,0,0,0,0,1677,0,genuine,
b6089e4c-cbc1-4b63-92d9-75e75b9a3486,2026-09-09T16:42:01.746122,QuickCash,quickcash@demo,1091.78,1.3996,0,4,7,0.2547,0,0,1,0,1963,0,genuine,
da65b3fe-4d3b-4a25-a8c3-03d03e14cd45,2026-09-09T14:00:01.619446,Rahul,rahul@demo,362.67,0.2783,0,0,2,0.2712,0,0,0,0,1783,0,genuine,
9a2c19b3-1291-4f30-8194-56be394cb2d5,2026-09-09T14:29:01.773645,RewardDesk,rewarddesk@demo,866.72,1.2596,0,0,8,0.3477,0,0,0,0,1246,0,genuine,
1fe6be59-c2c0-4944-9a8e-41510db4b8f4,2026-09-09T20:36:01.657552,Rahul,rahul@demo,384.53,0.225,1,5,20,0.2481,0,0,0,0,1439,0,genuine,
8e41edbb-ce38-4e3e-9709-96122ac299f1,2026-09-11T23:50:01.655917,Neha,neha@demo,4208.49,2.1256,0,3,6,0.407,0,0,0,0,1615,0,genuine,
acfa907c-dd15-4349-ac76-7a96ae248717,2026-09-11T14:09:01.744602,Rahul,rahul@demo,4795.58,2.1838,0,1,13,0.298,0,0,0,0,128,0,genuine,
f969301a-87af-40e0-a4c2-a1985e4d204f,2026-09-11T12:15:01.627439,RewardDesk,rewarddesk@demo,3563.88,1.8962,1,4,17,0.2527,0,0,1,0,476,0,genuine,
e19da5f6-bb1a-4ed4-b902-d6f3adad2aac,2026-09-10T20:47:01.736884,Rahul,rahul@demo,293.44,1.0956,0,1,1,0.1615,0,0,1,0,2142,0,genuine,
3f605890-8587-4a68-838d-e7c22cf780f3,2026-09-10T03:42:01.588455,Neha,neha@demo,166.82,0.7897,0,0,5,0.4579,0,1,1,0,2053,0,genuine,
